team,team_id,season,league,h_a,xG,xGA,npxG,npxGA,ppda,ppda_allowed,deep,deep_allowed,scored,missed,xpts,result,date,wins,draws,loses,pts,npxGD
Lille,160,2019,Ligue_1,h,1.20625,0.5183,1.20625,0.5183,"{'att': 218, 'def': 26}","{'att': 271, 'def': 21}",3,2,2,1,1.9595,w,2019-08-11 14:00:00,1,0,0,3,0.6879500000000001
Lille,160,2019,Ligue_1,a,0.293318,1.07254,0.293318,1.07254,"{'att': 236, 'def': 17}","{'att': 233, 'def': 18}",4,5,0,1,0.5151,l,2019-08-17 19:00:00,0,0,1,0,-0.7792220000000001
Lille,160,2019,Ligue_1,h,2.66328,0.79996,1.90318,0.79996,"{'att': 312, 'def': 21}","{'att': 272, 'def': 22}",7,4,3,0,2.5902000000000003,w,2019-08-28 18:00:00,1,0,0,3,1.10322
Lille,160,2019,Ligue_1,a,1.66021,2.00608,0.789024,1.24618,"{'att': 155, 'def': 25}","{'att': 329, 'def': 24}",2,10,0,2,1.0438,l,2019-09-01 14:00:00,0,0,1,0,-0.4571560000000001
Lille,160,2019,Ligue_1,h,1.4409,0.663848,1.4409,0.663848,"{'att': 297, 'def': 18}","{'att': 347, 'def': 24}",2,3,2,1,2.1365,w,2019-09-13 17:00:00,1,0,0,3,0.7770520000000001
Lille,160,2019,Ligue_1,a,1.10925,0.645681,1.10925,0.645681,"{'att': 275, 'def': 23}","{'att': 260, 'def': 16}",6,4,1,1,1.7974,d,2019-09-22 13:00:00,0,1,0,1,0.4635690000000001
Lille,160,2019,Ligue_1,h,3.02158,0.234977,3.02158,0.234977,"{'att': 212, 'def': 24}","{'att': 432, 'def': 12}",4,3,2,0,2.9128,w,2019-09-25 17:00:00,1,0,0,3,2.7866030000000004
Lille,160,2019,Ligue_1,a,1.35573,1.07057,1.35573,1.07057,"{'att': 437, 'def': 31}","{'att': 242, 'def': 23}",7,1,1,1,1.5869,d,2019-09-28 18:00:00,0,1,0,1,0.2851600000000001
Lille,160,2019,Ligue_1,h,2.57207,1.76186,2.57207,1.00176,"{'att': 117, 'def': 21}","{'att': 294, 'def': 17}",7,4,2,2,1.993,d,2019-10-06 14:00:00,0,1,0,1,1.57031
Lille,160,2019,Ligue_1,a,0.717652,2.6316,0.717652,1.11141,"{'att': 149, 'def': 15}","{'att': 283, 'def': 20}",3,4,1,2,0.21150000000000002,l,2019-10-19 19:00:00,0,0,1,0,-0.39375800000000005
Lille,160,2019,Ligue_1,h,1.56674,0.294002,0.806641,0.294002,"{'att': 322, 'def': 36}","{'att': 176, 'def': 22}",8,2,3,0,2.5129,w,2019-10-26 16:30:00,1,0,0,3,0.5126390000000001
Lille,160,2019,Ligue_1,a,0.699055,0.658517,0.699055,0.658517,"{'att': 177, 'def': 22}","{'att': 289, 'def': 27}",4,8,1,2,1.3761,l,2019-11-02 16:30:00,0,0,1,0,0.04053799999999996
Lille,160,2019,Ligue_1,h,1.65806,0.13875,1.65806,0.13875,"{'att': 132, 'def': 32}","{'att': 299, 'def': 15}",6,0,0,0,2.5993,d,2019-11-09 19:00:00,0,1,0,1,1.5193100000000002
Lille,160,2019,Ligue_1,a,0.747212,2.68119,0.747212,2.68119,"{'att': 485, 'def': 29}","{'att': 275, 'def': 18}",4,13,0,2,0.271,l,2019-11-22 19:45:00,0,0,1,0,-1.933978
Lille,160,2019,Ligue_1,h,1.7125,0.640066,0.952607,0.640066,"{'att': 266, 'def': 39}","{'att': 234, 'def': 32}",9,3,1,0,2.2661000000000002,w,2019-11-30 19:00:00,1,0,0,3,0.31254099999999996
Lille,160,2019,Ligue_1,a,0.965168,0.586122,0.965168,0.586122,"{'att': 322, 'def': 19}","{'att': 160, 'def': 31}",3,8,1,0,1.7061000000000002,w,2019-12-03 20:05:00,1,0,0,3,0.379046
Lille,160,2019,Ligue_1,h,2.53737,0.261931,1.77734,0.261931,"{'att': 316, 'def': 25}","{'att': 288, 'def': 16}",6,4,1,0,2.87,w,2019-12-06 18:00:00,1,0,0,3,1.515409
Lille,160,2019,Ligue_1,h,1.93087,1.53329,0.410679,1.53329,"{'att': 206, 'def': 24}","{'att': 172, 'def': 23}",3,1,2,1,1.7215,w,2019-12-13 19:45:00,1,0,0,3,-1.122611
Lille,160,2019,Ligue_1,a,0.64901,3.5594,0.64901,3.5594,"{'att': 152, 'def': 32}","{'att': 243, 'def': 25}",6,10,1,5,0.0569,l,2019-12-21 19:45:00,0,0,1,0,-2.91039
Lille,160,2019,Ligue_1,a,0.586501,1.21606,0.586501,1.21606,"{'att': 143, 'def': 34}","{'att': 280, 'def': 17}",8,6,0,1,0.8088,l,2020-01-12 16:00:00,0,0,1,0,-0.6295589999999999
Lille,160,2019,Ligue_1,h,0.384687,2.0343,0.384687,1.2742,"{'att': 339, 'def': 36}","{'att': 173, 'def': 16}",8,11,0,2,0.2367,l,2020-01-26 20:00:00,0,0,1,0,-0.889513
Lille,160,2019,Ligue_1,a,1.56981,1.05247,0.809718,1.05247,"{'att': 159, 'def': 32}","{'att': 218, 'def': 16}",6,3,2,1,1.8175999999999999,w,2020-02-01 19:00:00,1,0,0,3,-0.24275199999999997
Lille,160,2019,Ligue_1,h,0.948652,0.391231,0.948652,0.391231,"{'att': 269, 'def': 20}","{'att': 220, 'def': 17}",2,0,1,0,1.8648,w,2020-02-04 18:00:00,1,0,0,3,0.557421
Lille,160,2019,Ligue_1,a,1.66344,0.50774,1.66344,0.50774,"{'att': 267, 'def': 32}","{'att': 305, 'def': 15}",1,3,2,0,2.2952000000000004,w,2020-02-07 19:45:00,1,0,0,3,1.1557
Lille,160,2019,Ligue_1,h,1.12417,1.51467,1.12417,0.754575,"{'att': 230, 'def': 23}","{'att': 322, 'def': 24}",2,3,1,2,0.9577,l,2020-02-16 20:00:00,0,0,1,0,0.3695949999999999
Lille,160,2019,Ligue_1,h,2.64354,0.291453,2.64354,0.291453,"{'att': 262, 'def': 19}","{'att': 396, 'def': 18}",9,2,3,0,2.8201,w,2020-02-22 19:00:00,1,0,0,3,2.3520869999999996
Lille,160,2019,Ligue_1,a,2.01916,0.260158,2.01916,0.260158,"{'att': 210, 'def': 27}","{'att': 177, 'def': 21}",4,1,1,0,2.6555999999999997,w,2020-03-01 13:00:00,1,0,0,3,1.7590019999999997
Lille,160,2019,Ligue_1,h,1.35925,1.14245,1.35925,1.14245,"{'att': 304, 'def': 30}","{'att': 175, 'def': 19}",7,6,1,0,1.5357,w,2020-03-08 19:00:00,1,0,0,3,0.2168000000000001
Paris Saint Germain,161,2019,Ligue_1,h,3.61599,0.305387,2.8559,0.305387,"{'att': 138, 'def': 34}","{'att': 475, 'def': 9}",12,3,3,0,2.9539999999999997,w,2019-08-11 20:00:00,1,0,0,3,2.550513
Paris Saint Germain,161,2019,Ligue_1,a,0.844939,1.18588,0.844939,1.18588,"{'att': 230, 'def': 28}","{'att': 360, 'def': 19}",5,5,1,2,1.0390000000000001,l,2019-08-18 20:00:00,0,0,1,0,-0.34094100000000005
Paris Saint Germain,161,2019,Ligue_1,h,4.70776,0.699812,3.94766,0.699812,"{'att': 151, 'def': 34}","{'att': 331, 'def': 12}",12,0,4,0,2.9701000000000004,w,2019-08-25 20:00:00,1,0,0,3,3.247848
Paris Saint Germain,161,2019,Ligue_1,a,2.01186,0.360572,1.25176,0.360572,"{'att': 151, 'def': 32}","{'att': 495, 'def': 27}",5,1,2,0,2.6536,w,2019-08-30 19:45:00,1,0,0,3,0.891188
Paris Saint Germain,161,2019,Ligue_1,h,0.839304,0.561424,0.839304,0.561424,"{'att': 232, 'def': 35}","{'att': 304, 'def': 16}",13,2,1,0,1.5546,w,2019-09-14 15:30:00,1,0,0,3,0.27788
Paris Saint Germain,161,2019,Ligue_1,a,1.25713,0.373068,1.25713,0.373068,"{'att': 284, 'def': 36}","{'att': 365, 'def': 17}",15,1,1,0,2.1076,w,2019-09-22 19:00:00,1,0,0,3,0.8840620000000001
Paris Saint Germain,161,2019,Ligue_1,h,0.530839,1.17459,0.530839,1.17459,"{'att': 147, 'def': 24}","{'att': 425, 'def': 21}",4,2,0,2,0.7562,l,2019-09-25 19:00:00,0,0,1,0,-0.6437510000000001
Paris Saint Germain,161,2019,Ligue_1,a,2.83454,0.104666,2.83454,0.104666,"{'att': 232, 'def': 39}","{'att': 365, 'def': 15}",22,0,1,0,2.9262,w,2019-09-28 15:30:00,1,0,0,3,2.729874
Paris Saint Germain,161,2019,Ligue_1,h,3.35081,0.488442,3.35081,0.488442,"{'att': 187, 'def': 24}","{'att': 572, 'def': 16}",17,4,4,0,2.8919,w,2019-10-05 16:30:00,1,0,0,3,2.862368
Paris Saint Germain,161,2019,Ligue_1,a,3.38134,0.730506,3.38134,0.730506,"{'att': 235, 'def': 31}","{'att': 347, 'def': 26}",12,5,4,1,2.8522999999999996,w,2019-10-18 19:45:00,1,0,0,3,2.6508339999999997
Paris Saint Germain,161,2019,Ligue_1,h,3.22926,0.544773,3.22926,0.544773,"{'att': 209, 'def': 27}","{'att': 481, 'def': 29}",11,4,4,0,2.8961,w,2019-10-27 20:00:00,1,0,0,3,2.684487
Paris Saint Germain,161,2019,Ligue_1,a,3.04569,0.822624,3.04569,0.822624,"{'att': 172, 'def': 16}","{'att': 398, 'def': 21}",13,6,1,2,2.6799,l,2019-11-01 19:45:00,0,0,1,0,2.223066
Paris Saint Germain,161,2019,Ligue_1,a,2.54466,1.13488,2.54466,1.13488,"{'att': 244, 'def': 26}","{'att': 373, 'def': 37}",11,7,2,1,2.3274,w,2019-11-09 16:30:00,1,0,0,3,1.4097799999999998
Paris Saint Germain,161,2019,Ligue_1,h,2.68119,0.747212,2.68119,0.747212,"{'att': 275, 'def': 18}","{'att': 485, 'def': 29}",13,4,2,0,2.6116,w,2019-11-22 19:45:00,1,0,0,3,1.933978
Paris Saint Germain,161,2019,Ligue_1,h,2.04225,0.471802,1.28216,0.471802,"{'att': 209, 'def': 30}","{'att': 477, 'def': 35}",8,4,2,0,2.5912999999999995,w,2019-12-04 20:05:00,1,0,0,3,0.8103579999999999
Paris Saint Germain,161,2019,Ligue_1,a,0.782463,0.447142,0.782463,0.447142,"{'att': 95, 'def': 24}","{'att': 285, 'def': 28}",7,3,3,1,1.6144,w,2019-12-07 16:30:00,1,0,0,3,0.33532100000000004
Paris Saint Germain,161,2019,Ligue_1,a,3.60638,0.96128,2.84635,0.96128,"{'att': 176, 'def': 34}","{'att': 396, 'def': 19}",17,2,4,0,2.7754999999999996,w,2019-12-15 20:00:00,1,0,0,3,1.8850700000000002
Paris Saint Germain,161,2019,Ligue_1,h,4.8635,0.350562,4.8635,0.350562,"{'att': 202, 'def': 35}","{'att': 475, 'def': 17}",19,3,4,1,2.9822,w,2019-12-21 19:45:00,1,0,0,3,4.512938
Paris Saint Germain,161,2019,Ligue_1,h,2.76333,1.91876,2.00324,1.91876,"{'att': 219, 'def': 32}","{'att': 388, 'def': 18}",15,9,3,3,1.951,d,2020-01-12 20:00:00,0,1,0,1,0.08447999999999989
Paris Saint Germain,161,2019,Ligue_1,a,3.55816,1.13704,2.79806,1.13704,"{'att': 240, 'def': 13}","{'att': 366, 'def': 27}",7,6,4,1,2.7428,w,2020-01-15 20:00:00,1,0,0,3,1.66102
Paris Saint Germain,161,2019,Ligue_1,a,2.0343,0.384687,1.2742,0.384687,"{'att': 173, 'def': 16}","{'att': 339, 'def': 36}",11,8,2,0,2.6277,w,2020-01-26 20:00:00,1,0,0,3,0.889513
Paris Saint Germain,161,2019,Ligue_1,h,2.89333,0.163578,2.89333,0.163578,"{'att': 179, 'def': 31}","{'att': 279, 'def': 11}",19,2,5,0,2.8862,w,2020-02-01 16:30:00,1,0,0,3,2.7297520000000004
Paris Saint Germain,161,2019,Ligue_1,a,3.65633,2.78308,3.65633,2.78308,"{'att': 201, 'def': 35}","{'att': 449, 'def': 12}",15,7,2,1,1.8898000000000001,w,2020-02-04 20:05:00,1,0,0,3,0.8732500000000001
Paris Saint Germain,161,2019,Ligue_1,h,1.7391,0.874372,1.7391,0.874372,"{'att': 188, 'def': 29}","{'att': 490, 'def': 23}",8,2,4,2,2.0221,w,2020-02-09 20:05:00,1,0,0,3,0.864728
Paris Saint Germain,161,2019,Ligue_1,a,3.45174,1.51396,3.45174,1.51396,"{'att': 152, 'def': 31}","{'att': 503, 'def': 36}",7,6,4,4,2.5208,d,2020-02-15 16:30:00,0,1,0,1,1.93778
Paris Saint Germain,161,2019,Ligue_1,h,5.58145,1.89123,5.58145,1.89123,"{'att': 133, 'def': 29}","{'att': 372, 'def': 34}",15,2,4,3,2.8791,w,2020-02-23 20:00:00,1,0,0,3,3.69022
Paris Saint Germain,161,2019,Ligue_1,h,4.57141,0.303667,4.57141,0.303667,"{'att': 226, 'def': 24}","{'att': 545, 'def': 16}",11,2,4,0,2.976,w,2020-02-29 16:30:00,1,0,0,3,4.267743
Rennes,163,2019,Ligue_1,a,1.17033,2.56158,1.17033,1.80149,"{'att': 225, 'def': 22}","{'att': 256, 'def': 29}",2,11,1,0,0.4745,w,2019-08-10 19:00:00,1,0,0,3,-0.6311599999999999
Rennes,163,2019,Ligue_1,h,1.18588,0.844939,1.18588,0.844939,"{'att': 360, 'def': 19}","{'att': 230, 'def': 28}",5,5,2,1,1.6477,w,2019-08-18 20:00:00,1,0,0,3,0.34094100000000005
Rennes,163,2019,Ligue_1,a,0.496085,1.62131,0.496085,0.861212,"{'att': 206, 'def': 24}","{'att': 262, 'def': 26}",2,6,2,0,0.4273,w,2019-08-25 16:00:00,1,0,0,3,-0.365127
Rennes,163,2019,Ligue_1,h,0.592177,1.68646,0.592177,0.926364,"{'att': 321, 'def': 23}","{'att': 202, 'def': 23}",1,1,1,2,0.44699999999999995,l,2019-09-01 14:00:00,0,0,1,0,-0.334187
Rennes,163,2019,Ligue_1,a,0.424593,0.388148,0.424593,0.388148,"{'att': 254, 'def': 22}","{'att': 270, 'def': 17}",1,7,0,0,1.2839,d,2019-09-14 18:00:00,0,1,0,1,0.036445000000000005
Rennes,163,2019,Ligue_1,h,0.645681,1.10925,0.645681,1.10925,"{'att': 260, 'def': 16}","{'att': 275, 'def': 23}",4,6,1,1,0.877,d,2019-09-22 13:00:00,0,1,0,1,-0.4635690000000001
Rennes,163,2019,Ligue_1,a,1.05701,1.42973,0.296919,0.669636,"{'att': 199, 'def': 20}","{'att': 281, 'def': 27}",5,5,0,1,0.9557,l,2019-09-25 17:00:00,0,0,1,0,-0.372717
Rennes,163,2019,Ligue_1,a,0.682156,0.674547,0.682156,0.674547,"{'att': 274, 'def': 27}","{'att': 257, 'def': 35}",6,6,1,1,1.2926,d,2019-09-29 19:00:00,0,1,0,1,0.007608999999999977
Rennes,163,2019,Ligue_1,h,1.01154,1.89057,1.01154,1.89057,"{'att': 155, 'def': 36}","{'att': 274, 'def': 20}",5,6,0,1,0.7461,l,2019-10-06 16:00:00,0,0,1,0,-0.87903
Rennes,163,2019,Ligue_1,a,1.32184,1.72675,1.32184,1.72675,"{'att': 291, 'def': 20}","{'att': 206, 'def': 19}",1,13,2,3,0.9979,l,2019-10-20 16:00:00,0,0,1,0,-0.4049100000000001
Rennes,163,2019,Ligue_1,h,2.20537,0.98473,2.20537,0.98473,"{'att': 121, 'def': 21}","{'att': 166, 'def': 30}",5,3,3,2,2.2836,w,2019-10-27 14:00:00,1,0,0,3,1.22064
Rennes,163,2019,Ligue_1,h,3.40531,0.473376,2.64522,0.473376,"{'att': 253, 'def': 20}","{'att': 207, 'def': 24}",6,5,3,1,2.929,w,2019-11-10 14:00:00,1,0,0,3,2.171844
Rennes,163,2019,Ligue_1,a,0.672553,0.614922,0.672553,0.614922,"{'att': 332, 'def': 23}","{'att': 250, 'def': 29}",6,4,1,2,1.3692,l,2019-11-23 19:00:00,0,0,1,0,0.05763099999999999
Rennes,163,2019,Ligue_1,h,1.48946,0.681836,1.48946,0.681836,"{'att': 227, 'def': 31}","{'att': 273, 'def': 28}",4,1,2,1,2.0512,w,2019-12-01 16:00:00,1,0,0,3,0.807624
Rennes,163,2019,Ligue_1,a,1.13014,0.732116,1.13014,0.732116,"{'att': 295, 'def': 21}","{'att': 227, 'def': 22}",4,7,1,0,1.7456,w,2019-12-04 18:00:00,1,0,0,3,0.39802399999999993
Rennes,163,2019,Ligue_1,h,1.28615,0.929726,1.28615,0.929726,"{'att': 354, 'def': 24}","{'att': 291, 'def': 27}",6,2,2,1,1.6572999999999998,w,2019-12-07 19:00:00,1,0,0,3,0.35642399999999985
Rennes,163,2019,Ligue_1,a,0.939364,0.529236,0.939364,0.529236,"{'att': 305, 'def': 24}","{'att': 249, 'def': 27}",4,3,1,0,1.683,w,2019-12-15 16:00:00,1,0,0,3,0.41012799999999994
Rennes,163,2019,Ligue_1,h,1.07897,0.540713,1.07897,0.540713,"{'att': 285, 'def': 27}","{'att': 208, 'def': 37}",7,3,1,0,1.8613,w,2019-12-21 19:45:00,1,0,0,3,0.538257
Rennes,163,2019,Ligue_1,h,0.494628,0.831327,0.494628,0.831327,"{'att': 182, 'def': 28}","{'att': 226, 'def': 31}",1,0,0,1,0.9141,l,2020-01-10 19:45:00,0,0,1,0,-0.336699
Rennes,163,2019,Ligue_1,a,0.666492,0.190223,0.666492,0.190223,"{'att': 177, 'def': 22}","{'att': 149, 'def': 36}",2,4,1,0,1.8213,w,2020-01-15 18:00:00,1,0,0,3,0.47626899999999994
Rennes,163,2019,Ligue_1,a,2.01285,2.04075,2.01285,2.04075,"{'att': 311, 'def': 27}","{'att': 219, 'def': 28}",11,4,1,1,1.36,d,2020-01-24 19:00:00,0,1,0,1,-0.027900000000000258
Rennes,163,2019,Ligue_1,h,2.21888,0.876406,1.32365,0.876406,"{'att': 194, 'def': 32}","{'att': 300, 'def': 24}",5,3,3,2,2.4686,w,2020-01-31 18:00:00,1,0,0,3,0.447244
Rennes,163,2019,Ligue_1,a,0.391231,0.948652,0.391231,0.948652,"{'att': 220, 'def': 17}","{'att': 269, 'def': 20}",0,2,0,1,0.7698,l,2020-02-04 18:00:00,0,0,1,0,-0.557421
Rennes,163,2019,Ligue_1,h,0.829419,0.39852,0.829419,0.39852,"{'att': 226, 'def': 27}","{'att': 328, 'def': 24}",6,4,0,0,1.7261,d,2020-02-08 19:00:00,0,1,0,1,0.43089900000000003
Rennes,163,2019,Ligue_1,a,0.137662,1.29988,0.137662,0.539786,"{'att': 327, 'def': 23}","{'att': 261, 'def': 26}",1,5,0,1,0.2366,l,2020-02-16 16:00:00,0,0,1,0,-0.402124
Rennes,163,2019,Ligue_1,h,2.42942,0.3864,2.42942,0.3864,"{'att': 199, 'def': 20}","{'att': 348, 'def': 22}",8,6,2,1,2.7154,w,2020-02-23 16:00:00,1,0,0,3,2.04302
Rennes,163,2019,Ligue_1,a,1.20906,0.81746,1.20906,0.81746,"{'att': 176, 'def': 23}","{'att': 357, 'def': 18}",3,5,2,0,1.6956000000000002,w,2020-02-29 19:00:00,1,0,0,3,0.39160000000000006
Rennes,163,2019,Ligue_1,h,3.18379,0.940729,1.6636,0.940729,"{'att': 276, 'def': 20}","{'att': 341, 'def': 18}",10,5,5,0,2.7386999999999997,w,2020-03-08 15:00:00,1,0,0,3,0.7228709999999999
Marseille,164,2019,Ligue_1,h,0.874557,1.2983,0.874557,1.2983,"{'att': 200, 'def': 41}","{'att': 364, 'def': 23}",4,6,0,2,1.0087000000000002,l,2019-08-10 16:30:00,0,0,1,0,-0.423743
Marseille,164,2019,Ligue_1,a,1.34033,0.333103,0.580233,0.333103,"{'att': 254, 'def': 20}","{'att': 240, 'def': 24}",2,3,0,0,2.379,d,2019-08-17 16:30:00,0,1,0,1,0.24713000000000002
Marseille,164,2019,Ligue_1,a,1.647,1.73926,0.886905,0.979162,"{'att': 383, 'def': 30}","{'att': 200, 'def': 25}",2,4,2,1,1.2579,w,2019-08-28 20:00:00,1,0,0,3,-0.09225699999999992
Marseille,164,2019,Ligue_1,h,0.845557,0.524356,0.845557,0.524356,"{'att': 276, 'def': 31}","{'att': 290, 'def': 36}",9,6,1,0,1.6473,w,2019-09-01 20:00:00,1,0,0,3,0.32120099999999996
Marseille,164,2019,Ligue_1,a,1.73874,2.47739,1.73874,1.71736,"{'att': 231, 'def': 25}","{'att': 331, 'def': 19}",4,3,4,3,0.8142,w,2019-09-15 19:00:00,1,0,0,3,0.021379999999999955
Marseille,164,2019,Ligue_1,h,1.08408,0.10429,1.08408,0.10429,"{'att': 195, 'def': 24}","{'att': 247, 'def': 23}",9,2,1,1,2.2319999999999998,d,2019-09-21 15:30:00,0,1,0,1,0.9797899999999999
Marseille,164,2019,Ligue_1,a,1.31656,1.74443,1.31656,1.74443,"{'att': 237, 'def': 40}","{'att': 336, 'def': 27}",5,3,0,0,1.0609000000000002,d,2019-09-24 17:00:00,0,1,0,1,-0.42787
Marseille,164,2019,Ligue_1,h,0.674547,0.682156,0.674547,0.682156,"{'att': 257, 'def': 35}","{'att': 274, 'def': 27}",6,6,1,1,1.3130000000000002,d,2019-09-29 19:00:00,0,1,0,1,-0.007608999999999977
Marseille,164,2019,Ligue_1,a,0.437853,2.90722,0.437853,2.14713,"{'att': 123, 'def': 30}","{'att': 334, 'def': 25}",4,1,1,3,0.09920000000000001,l,2019-10-04 19:45:00,0,0,1,0,-1.7092770000000002
Marseille,164,2019,Ligue_1,h,1.5975,0.32374,0.837407,0.32374,"{'att': 302, 'def': 21}","{'att': 304, 'def': 24}",3,4,2,0,2.5275,w,2019-10-20 20:00:00,1,0,0,3,0.513667
Marseille,164,2019,Ligue_1,a,0.544773,3.22926,0.544773,3.22926,"{'att': 481, 'def': 29}","{'att': 209, 'def': 27}",4,11,0,4,0.0656,l,2019-10-27 20:00:00,0,0,1,0,-2.684487
Marseille,164,2019,Ligue_1,h,0.658517,0.699055,0.658517,0.699055,"{'att': 289, 'def': 27}","{'att': 177, 'def': 22}",8,4,2,1,1.2294,w,2019-11-02 16:30:00,1,0,0,3,-0.04053799999999996
Marseille,164,2019,Ligue_1,h,1.16011,1.09866,0.400012,1.09866,"{'att': 276, 'def': 27}","{'att': 138, 'def': 15}",4,2,2,1,1.4040000000000001,w,2019-11-10 20:00:00,1,0,0,3,-0.6986479999999999
Marseille,164,2019,Ligue_1,a,1.96185,0.896004,1.96185,0.896004,"{'att': 125, 'def': 36}","{'att': 387, 'def': 25}",10,1,2,0,2.2578000000000005,w,2019-11-24 20:00:00,1,0,0,3,1.065846
Marseille,164,2019,Ligue_1,h,4.52731,0.692625,4.52731,0.692625,"{'att': 221, 'def': 31}","{'att': 298, 'def': 19}",10,1,2,1,2.9307000000000003,w,2019-11-29 19:00:00,1,0,0,3,3.834685
Marseille,164,2019,Ligue_1,a,2.09565,0.782831,1.33556,0.782831,"{'att': 391, 'def': 28}","{'att': 224, 'def': 18}",1,5,2,0,2.4109,w,2019-12-03 18:00:00,1,0,0,3,0.552729
Marseille,164,2019,Ligue_1,h,2.04801,0.15818,2.04801,0.15818,"{'att': 326, 'def': 35}","{'att': 256, 'def': 20}",9,2,3,1,2.7336,w,2019-12-08 20:00:00,1,0,0,3,1.8898300000000001
Marseille,164,2019,Ligue_1,a,1.69227,1.01835,1.69227,0.258259,"{'att': 151, 'def': 37}","{'att': 325, 'def': 16}",7,0,1,1,1.8842999999999999,d,2019-12-14 16:30:00,0,1,0,1,1.434011
Marseille,164,2019,Ligue_1,h,1.97361,1.14972,1.97361,1.14972,"{'att': 207, 'def': 19}","{'att': 323, 'def': 20}",7,3,3,1,2.027,w,2019-12-21 19:45:00,1,0,0,3,0.82389
Marseille,164,2019,Ligue_1,a,0.831327,0.494628,0.831327,0.494628,"{'att': 226, 'def': 31}","{'att': 182, 'def': 28}",0,1,1,0,1.7138999999999998,w,2020-01-10 19:45:00,1,0,0,3,0.336699
Marseille,164,2019,Ligue_1,h,0.342074,0.162533,0.342074,0.162533,"{'att': 220, 'def': 37}","{'att': 414, 'def': 24}",7,3,0,0,1.4291,d,2020-01-25 16:30:00,0,1,0,1,0.17954099999999998
Marseille,164,2019,Ligue_1,a,0.413632,1.15176,0.413632,1.15176,"{'att': 233, 'def': 29}","{'att': 184, 'def': 27}",3,1,0,0,0.6302000000000001,d,2020-02-02 20:00:00,0,1,0,1,-0.7381279999999999
Marseille,164,2019,Ligue_1,a,0.531558,0.453576,0.531558,0.453576,"{'att': 264, 'def': 28}","{'att': 340, 'def': 29}",0,1,2,0,1.3753,w,2020-02-05 20:15:00,1,0,0,3,0.077982
Marseille,164,2019,Ligue_1,h,0.728803,1.78927,0.728803,1.78927,"{'att': 272, 'def': 31}","{'att': 333, 'def': 16}",7,3,1,0,0.4164,w,2020-02-08 16:30:00,1,0,0,3,-1.060467
Marseille,164,2019,Ligue_1,a,1.51467,1.12417,0.754575,1.12417,"{'att': 322, 'def': 24}","{'att': 230, 'def': 23}",3,2,2,1,1.7386000000000001,w,2020-02-16 20:00:00,1,0,0,3,-0.3695949999999999
Marseille,164,2019,Ligue_1,h,0.804027,0.72099,0.804027,0.72099,"{'att': 176, 'def': 28}","{'att': 390, 'def': 28}",8,1,1,3,1.364,l,2020-02-22 16:30:00,0,0,1,0,0.08303700000000003
Marseille,164,2019,Ligue_1,a,1.97133,2.4154,1.97133,2.4154,"{'att': 159, 'def': 20}","{'att': 223, 'def': 30}",3,3,3,2,1.0418,w,2020-02-28 19:45:00,1,0,0,3,-0.44406999999999996
Marseille,164,2019,Ligue_1,h,1.06698,1.87515,1.06698,1.11506,"{'att': 237, 'def': 28}","{'att': 307, 'def': 28}",6,4,2,2,0.7396,d,2020-03-06 19:00:00,0,1,0,1,-0.0480799999999999
Montpellier,166,2019,Ligue_1,h,2.56158,1.17033,1.80149,1.17033,"{'att': 256, 'def': 29}","{'att': 225, 'def': 22}",11,2,0,1,2.3470999999999997,l,2019-08-10 19:00:00,0,0,1,0,0.6311599999999999
Montpellier,166,2019,Ligue_1,a,0.683431,0.785876,0.683431,0.785876,"{'att': 381, 'def': 37}","{'att': 134, 'def': 20}",5,1,1,1,1.2503,d,2019-08-17 19:00:00,0,1,0,1,-0.10244500000000001
Montpellier,166,2019,Ligue_1,h,1.89186,1.04285,1.13176,1.04285,"{'att': 273, 'def': 19}","{'att': 301, 'def': 17}",7,2,1,0,2.0492,w,2019-08-27 18:00:00,1,0,0,3,0.08891000000000004
Montpellier,166,2019,Ligue_1,a,0.767321,0.825226,0.767321,0.825226,"{'att': 267, 'def': 21}","{'att': 315, 'def': 26}",6,3,0,1,1.2657,l,2019-08-31 18:00:00,0,0,1,0,-0.057904999999999984
Montpellier,166,2019,Ligue_1,h,2.22081,1.05478,2.22081,1.05478,"{'att': 399, 'def': 24}","{'att': 197, 'def': 17}",6,4,2,1,2.2765999999999997,w,2019-09-14 18:00:00,1,0,0,3,1.1660300000000001
Montpellier,166,2019,Ligue_1,a,0.10429,1.08408,0.10429,1.08408,"{'att': 247, 'def': 23}","{'att': 195, 'def': 24}",2,9,1,1,0.4365,d,2019-09-21 15:30:00,0,1,0,1,-0.9797899999999999
Montpellier,166,2019,Ligue_1,h,0.579923,0.719947,0.579923,0.719947,"{'att': 165, 'def': 23}","{'att': 222, 'def': 31}",5,6,1,0,1.149,w,2019-09-25 17:00:00,1,0,0,3,-0.14002400000000004
Montpellier,166,2019,Ligue_1,a,1.28128,0.390945,0.521186,0.390945,"{'att': 201, 'def': 27}","{'att': 239, 'def': 25}",5,2,0,1,2.2853,l,2019-09-29 13:00:00,0,0,1,0,0.13024100000000005
Montpellier,166,2019,Ligue_1,h,2.74638,1.36346,2.74638,1.36346,"{'att': 286, 'def': 26}","{'att': 183, 'def': 16}",5,6,3,1,2.3667000000000002,w,2019-10-05 19:00:00,1,0,0,3,1.38292
Montpellier,166,2019,Ligue_1,a,0.594823,0.925625,0.594823,0.925625,"{'att': 210, 'def': 23}","{'att': 274, 'def': 23}",3,2,0,1,0.9819,l,2019-10-19 19:00:00,0,0,1,0,-0.33080200000000004
Montpellier,166,2019,Ligue_1,h,0.854411,1.09487,0.854411,1.09487,"{'att': 199, 'def': 31}","{'att': 350, 'def': 17}",8,7,0,0,1.1269,d,2019-10-26 19:00:00,0,1,0,1,-0.24045899999999998
Montpellier,166,2019,Ligue_1,a,0.657443,1.14215,0.657443,1.14215,"{'att': 219, 'def': 38}","{'att': 221, 'def': 20}",3,3,2,2,0.8654999999999999,d,2019-11-02 19:00:00,0,1,0,1,-0.484707
Montpellier,166,2019,Ligue_1,h,1.42044,0.251798,1.42044,0.251798,"{'att': 262, 'def': 30}","{'att': 183, 'def': 26}",1,1,3,0,2.5504999999999995,w,2019-11-10 16:00:00,1,0,0,3,1.168642
Montpellier,166,2019,Ligue_1,a,1.33816,0.482393,1.33816,0.482393,"{'att': 250, 'def': 38}","{'att': 208, 'def': 28}",2,1,0,0,2.1732,d,2019-11-24 16:00:00,0,1,0,1,0.8557669999999999
Montpellier,166,2019,Ligue_1,h,1.35194,0.989696,1.35194,0.989696,"{'att': 286, 'def': 26}","{'att': 299, 'def': 16}",3,2,4,2,1.6259000000000001,w,2019-11-30 19:00:00,1,0,0,3,0.3622439999999999
Montpellier,166,2019,Ligue_1,a,1.27691,1.29978,1.27691,1.29978,"{'att': 193, 'def': 32}","{'att': 248, 'def': 20}",4,5,2,2,1.3326999999999998,d,2019-12-04 18:00:00,0,1,0,1,-0.022869999999999946
Montpellier,166,2019,Ligue_1,h,0.447142,0.782463,0.447142,0.782463,"{'att': 285, 'def': 28}","{'att': 95, 'def': 24}",3,7,1,3,0.9823,l,2019-12-07 16:30:00,0,0,1,0,-0.33532100000000004
Montpellier,166,2019,Ligue_1,a,1.53329,1.93087,1.53329,0.410679,"{'att': 172, 'def': 23}","{'att': 206, 'def': 24}",1,3,1,2,0.9595,l,2019-12-13 19:45:00,0,0,1,0,1.122611
Montpellier,166,2019,Ligue_1,h,2.2249,0.751773,1.46481,0.751773,"{'att': 313, 'def': 20}","{'att': 206, 'def': 29}",5,8,4,0,2.4312,w,2019-12-21 19:45:00,1,0,0,3,0.7130369999999999
Montpellier,166,2019,Ligue_1,a,0.846418,1.02329,0.846418,1.02329,"{'att': 228, 'def': 28}","{'att': 225, 'def': 23}",5,4,2,1,1.0939999999999999,w,2020-01-11 19:00:00,1,0,0,3,-0.17687200000000003
Montpellier,166,2019,Ligue_1,h,1.84221,0.43555,1.84221,0.43555,"{'att': 290, 'def': 29}","{'att': 345, 'def': 20}",7,1,2,1,2.4674,w,2020-01-25 19:00:00,1,0,0,3,1.40666
Montpellier,166,2019,Ligue_1,a,0.163578,2.89333,0.163578,2.89333,"{'att': 279, 'def': 11}","{'att': 179, 'def': 31}",2,19,0,5,0.0653,l,2020-02-01 16:30:00,0,0,1,0,-2.7297520000000004
Montpellier,166,2019,Ligue_1,h,0.508142,1.50948,0.508142,0.749388,"{'att': 244, 'def': 23}","{'att': 195, 'def': 26}",4,3,1,1,0.49160000000000004,d,2020-02-05 18:00:00,0,1,0,1,-0.24124600000000007
Montpellier,166,2019,Ligue_1,h,0.552256,1.05882,0.552256,1.05882,"{'att': 277, 'def': 26}","{'att': 215, 'def': 29}",3,6,1,0,0.8884,w,2020-02-09 14:00:00,1,0,0,3,-0.5065640000000001
Montpellier,166,2019,Ligue_1,a,0.982861,1.9344,0.982861,1.9344,"{'att': 324, 'def': 16}","{'att': 297, 'def': 35}",2,17,0,1,0.6772,l,2020-02-14 19:45:00,0,0,1,0,-0.9515389999999999
Montpellier,166,2019,Ligue_1,a,0.774989,1.27958,0.774989,1.27958,"{'att': 221, 'def': 32}","{'att': 304, 'def': 16}",2,3,0,1,0.8825,l,2020-02-22 19:00:00,0,0,1,0,-0.5045909999999999
Montpellier,166,2019,Ligue_1,h,3.80176,0.851456,3.04166,0.851456,"{'att': 296, 'def': 15}","{'att': 216, 'def': 24}",4,4,3,0,2.8571,w,2020-02-29 19:00:00,1,0,0,3,2.1902039999999996
Montpellier,166,2019,Ligue_1,a,0.940729,3.18379,0.940729,1.6636,"{'att': 341, 'def': 18}","{'att': 276, 'def': 20}",5,10,0,5,0.1755,l,2020-03-08 15:00:00,0,0,1,0,-0.7228709999999999
Angers,167,2019,Ligue_1,h,1.52399,1.29511,1.52399,1.29511,"{'att': 323, 'def': 34}","{'att': 252, 'def': 23}",4,3,3,1,1.5159,w,2019-08-10 19:00:00,1,0,0,3,0.22887999999999997
Angers,167,2019,Ligue_1,a,0.347737,1.49515,0.347737,1.49515,"{'att': 597, 'def': 25}","{'att': 206, 'def': 27}",6,6,0,6,0.40549999999999997,l,2019-08-16 19:45:00,0,0,1,0,-1.147413
Angers,167,2019,Ligue_1,h,2.10383,0.147348,2.10383,0.147348,"{'att': 435, 'def': 25}","{'att': 203, 'def': 8}",3,2,3,0,2.7756999999999996,w,2019-08-24 19:00:00,1,0,0,3,1.9564819999999998
Angers,167,2019,Ligue_1,h,1.41921,0.736529,1.41921,0.736529,"{'att': 349, 'def': 23}","{'att': 219, 'def': 26}",4,2,2,0,2.0638,w,2019-08-31 18:00:00,1,0,0,3,0.6826810000000001
Angers,167,2019,Ligue_1,a,0.663848,1.4409,0.663848,1.4409,"{'att': 347, 'def': 24}","{'att': 297, 'def': 18}",3,2,1,2,0.5363,l,2019-09-13 17:00:00,0,0,1,0,-0.7770520000000001
Angers,167,2019,Ligue_1,h,1.92745,0.794221,1.92745,0.794221,"{'att': 296, 'def': 32}","{'att': 294, 'def': 23}",7,2,4,1,2.2081999999999997,w,2019-09-22 15:00:00,1,0,0,3,1.133229
Angers,167,2019,Ligue_1,a,1.35732,0.227476,1.35732,0.227476,"{'att': 314, 'def': 14}","{'att': 175, 'def': 22}",9,3,2,0,2.3505000000000003,w,2019-09-25 17:00:00,1,0,0,3,1.129844
Angers,167,2019,Ligue_1,h,0.903446,1.0426,0.903446,1.0426,"{'att': 221, 'def': 18}","{'att': 278, 'def': 19}",5,2,1,1,1.1921,d,2019-09-28 18:00:00,0,1,0,1,-0.139154
Angers,167,2019,Ligue_1,a,0.488442,3.35081,0.488442,3.35081,"{'att': 572, 'def': 16}","{'att': 187, 'def': 24}",4,17,0,4,0.0677,l,2019-10-05 16:30:00,0,0,1,0,-2.862368
Angers,167,2019,Ligue_1,h,1.49766,0.240686,1.49766,0.240686,"{'att': 258, 'def': 26}","{'att': 294, 'def': 21}",8,3,0,1,2.4084,l,2019-10-19 19:00:00,0,0,1,0,1.256974
Angers,167,2019,Ligue_1,a,1.09487,0.854411,1.09487,0.854411,"{'att': 350, 'def': 17}","{'att': 199, 'def': 31}",7,8,0,0,1.5523,d,2019-10-26 19:00:00,0,1,0,1,0.24045899999999998
Angers,167,2019,Ligue_1,h,0.985715,1.37295,0.22562,1.37295,"{'att': 354, 'def': 19}","{'att': 142, 'def': 32}",1,3,1,0,0.9453,w,2019-11-02 19:00:00,1,0,0,3,-1.14733
Angers,167,2019,Ligue_1,a,0.676515,0.450165,0.676515,0.450165,"{'att': 284, 'def': 13}","{'att': 224, 'def': 18}",6,7,0,0,1.5135,d,2019-11-09 19:00:00,0,1,0,1,0.22635
Angers,167,2019,Ligue_1,h,1.13196,0.569399,1.13196,0.569399,"{'att': 393, 'def': 26}","{'att': 243, 'def': 20}",5,4,1,0,1.8271,w,2019-11-23 19:00:00,1,0,0,3,0.5625610000000001
Angers,167,2019,Ligue_1,a,0.389705,1.11018,0.389705,1.11018,"{'att': 372, 'def': 30}","{'att': 259, 'def': 22}",2,6,1,3,0.6838,l,2019-11-30 19:00:00,0,0,1,0,-0.720475
Angers,167,2019,Ligue_1,h,0.782831,2.09565,0.782831,1.33556,"{'att': 224, 'def': 18}","{'att': 391, 'def': 28}",5,1,0,2,0.4024,l,2019-12-03 18:00:00,0,0,1,0,-0.552729
Angers,167,2019,Ligue_1,a,0.929726,1.28615,0.929726,1.28615,"{'att': 291, 'def': 27}","{'att': 354, 'def': 24}",2,6,1,2,1.009,l,2019-12-07 19:00:00,0,0,1,0,-0.35642399999999985
Angers,167,2019,Ligue_1,h,0.870077,0.383769,0.870077,0.383769,"{'att': 404, 'def': 19}","{'att': 213, 'def': 31}",3,2,0,0,1.7751000000000001,d,2019-12-14 19:00:00,0,1,0,1,0.48630799999999996
Angers,167,2019,Ligue_1,a,1.07283,0.280352,1.07283,0.280352,"{'att': 284, 'def': 16}","{'att': 287, 'def': 19}",6,1,2,1,2.0898000000000003,w,2019-12-21 19:45:00,1,0,0,3,0.792478
Angers,167,2019,Ligue_1,h,1.12107,1.12107,1.12107,0.360973,"{'att': 394, 'def': 22}","{'att': 269, 'def': 18}",10,4,1,1,1.3091,d,2020-01-11 19:00:00,0,1,0,1,0.760097
Angers,167,2019,Ligue_1,a,0.162533,0.342074,0.162533,0.342074,"{'att': 414, 'def': 24}","{'att': 220, 'def': 37}",3,7,0,0,0.9503,d,2020-01-25 16:30:00,0,1,0,1,-0.17954099999999998
Angers,167,2019,Ligue_1,h,1.26614,1.72995,1.26614,0.969858,"{'att': 384, 'def': 16}","{'att': 294, 'def': 18}",6,1,1,4,0.9810000000000001,l,2020-02-01 19:00:00,0,0,1,0,0.29628200000000005
Angers,167,2019,Ligue_1,a,1.07703,0.275273,1.07703,0.275273,"{'att': 291, 'def': 17}","{'att': 277, 'def': 20}",7,3,0,1,2.0798,l,2020-02-04 18:00:00,0,0,1,0,0.8017569999999999
Angers,167,2019,Ligue_1,h,0.50774,1.66344,0.50774,1.66344,"{'att': 305, 'def': 15}","{'att': 267, 'def': 32}",3,1,0,2,0.4892,l,2020-02-07 19:45:00,0,0,1,0,-1.1557
Angers,167,2019,Ligue_1,a,0.480458,0.977294,0.480458,0.977294,"{'att': 190, 'def': 23}","{'att': 185, 'def': 23}",4,3,0,1,0.8542000000000001,l,2020-02-15 19:00:00,0,0,1,0,-0.496836
Angers,167,2019,Ligue_1,h,1.27958,0.774989,1.27958,0.774989,"{'att': 304, 'def': 16}","{'att': 221, 'def': 32}",3,2,1,0,1.8203,w,2020-02-22 19:00:00,1,0,0,3,0.5045909999999999
Angers,167,2019,Ligue_1,a,0.324731,0.929266,0.324731,0.929266,"{'att': 406, 'def': 15}","{'att': 185, 'def': 27}",4,8,1,0,0.743,w,2020-02-29 19:00:00,1,0,0,3,-0.604535
Angers,167,2019,Ligue_1,h,0.717772,1.16092,0.717772,1.16092,"{'att': 352, 'def': 22}","{'att': 311, 'def': 27}",2,8,2,0,0.9402,w,2020-03-07 18:00:00,1,0,0,3,-0.443148
Nantes,168,2019,Ligue_1,a,0.5183,1.20625,0.5183,1.20625,"{'att': 271, 'def': 21}","{'att': 218, 'def': 26}",2,3,1,2,0.7424,l,2019-08-11 14:00:00,0,0,1,0,-0.6879500000000001
Nantes,168,2019,Ligue_1,h,0.333103,1.34033,0.333103,0.580233,"{'att': 240, 'def': 24}","{'att': 254, 'def': 20}",3,2,0,0,0.3975,d,2019-08-17 16:30:00,0,1,0,1,-0.24713000000000002
Nantes,168,2019,Ligue_1,a,2.0807,0.377125,2.0807,0.377125,"{'att': 248, 'def': 34}","{'att': 341, 'def': 22}",5,2,2,1,2.6271,w,2019-08-24 19:00:00,1,0,0,3,1.7035750000000003
Nantes,168,2019,Ligue_1,h,0.825226,0.767321,0.825226,0.767321,"{'att': 315, 'def': 26}","{'att': 267, 'def': 21}",3,6,1,0,1.3698000000000001,w,2019-08-31 18:00:00,1,0,0,3,0.057904999999999984
Nantes,168,2019,Ligue_1,h,0.250307,0.693027,0.250307,0.693027,"{'att': 241, 'def': 28}","{'att': 286, 'def': 19}",2,4,1,0,0.7934,w,2019-09-15 13:00:00,1,0,0,3,-0.44271999999999995
Nantes,168,2019,Ligue_1,a,0.553506,1.87224,0.553506,1.11215,"{'att': 321, 'def': 24}","{'att': 181, 'def': 21}",3,5,1,2,0.3638,l,2019-09-20 18:45:00,0,0,1,0,-0.5586439999999999
Nantes,168,2019,Ligue_1,h,1.42973,1.05701,0.669636,0.296919,"{'att': 281, 'def': 27}","{'att': 199, 'def': 20}",5,5,1,0,1.6877,w,2019-09-25 17:00:00,1,0,0,3,0.372717
Nantes,168,2019,Ligue_1,a,0.515732,0.962876,0.515732,0.962876,"{'att': 354, 'def': 15}","{'att': 180, 'def': 20}",4,7,1,0,0.9072,w,2019-09-28 11:30:00,1,0,0,3,-0.447144
Nantes,168,2019,Ligue_1,h,1.33771,0.269194,1.33771,0.269194,"{'att': 443, 'def': 36}","{'att': 264, 'def': 26}",16,2,1,0,2.3366,w,2019-10-05 19:00:00,1,0,0,3,1.068516
Nantes,168,2019,Ligue_1,a,0.428008,0.766702,0.428008,0.766702,"{'att': 272, 'def': 17}","{'att': 325, 'def': 26}",2,5,0,1,0.9308000000000001,l,2019-10-19 19:00:00,0,0,1,0,-0.338694
Nantes,168,2019,Ligue_1,h,1.46548,0.904065,1.46548,0.904065,"{'att': 236, 'def': 23}","{'att': 365, 'def': 30}",2,4,0,1,1.8361,l,2019-10-25 19:45:00,0,0,1,0,0.5614149999999999
Nantes,168,2019,Ligue_1,a,0.792992,0.828927,0.792992,0.828927,"{'att': 251, 'def': 27}","{'att': 269, 'def': 18}",4,5,0,2,1.2718,l,2019-11-03 14:00:00,0,0,1,0,-0.03593499999999994
Nantes,168,2019,Ligue_1,h,0.932768,0.853131,0.932768,0.853131,"{'att': 216, 'def': 23}","{'att': 337, 'def': 25}",6,1,2,3,1.4184,l,2019-11-10 16:00:00,0,0,1,0,0.07963700000000007
Nantes,168,2019,Ligue_1,a,1.50416,0.565279,1.50416,0.565279,"{'att': 343, 'def': 22}","{'att': 156, 'def': 25}",4,7,1,1,2.24,d,2019-11-23 19:00:00,0,1,0,1,0.938881
Nantes,168,2019,Ligue_1,h,2.87667,1.01185,2.11657,0.251757,"{'att': 190, 'def': 28}","{'att': 335, 'def': 22}",6,5,2,1,2.6423,w,2019-12-01 14:00:00,1,0,0,3,1.8648129999999998
Nantes,168,2019,Ligue_1,a,0.471802,2.04225,0.471802,1.28216,"{'att': 477, 'def': 35}","{'att': 209, 'def': 30}",4,8,0,2,0.26839999999999997,l,2019-12-04 20:05:00,0,0,1,0,-0.8103579999999999
Nantes,168,2019,Ligue_1,h,0.982949,0.641251,0.982949,0.641251,"{'att': 291, 'def': 25}","{'att': 245, 'def': 23}",4,3,1,0,1.6147,w,2019-12-08 16:00:00,1,0,0,3,0.34169799999999995
Nantes,168,2019,Ligue_1,a,1.31851,0.848701,1.31851,0.848701,"{'att': 211, 'def': 27}","{'att': 185, 'def': 28}",2,1,1,0,1.7650000000000001,w,2019-12-14 19:00:00,1,0,0,3,0.46980900000000003
Nantes,168,2019,Ligue_1,h,0.280352,1.07283,0.280352,1.07283,"{'att': 287, 'def': 19}","{'att': 284, 'def': 16}",1,6,1,2,0.5916,l,2019-12-21 19:45:00,0,0,1,0,-0.792478
Nantes,168,2019,Ligue_1,a,1.21513,0.380112,1.21513,0.380112,"{'att': 398, 'def': 32}","{'att': 214, 'def': 31}",5,1,2,0,2.1534999999999997,w,2020-01-12 14:00:00,1,0,0,3,0.835018
Nantes,168,2019,Ligue_1,h,0.201093,0.750449,0.201093,0.750449,"{'att': 402, 'def': 27}","{'att': 238, 'def': 29}",0,1,0,1,0.6573,l,2020-01-26 16:00:00,0,0,1,0,-0.5493560000000001
Nantes,168,2019,Ligue_1,a,0.876406,2.21888,0.876406,1.32365,"{'att': 300, 'def': 24}","{'att': 194, 'def': 32}",3,5,2,3,0.3488,l,2020-01-31 18:00:00,0,0,1,0,-0.447244
Nantes,168,2019,Ligue_1,h,2.78308,3.65633,2.78308,3.65633,"{'att': 449, 'def': 12}","{'att': 201, 'def': 35}",7,15,1,2,0.9313,l,2020-02-04 20:05:00,0,0,1,0,-0.8732500000000001
Nantes,168,2019,Ligue_1,a,0.571797,1.33878,0.571797,1.33878,"{'att': 283, 'def': 24}","{'att': 216, 'def': 35}",3,4,3,3,0.6974,d,2020-02-08 19:00:00,0,1,0,1,-0.7669830000000001
Nantes,168,2019,Ligue_1,h,1.12669,0.296838,1.12669,0.296838,"{'att': 241, 'def': 32}","{'att': 276, 'def': 22}",4,1,0,0,2.1191,d,2020-02-15 19:00:00,0,1,0,1,0.829852
Nantes,168,2019,Ligue_1,a,0.72099,0.804027,0.72099,0.804027,"{'att': 390, 'def': 28}","{'att': 176, 'def': 28}",1,8,3,1,1.2476,w,2020-02-22 16:30:00,1,0,0,3,-0.08303700000000003
Nantes,168,2019,Ligue_1,h,0.260158,2.01916,0.260158,2.01916,"{'att': 177, 'def': 21}","{'att': 210, 'def': 27}",1,4,0,1,0.2118,l,2020-03-01 13:00:00,0,0,1,0,-1.7590019999999997
Nantes,168,2019,Ligue_1,a,1.16092,0.717772,1.16092,0.717772,"{'att': 311, 'def': 27}","{'att': 352, 'def': 22}",8,2,0,2,1.7369999999999999,l,2020-03-07 18:00:00,0,0,1,0,0.443148
Nice,170,2019,Ligue_1,h,1.86828,0.604143,1.86828,0.604143,"{'att': 155, 'def': 18}","{'att': 409, 'def': 18}",4,3,2,1,2.3970000000000002,w,2019-08-10 19:00:00,1,0,0,3,1.2641369999999998
Nice,170,2019,Ligue_1,a,2.00012,1.26223,1.24002,0.502131,"{'att': 220, 'def': 14}","{'att': 246, 'def': 30}",4,9,2,1,2.032,w,2019-08-17 19:00:00,1,0,0,3,0.7378889999999999
Nice,170,2019,Ligue_1,h,1.73926,1.647,0.979162,0.886905,"{'att': 200, 'def': 25}","{'att': 383, 'def': 30}",4,2,1,2,1.4361,l,2019-08-28 20:00:00,0,0,1,0,0.09225699999999992
Nice,170,2019,Ligue_1,a,1.68646,0.592177,0.926364,0.592177,"{'att': 202, 'def': 23}","{'att': 321, 'def': 23}",1,1,2,1,2.3474999999999997,w,2019-09-01 14:00:00,1,0,0,3,0.334187
Nice,170,2019,Ligue_1,a,1.05478,2.22081,1.05478,2.22081,"{'att': 197, 'def': 17}","{'att': 399, 'def': 24}",4,6,1,2,0.5285,l,2019-09-14 18:00:00,0,0,1,0,-1.1660300000000001
Nice,170,2019,Ligue_1,h,1.08457,1.10909,1.08457,1.10909,"{'att': 168, 'def': 29}","{'att': 407, 'def': 28}",8,6,2,1,1.3138999999999998,w,2019-09-21 18:00:00,1,0,0,3,-0.024519999999999875
Nice,170,2019,Ligue_1,a,0.610006,2.39963,0.610006,2.39963,"{'att': 177, 'def': 28}","{'att': 340, 'def': 32}",2,9,1,3,0.28690000000000004,l,2019-09-24 19:00:00,0,0,1,0,-1.789624
Nice,170,2019,Ligue_1,h,1.07057,1.35573,1.07057,1.35573,"{'att': 242, 'def': 23}","{'att': 437, 'def': 31}",1,7,1,1,1.1123,d,2019-09-28 18:00:00,0,1,0,1,-0.2851600000000001
Nice,170,2019,Ligue_1,a,0.269194,1.33771,0.269194,1.33771,"{'att': 264, 'def': 26}","{'att': 443, 'def': 36}",2,16,0,1,0.4229,l,2019-10-05 19:00:00,0,0,1,0,-1.068516
Nice,170,2019,Ligue_1,h,0.730506,3.38134,0.730506,3.38134,"{'att': 347, 'def': 26}","{'att': 235, 'def': 31}",5,12,1,4,0.0941,l,2019-10-18 19:45:00,0,0,1,0,-2.6508339999999997
Nice,170,2019,Ligue_1,a,0.937597,2.00977,0.937597,2.00977,"{'att': 229, 'def': 18}","{'att': 263, 'def': 45}",1,6,0,1,0.624,l,2019-10-26 19:00:00,0,0,1,0,-1.072173
Nice,170,2019,Ligue_1,h,0.694457,0.732323,0.694457,0.732323,"{'att': 268, 'def': 21}","{'att': 432, 'def': 25}",6,5,2,0,1.2634,w,2019-11-03 16:00:00,1,0,0,3,-0.037865999999999955
Nice,170,2019,Ligue_1,h,1.55472,1.73733,1.55472,0.977232,"{'att': 409, 'def': 33}","{'att': 257, 'def': 33}",4,2,1,1,1.1881,d,2019-11-08 19:45:00,0,1,0,1,0.5774880000000001
Nice,170,2019,Ligue_1,a,2.32432,1.17252,2.32432,0.412421,"{'att': 182, 'def': 24}","{'att': 373, 'def': 21}",5,3,1,2,2.1955,l,2019-11-23 16:30:00,0,0,1,0,1.9118990000000002
Nice,170,2019,Ligue_1,h,1.11018,0.389705,1.11018,0.389705,"{'att': 259, 'def': 22}","{'att': 372, 'def': 30}",6,2,3,1,1.9861000000000002,w,2019-11-30 19:00:00,1,0,0,3,0.720475
Nice,170,2019,Ligue_1,a,1.41787,3.1578,1.41787,2.39771,"{'att': 316, 'def': 27}","{'att': 338, 'def': 31}",6,4,1,4,0.3739,l,2019-12-04 18:00:00,0,0,1,0,-0.97984
Nice,170,2019,Ligue_1,h,1.51971,0.938924,0.759618,0.938924,"{'att': 251, 'def': 29}","{'att': 500, 'def': 26}",5,5,4,1,1.8679,w,2019-12-07 19:00:00,1,0,0,3,-0.17930599999999997
Nice,170,2019,Ligue_1,a,1.13522,2.53255,1.13522,1.77265,"{'att': 331, 'def': 9}","{'att': 214, 'def': 40}",0,12,0,0,0.4763,d,2019-12-14 19:00:00,0,1,0,1,-0.6374300000000002
Nice,170,2019,Ligue_1,h,1.91838,0.342703,1.91838,0.342703,"{'att': 197, 'def': 17}","{'att': 428, 'def': 38}",5,1,3,0,2.6421,w,2019-12-21 19:45:00,1,0,0,3,1.575677
Nice,170,2019,Ligue_1,a,1.12107,1.12107,0.360973,1.12107,"{'att': 269, 'def': 18}","{'att': 394, 'def': 22}",4,10,1,1,1.3526,d,2020-01-11 19:00:00,0,1,0,1,-0.760097
Nice,170,2019,Ligue_1,h,2.04075,2.01285,2.04075,2.01285,"{'att': 219, 'def': 28}","{'att': 311, 'def': 27}",4,11,1,1,1.3969,d,2020-01-24 19:00:00,0,1,0,1,0.027900000000000258
Nice,170,2019,Ligue_1,h,1.55091,1.55904,1.55091,1.55904,"{'att': 225, 'def': 35}","{'att': 315, 'def': 24}",4,4,2,1,1.3112,w,2020-02-02 14:00:00,1,0,0,3,-0.00812999999999997
Nice,170,2019,Ligue_1,a,0.929255,1.036,0.929255,1.036,"{'att': 310, 'def': 16}","{'att': 281, 'def': 24}",6,10,1,1,1.293,d,2020-02-05 18:00:00,0,1,0,1,-0.10674499999999998
Nice,170,2019,Ligue_1,h,0.704132,1.71921,0.704132,1.71921,"{'att': 208, 'def': 18}","{'att': 350, 'def': 31}",9,4,1,3,0.5641,l,2020-02-08 19:00:00,0,0,1,0,-1.015078
Nice,170,2019,Ligue_1,a,1.4771,2.36671,1.4771,1.60662,"{'att': 220, 'def': 19}","{'att': 465, 'def': 31}",2,6,2,0,0.7562,w,2020-02-15 19:00:00,1,0,0,3,-0.12951999999999986
Nice,170,2019,Ligue_1,h,1.86279,0.626653,1.86279,0.626653,"{'att': 376, 'def': 24}","{'att': 394, 'def': 16}",2,4,2,2,2.4686999999999997,d,2020-02-21 18:00:00,0,1,0,1,1.2361369999999998
Nice,170,2019,Ligue_1,a,0.407018,2.02221,0.407018,2.02221,"{'att': 245, 'def': 26}","{'att': 374, 'def': 35}",3,7,1,1,0.2523,d,2020-03-01 15:05:00,0,1,0,1,-1.615192
Nice,170,2019,Ligue_1,h,1.63512,1.30497,1.63512,1.30497,"{'att': 337, 'def': 25}","{'att': 315, 'def': 31}",3,3,2,1,1.6360999999999999,w,2020-03-07 18:00:00,1,0,0,3,0.33014999999999994
Monaco,171,2019,Ligue_1,h,0.563183,0.833034,0.563183,0.833034,"{'att': 467, 'def': 26}","{'att': 242, 'def': 28}",2,2,0,3,1.0423,l,2019-08-09 19:45:00,0,0,1,0,-0.26985100000000006
Monaco,171,2019,Ligue_1,a,0.759639,3.11223,0.759639,2.35213,"{'att': 289, 'def': 23}","{'att': 268, 'def': 29}",5,3,0,3,0.16360000000000002,l,2019-08-17 19:00:00,0,0,1,0,-1.5924909999999999
Monaco,171,2019,Ligue_1,h,2.40125,2.24062,2.40125,2.24062,"{'att': 250, 'def': 27}","{'att': 214, 'def': 23}",10,2,2,2,1.4818,d,2019-08-25 14:00:00,0,1,0,1,0.16063000000000027
Monaco,171,2019,Ligue_1,a,2.87671,1.34345,2.87671,0.583355,"{'att': 292, 'def': 31}","{'att': 167, 'def': 26}",5,9,2,2,2.4451,d,2019-09-01 16:00:00,0,1,0,1,2.293355
Monaco,171,2019,Ligue_1,h,2.47739,1.73874,1.71736,1.73874,"{'att': 331, 'def': 19}","{'att': 231, 'def': 25}",3,4,3,4,1.9490999999999998,l,2019-09-15 19:00:00,0,0,1,0,-0.021379999999999955
Monaco,171,2019,Ligue_1,a,0.718079,1.35162,0.718079,1.35162,"{'att': 255, 'def': 16}","{'att': 289, 'def': 31}",3,3,0,0,0.8233999999999999,d,2019-09-21 18:00:00,0,1,0,1,-0.633541
Monaco,171,2019,Ligue_1,h,2.39963,0.610006,2.39963,0.610006,"{'att': 340, 'def': 32}","{'att': 177, 'def': 28}",9,2,3,1,2.5819,w,2019-09-24 19:00:00,1,0,0,3,1.789624
Monaco,171,2019,Ligue_1,h,3.77849,0.395322,3.01839,0.395322,"{'att': 291, 'def': 27}","{'att': 315, 'def': 21}",14,1,4,1,2.9351,w,2019-09-28 18:00:00,1,0,0,3,2.623068
Monaco,171,2019,Ligue_1,a,1.36346,2.74638,1.36346,2.74638,"{'att': 183, 'def': 16}","{'att': 286, 'def': 26}",6,5,1,3,0.4674,l,2019-10-05 19:00:00,0,0,1,0,-1.38292
Monaco,171,2019,Ligue_1,h,1.72675,1.32184,1.72675,1.32184,"{'att': 206, 'def': 19}","{'att': 291, 'def': 20}",13,1,3,2,1.6968999999999999,w,2019-10-20 16:00:00,1,0,0,3,0.4049100000000001
Monaco,171,2019,Ligue_1,a,0.904065,1.46548,0.904065,1.46548,"{'att': 365, 'def': 30}","{'att': 236, 'def': 23}",4,2,1,0,0.8632,w,2019-10-25 19:45:00,1,0,0,3,-0.5614149999999999
Monaco,171,2019,Ligue_1,a,1.15385,1.51447,1.15385,1.51447,"{'att': 238, 'def': 18}","{'att': 343, 'def': 19}",6,1,0,1,1.0197,l,2019-11-03 20:00:00,0,0,1,0,-0.36061999999999994
Monaco,171,2019,Ligue_1,h,2.01244,1.22663,2.01244,1.22663,"{'att': 256, 'def': 38}","{'att': 306, 'def': 13}",14,8,1,0,1.9248000000000003,w,2019-11-09 19:00:00,1,0,0,3,0.7858099999999997
Monaco,171,2019,Ligue_1,a,1.43367,1.4834,1.43367,0.723306,"{'att': 304, 'def': 33}","{'att': 259, 'def': 16}",7,3,1,2,1.3085,l,2019-11-24 14:00:00,0,0,1,0,0.710364
Monaco,171,2019,Ligue_1,a,3.56341,1.59548,2.80332,0.83539,"{'att': 258, 'def': 20}","{'att': 316, 'def': 37}",17,4,2,1,2.5594,w,2019-12-04 18:00:00,1,0,0,3,1.96793
Monaco,171,2019,Ligue_1,h,2.64526,0.501323,2.64526,0.501323,"{'att': 201, 'def': 32}","{'att': 401, 'def': 20}",13,3,3,0,2.7230000000000003,w,2019-12-07 19:00:00,1,0,0,3,2.143937
Monaco,171,2019,Ligue_1,a,0.383769,0.870077,0.383769,0.870077,"{'att': 213, 'def': 31}","{'att': 404, 'def': 19}",2,3,0,0,0.8481,d,2019-12-14 19:00:00,0,1,0,1,-0.48630799999999996
Monaco,171,2019,Ligue_1,h,3.5594,0.64901,3.5594,0.64901,"{'att': 243, 'def': 25}","{'att': 152, 'def': 32}",10,6,5,1,2.9102,w,2019-12-21 19:45:00,1,0,0,3,2.91039
Monaco,171,2019,Ligue_1,a,1.91876,2.76333,1.91876,2.00324,"{'att': 388, 'def': 18}","{'att': 219, 'def': 32}",9,15,3,3,0.8398000000000001,d,2020-01-12 20:00:00,0,1,0,1,-0.08447999999999989
Monaco,171,2019,Ligue_1,h,1.13704,3.55816,1.13704,2.79806,"{'att': 366, 'def': 27}","{'att': 240, 'def': 13}",6,7,1,4,0.1775,l,2020-01-15 20:00:00,0,0,1,0,-1.66102
Monaco,171,2019,Ligue_1,h,1.06289,1.14162,1.06289,1.14162,"{'att': 251, 'def': 27}","{'att': 360, 'def': 15}",1,3,1,3,1.2776,l,2020-01-25 19:00:00,0,0,1,0,-0.07873000000000019
Monaco,171,2019,Ligue_1,a,0.732842,1.72671,0.732842,1.72671,"{'att': 177, 'def': 7}","{'att': 156, 'def': 27}",2,9,1,3,0.635,l,2020-02-01 19:00:00,0,0,1,0,-0.993868
Monaco,171,2019,Ligue_1,h,0.275273,1.07703,0.275273,1.07703,"{'att': 277, 'def': 20}","{'att': 291, 'def': 17}",3,7,1,0,0.5963,w,2020-02-04 18:00:00,1,0,0,3,-0.8017569999999999
Monaco,171,2019,Ligue_1,a,1.28092,0.436377,1.28092,0.436377,"{'att': 119, 'def': 28}","{'att': 236, 'def': 25}",6,4,2,1,2.1416,w,2020-02-08 19:00:00,1,0,0,3,0.844543
Monaco,171,2019,Ligue_1,h,1.9344,0.982861,1.9344,0.982861,"{'att': 297, 'def': 35}","{'att': 324, 'def': 16}",17,2,1,0,2.0902,w,2020-02-14 19:45:00,1,0,0,3,0.9515389999999999
Monaco,171,2019,Ligue_1,a,2.2089,1.58624,2.2089,1.58624,"{'att': 291, 'def': 34}","{'att': 339, 'def': 25}",10,1,1,1,1.8696000000000002,d,2020-02-22 19:00:00,0,1,0,1,0.6226599999999998
Monaco,171,2019,Ligue_1,h,1.97379,1.14998,1.21369,1.14998,"{'att': 265, 'def': 39}","{'att': 303, 'def': 19}",11,6,1,1,2.0139,d,2020-02-29 19:00:00,0,1,0,1,0.06370999999999993
Monaco,171,2019,Ligue_1,a,1.30497,1.63512,1.30497,1.63512,"{'att': 315, 'def': 31}","{'att': 337, 'def': 25}",3,3,1,2,1.0811,l,2020-03-07 18:00:00,0,0,1,0,-0.33014999999999994
Toulouse,174,2019,Ligue_1,a,1.42777,2.32973,1.42777,1.56964,"{'att': 161, 'def': 25}","{'att': 356, 'def': 25}",9,6,1,1,0.7064,d,2019-08-10 19:00:00,0,1,0,1,-0.14186999999999994
Toulouse,174,2019,Ligue_1,h,1.61998,1.20997,1.61998,1.20997,"{'att': 265, 'def': 24}","{'att': 257, 'def': 18}",5,6,1,0,1.682,w,2019-08-17 19:00:00,1,0,0,3,0.41001
Toulouse,174,2019,Ligue_1,a,0.699812,4.70776,0.699812,3.94766,"{'att': 331, 'def': 12}","{'att': 151, 'def': 34}",0,12,0,4,0.0178,l,2019-08-25 20:00:00,0,0,1,0,-3.247848
Toulouse,174,2019,Ligue_1,h,1.28893,0.27328,1.28893,0.27328,"{'att': 391, 'def': 26}","{'att': 330, 'def': 19}",5,6,2,0,2.2971,w,2019-08-31 18:00:00,1,0,0,3,1.01565
Toulouse,174,2019,Ligue_1,a,1.93338,1.06769,1.17329,1.06769,"{'att': 290, 'def': 15}","{'att': 161, 'def': 25}",4,3,2,2,2.105,d,2019-09-15 15:00:00,0,1,0,1,0.10559999999999992
Toulouse,174,2019,Ligue_1,a,0.844257,1.62783,0.844257,1.62783,"{'att': 184, 'def': 15}","{'att': 308, 'def': 27}",7,7,0,1,0.7797000000000001,l,2019-09-21 18:00:00,0,0,1,0,-0.7835730000000001
Toulouse,174,2019,Ligue_1,h,0.227476,1.35732,0.227476,1.35732,"{'att': 175, 'def': 22}","{'att': 314, 'def': 14}",3,9,0,2,0.4068,l,2019-09-25 17:00:00,0,0,1,0,-1.129844
Toulouse,174,2019,Ligue_1,a,0.82033,1.52646,0.82033,0.766368,"{'att': 207, 'def': 24}","{'att': 222, 'def': 15}",12,4,2,2,0.7472000000000001,d,2019-09-28 18:00:00,0,1,0,1,0.053961999999999954
Toulouse,174,2019,Ligue_1,h,0.846031,1.07992,0.846031,1.07992,"{'att': 380, 'def': 32}","{'att': 101, 'def': 21}",2,5,1,3,1.1031,l,2019-10-05 19:00:00,0,0,1,0,-0.233889
Toulouse,174,2019,Ligue_1,h,2.6316,0.717652,1.11141,0.717652,"{'att': 283, 'def': 20}","{'att': 149, 'def': 15}",4,3,2,1,2.6856,w,2019-10-19 19:00:00,1,0,0,3,0.39375800000000005
Toulouse,174,2019,Ligue_1,a,0.98473,2.20537,0.98473,2.20537,"{'att': 166, 'def': 30}","{'att': 121, 'def': 21}",3,5,2,3,0.525,l,2019-10-27 14:00:00,0,0,1,0,-1.22064
Toulouse,174,2019,Ligue_1,h,1.36655,1.62692,1.36655,1.62692,"{'att': 436, 'def': 22}","{'att': 179, 'def': 15}",5,14,2,3,1.2018,l,2019-11-02 19:00:00,0,0,1,0,-0.26037
Toulouse,174,2019,Ligue_1,a,0.251798,1.42044,0.251798,1.42044,"{'att': 183, 'def': 26}","{'att': 262, 'def': 30}",1,1,0,3,0.2741,l,2019-11-10 16:00:00,0,0,1,0,-1.168642
Toulouse,174,2019,Ligue_1,h,0.896004,1.96185,0.896004,1.96185,"{'att': 387, 'def': 25}","{'att': 125, 'def': 36}",1,10,0,2,0.5184,l,2019-11-24 20:00:00,0,0,1,0,-1.065846
Toulouse,174,2019,Ligue_1,a,1.01185,2.87667,0.251757,2.11657,"{'att': 335, 'def': 22}","{'att': 190, 'def': 28}",5,6,1,2,0.2324,l,2019-12-01 14:00:00,0,0,1,0,-1.8648129999999998
Toulouse,174,2019,Ligue_1,h,1.59548,3.56341,0.83539,2.80332,"{'att': 316, 'def': 37}","{'att': 258, 'def': 20}",4,17,1,2,0.3178,l,2019-12-04 18:00:00,0,0,1,0,-1.96793
Toulouse,174,2019,Ligue_1,a,2.12038,2.82508,2.12038,2.82508,"{'att': 293, 'def': 21}","{'att': 226, 'def': 30}",6,10,2,4,0.9415,l,2019-12-07 19:00:00,0,0,1,0,-0.7046999999999999
Toulouse,174,2019,Ligue_1,h,0.669088,1.44219,0.669088,1.44219,"{'att': 235, 'def': 23}","{'att': 212, 'def': 18}",6,3,0,1,0.7173,l,2019-12-14 19:00:00,0,0,1,0,-0.7731020000000001
Toulouse,174,2019,Ligue_1,a,0.342703,1.91838,0.342703,1.91838,"{'att': 428, 'def': 38}","{'att': 197, 'def': 17}",1,5,0,3,0.22740000000000002,l,2019-12-21 19:45:00,0,0,1,0,-1.575677
Toulouse,174,2019,Ligue_1,h,1.45157,1.95386,1.45157,1.95386,"{'att': 281, 'def': 33}","{'att': 245, 'def': 23}",7,7,2,5,1.0068,l,2020-01-11 19:00:00,0,0,1,0,-0.5022899999999999
Toulouse,174,2019,Ligue_1,a,0.327096,1.20096,0.327096,1.20096,"{'att': 436, 'def': 13}","{'att': 230, 'def': 24}",2,5,0,3,0.5301,l,2020-01-26 14:00:00,0,0,1,0,-0.873864
Toulouse,174,2019,Ligue_1,a,0.673436,0.803089,0.673436,0.803089,"{'att': 256, 'def': 25}","{'att': 179, 'def': 25}",1,4,0,0,1.1469,d,2020-02-01 19:00:00,0,1,0,1,-0.12965300000000002
Toulouse,174,2019,Ligue_1,h,0.991734,1.63603,0.991734,1.63603,"{'att': 347, 'def': 37}","{'att': 188, 'def': 18}",3,5,0,1,0.8408,l,2020-02-05 18:00:00,0,0,1,0,-0.6442960000000001
Toulouse,174,2019,Ligue_1,a,1.78927,0.728803,1.78927,0.728803,"{'att': 333, 'def': 16}","{'att': 272, 'def': 31}",3,7,0,1,2.37,l,2020-02-08 16:30:00,0,0,1,0,1.060467
Toulouse,174,2019,Ligue_1,h,2.36671,1.4771,1.60662,1.4771,"{'att': 465, 'def': 31}","{'att': 220, 'def': 19}",6,2,0,2,2.033,l,2020-02-15 19:00:00,0,0,1,0,0.12951999999999986
Toulouse,174,2019,Ligue_1,a,0.291453,2.64354,0.291453,2.64354,"{'att': 396, 'def': 18}","{'att': 262, 'def': 19}",2,9,0,3,0.1084,l,2020-02-22 19:00:00,0,0,1,0,-2.3520869999999996
Toulouse,174,2019,Ligue_1,h,0.81746,1.20906,0.81746,1.20906,"{'att': 357, 'def': 18}","{'att': 176, 'def': 23}",5,3,0,2,1.0070999999999999,l,2020-02-29 19:00:00,0,0,1,0,-0.39160000000000006
Toulouse,174,2019,Ligue_1,a,1.00717,0.88467,1.00717,0.88467,"{'att': 269, 'def': 22}","{'att': 237, 'def': 46}",3,4,1,2,1.4778,l,2020-03-07 18:00:00,0,0,1,0,0.12249999999999994
Saint-Etienne,175,2019,Ligue_1,a,0.916517,2.15127,0.916517,1.39118,"{'att': 284, 'def': 26}","{'att': 262, 'def': 25}",7,7,2,1,0.49949999999999994,w,2019-08-10 19:00:00,1,0,0,3,-0.47466300000000006
Saint-Etienne,175,2019,Ligue_1,h,2.21564,0.501067,2.21564,0.501067,"{'att': 219, 'def': 35}","{'att': 307, 'def': 19}",8,2,1,1,2.5584,d,2019-08-18 14:00:00,0,1,0,1,1.7145730000000001
Saint-Etienne,175,2019,Ligue_1,a,0.79996,2.66328,0.79996,1.90318,"{'att': 272, 'def': 22}","{'att': 312, 'def': 21}",4,7,0,3,0.28290000000000004,l,2019-08-28 18:00:00,0,0,1,0,-1.10322
Saint-Etienne,175,2019,Ligue_1,a,0.524356,0.845557,0.524356,0.845557,"{'att': 290, 'def': 36}","{'att': 276, 'def': 31}",6,9,0,1,0.9786,l,2019-09-01 20:00:00,0,0,1,0,-0.32120099999999996
Saint-Etienne,175,2019,Ligue_1,h,1.06769,1.93338,1.06769,1.17329,"{'att': 161, 'def': 25}","{'att': 290, 'def': 15}",3,4,2,2,0.6554,d,2019-09-15 15:00:00,0,1,0,1,-0.10559999999999992
Saint-Etienne,175,2019,Ligue_1,a,0.794221,1.92745,0.794221,1.92745,"{'att': 294, 'def': 23}","{'att': 296, 'def': 32}",2,7,1,4,0.5687,l,2019-09-22 15:00:00,0,0,1,0,-1.133229
Saint-Etienne,175,2019,Ligue_1,h,0.810489,0.532843,0.810489,0.532843,"{'att': 220, 'def': 34}","{'att': 247, 'def': 19}",4,2,0,1,1.5769,l,2019-09-25 17:00:00,0,0,1,0,0.27764600000000006
Saint-Etienne,175,2019,Ligue_1,a,0.856429,1.71161,0.856429,1.71161,"{'att': 293, 'def': 20}","{'att': 139, 'def': 21}",3,4,1,0,0.7147000000000001,w,2019-09-29 15:00:00,1,0,0,3,-0.8551810000000001
Saint-Etienne,175,2019,Ligue_1,h,0.702101,0.362585,0.702101,0.362585,"{'att': 364, 'def': 25}","{'att': 224, 'def': 29}",5,2,1,0,1.6515,w,2019-10-06 20:00:00,1,0,0,3,0.339516
Saint-Etienne,175,2019,Ligue_1,a,0.869056,0.898813,0.108961,0.898813,"{'att': 439, 'def': 40}","{'att': 199, 'def': 30}",1,2,1,0,1.3394,w,2019-10-20 14:00:00,1,0,0,3,-0.789852
Saint-Etienne,175,2019,Ligue_1,h,0.615946,2.00972,0.615946,2.00972,"{'att': 304, 'def': 30}","{'att': 232, 'def': 23}",3,6,2,2,0.3575,d,2019-10-27 16:00:00,0,1,0,1,-1.393774
Saint-Etienne,175,2019,Ligue_1,h,1.51447,1.15385,1.51447,1.15385,"{'att': 343, 'def': 19}","{'att': 238, 'def': 18}",1,6,1,0,1.6824000000000001,w,2019-11-03 20:00:00,1,0,0,3,0.36061999999999994
Saint-Etienne,175,2019,Ligue_1,a,0.853131,0.932768,0.853131,0.932768,"{'att': 337, 'def': 25}","{'att': 216, 'def': 23}",1,6,3,2,1.2396,w,2019-11-10 16:00:00,1,0,0,3,-0.07963700000000007
Saint-Etienne,175,2019,Ligue_1,h,0.482393,1.33816,0.482393,1.33816,"{'att': 208, 'def': 28}","{'att': 250, 'def': 38}",1,2,0,0,0.5694,d,2019-11-24 16:00:00,0,1,0,1,-0.8557669999999999
Saint-Etienne,175,2019,Ligue_1,a,0.681836,1.48946,0.681836,1.48946,"{'att': 273, 'def': 28}","{'att': 227, 'def': 31}",1,4,1,2,0.6579999999999999,l,2019-12-01 16:00:00,0,0,1,0,-0.807624
Saint-Etienne,175,2019,Ligue_1,h,3.1578,1.41787,2.39771,1.41787,"{'att': 338, 'def': 31}","{'att': 316, 'def': 27}",4,6,4,1,2.4898,w,2019-12-04 18:00:00,1,0,0,3,0.97984
Saint-Etienne,175,2019,Ligue_1,a,0.511321,1.25893,0.511321,1.25893,"{'att': 260, 'def': 26}","{'att': 269, 'def': 21}",4,4,1,3,0.641,l,2019-12-08 14:00:00,0,0,1,0,-0.7476090000000001
Saint-Etienne,175,2019,Ligue_1,h,0.96128,3.60638,0.96128,2.84635,"{'att': 396, 'def': 19}","{'att': 176, 'def': 34}",2,17,0,4,0.1511,l,2019-12-15 20:00:00,0,0,1,0,-1.8850700000000002
Saint-Etienne,175,2019,Ligue_1,a,1.46101,0.501404,0.700919,0.501404,"{'att': 181, 'def': 31}","{'att': 307, 'def': 32}",3,1,1,2,2.2912,l,2019-12-21 19:45:00,0,0,1,0,0.199515
Saint-Etienne,175,2019,Ligue_1,h,0.380112,1.21513,0.380112,1.21513,"{'att': 214, 'def': 31}","{'att': 398, 'def': 32}",1,5,0,2,0.5626,l,2020-01-12 14:00:00,0,0,1,0,-0.835018
Saint-Etienne,175,2019,Ligue_1,h,2.13523,0.690494,1.37514,0.690494,"{'att': 215, 'def': 20}","{'att': 213, 'def': 30}",2,3,2,1,2.4781999999999997,w,2020-01-25 19:00:00,1,0,0,3,0.684646
Saint-Etienne,175,2019,Ligue_1,a,2.4587,0.882462,2.4587,0.882462,"{'att': 254, 'def': 33}","{'att': 287, 'def': 23}",3,1,1,3,2.4789,l,2020-02-02 16:00:00,0,0,1,0,1.576238
Saint-Etienne,175,2019,Ligue_1,h,0.453576,0.531558,0.453576,0.531558,"{'att': 340, 'def': 29}","{'att': 264, 'def': 28}",1,0,0,2,1.1602000000000001,l,2020-02-05 20:15:00,0,0,1,0,-0.077982
Saint-Etienne,175,2019,Ligue_1,a,1.05882,0.552256,1.05882,0.552256,"{'att': 215, 'def': 29}","{'att': 277, 'def': 26}",6,3,0,1,1.7797,l,2020-02-09 14:00:00,0,0,1,0,0.5065640000000001
Saint-Etienne,175,2019,Ligue_1,a,1.64068,1.77507,0.88058,1.77507,"{'att': 263, 'def': 28}","{'att': 278, 'def': 20}",4,7,2,3,1.267,l,2020-02-16 16:00:00,0,0,1,0,-0.8944899999999999
Saint-Etienne,175,2019,Ligue_1,h,0.638616,0.995257,0.638616,0.235162,"{'att': 298, 'def': 29}","{'att': 208, 'def': 17}",3,3,1,1,0.8818,d,2020-02-23 14:00:00,0,1,0,1,0.403454
Saint-Etienne,175,2019,Ligue_1,a,0.378435,2.92254,0.378435,2.16245,"{'att': 305, 'def': 19}","{'att': 156, 'def': 25}",3,11,0,2,0.07869999999999999,l,2020-03-01 19:00:00,0,0,1,0,-1.7840150000000001
Saint-Etienne,175,2019,Ligue_1,h,0.711678,0.924479,0.711678,0.924479,"{'att': 250, 'def': 25}","{'att': 275, 'def': 26}",7,2,1,1,1.0824,d,2020-03-08 13:00:00,0,1,0,1,-0.21280100000000002
Bordeaux,176,2019,Ligue_1,a,1.29511,1.52399,1.29511,1.52399,"{'att': 252, 'def': 23}","{'att': 323, 'def': 34}",3,4,1,3,1.2036,l,2019-08-10 19:00:00,0,0,1,0,-0.22887999999999997
Bordeaux,176,2019,Ligue_1,h,0.785876,0.683431,0.785876,0.683431,"{'att': 134, 'def': 20}","{'att': 381, 'def': 37}",1,5,1,1,1.3793,d,2019-08-17 19:00:00,0,1,0,1,0.10244500000000001
Bordeaux,176,2019,Ligue_1,a,0.626181,0.234901,0.626181,0.234901,"{'att': 277, 'def': 32}","{'att': 345, 'def': 35}",3,3,2,0,1.6810999999999998,w,2019-08-24 19:00:00,1,0,0,3,0.39127999999999996
Bordeaux,176,2019,Ligue_1,a,0.962238,1.00508,0.962238,1.00508,"{'att': 290, 'def': 23}","{'att': 283, 'def': 26}",7,2,1,1,1.2731999999999999,d,2019-08-31 16:30:00,0,1,0,1,-0.042841999999999936
Bordeaux,176,2019,Ligue_1,h,1.51518,0.944742,1.51518,0.944742,"{'att': 317, 'def': 36}","{'att': 280, 'def': 31}",4,6,2,0,1.8221,w,2019-09-14 18:00:00,1,0,0,3,0.570438
Bordeaux,176,2019,Ligue_1,h,1.56441,1.38448,1.56441,1.38448,"{'att': 225, 'def': 17}","{'att': 311, 'def': 14}",4,14,2,2,1.4847,d,2019-09-21 18:00:00,0,1,0,1,0.17993000000000015
Bordeaux,176,2019,Ligue_1,a,0.662691,1.33067,0.662691,1.33067,"{'att': 228, 'def': 20}","{'att': 320, 'def': 28}",3,2,3,1,0.6918,w,2019-09-25 17:00:00,1,0,0,3,-0.667979
Bordeaux,176,2019,Ligue_1,h,0.104666,2.83454,0.104666,2.83454,"{'att': 365, 'def': 15}","{'att': 232, 'def': 39}",0,22,0,1,0.0408,l,2019-09-28 15:30:00,0,0,1,0,-2.729874
Bordeaux,176,2019,Ligue_1,a,1.07992,0.846031,1.07992,0.846031,"{'att': 101, 'def': 21}","{'att': 380, 'def': 32}",5,2,3,1,1.5716999999999999,w,2019-10-05 19:00:00,1,0,0,3,0.233889
Bordeaux,176,2019,Ligue_1,h,0.898813,0.869056,0.898813,0.108961,"{'att': 199, 'def': 30}","{'att': 439, 'def': 40}",2,1,0,1,1.2662,l,2019-10-20 14:00:00,0,0,1,0,0.789852
Bordeaux,176,2019,Ligue_1,a,0.294002,1.56674,0.294002,0.806641,"{'att': 176, 'def': 22}","{'att': 322, 'def': 36}",2,8,0,3,0.301,l,2019-10-26 16:30:00,0,0,1,0,-0.5126390000000001
Bordeaux,176,2019,Ligue_1,h,0.828927,0.792992,0.828927,0.792992,"{'att': 269, 'def': 18}","{'att': 251, 'def': 27}",5,4,2,0,1.3741,w,2019-11-03 14:00:00,1,0,0,3,0.03593499999999994
Bordeaux,176,2019,Ligue_1,a,1.73733,1.55472,0.977232,1.55472,"{'att': 257, 'def': 33}","{'att': 409, 'def': 33}",2,4,1,1,1.5127000000000002,d,2019-11-08 19:45:00,0,1,0,1,-0.5774880000000001
Bordeaux,176,2019,Ligue_1,h,1.4834,1.43367,0.723306,1.43367,"{'att': 259, 'def': 16}","{'att': 304, 'def': 33}",3,7,2,1,1.4062999999999999,w,2019-11-24 14:00:00,1,0,0,3,-0.710364
Bordeaux,176,2019,Ligue_1,a,0.214619,1.16235,0.214619,1.16235,"{'att': 231, 'def': 27}","{'att': 277, 'def': 24}",2,2,1,1,0.4444,d,2019-11-30 19:00:00,0,1,0,1,-0.947731
Bordeaux,176,2019,Ligue_1,h,2.0996,0.192769,2.0996,0.192769,"{'att': 146, 'def': 21}","{'att': 584, 'def': 21}",5,3,6,0,2.7313,w,2019-12-03 18:00:00,1,0,0,3,1.9068310000000002
Bordeaux,176,2019,Ligue_1,a,0.15818,2.04801,0.15818,2.04801,"{'att': 256, 'def': 20}","{'att': 326, 'def': 35}",2,9,1,3,0.1527,l,2019-12-08 20:00:00,0,0,1,0,-1.8898300000000001
Bordeaux,176,2019,Ligue_1,h,1.28592,0.527336,1.28592,0.527336,"{'att': 186, 'def': 22}","{'att': 452, 'def': 12}",5,3,0,1,2.0639,l,2019-12-15 14:00:00,0,0,1,0,0.7585839999999999
Bordeaux,176,2019,Ligue_1,a,0.540713,1.07897,0.540713,1.07897,"{'att': 208, 'def': 37}","{'att': 285, 'def': 27}",3,7,0,1,0.8182,l,2019-12-21 19:45:00,0,0,1,0,-0.538257
Bordeaux,176,2019,Ligue_1,h,0.71442,2.43061,0.71442,2.43061,"{'att': 315, 'def': 16}","{'att': 240, 'def': 32}",3,13,1,2,0.3156,l,2020-01-11 16:30:00,0,0,1,0,-1.71619
Bordeaux,176,2019,Ligue_1,a,0.750449,0.201093,0.750449,0.201093,"{'att': 238, 'def': 29}","{'att': 402, 'def': 27}",1,0,1,0,1.9323000000000001,w,2020-01-26 16:00:00,1,0,0,3,0.5493560000000001
Bordeaux,176,2019,Ligue_1,h,1.15176,0.413632,1.15176,0.413632,"{'att': 184, 'def': 27}","{'att': 233, 'def': 29}",1,3,0,0,2.0771,d,2020-02-02 20:00:00,0,1,0,1,0.7381279999999999
Bordeaux,176,2019,Ligue_1,a,1.09016,1.81834,1.09016,1.05825,"{'att': 258, 'def': 28}","{'att': 277, 'def': 26}",4,3,1,1,0.7617,d,2020-02-05 18:00:00,0,1,0,1,0.031910000000000105
Bordeaux,176,2019,Ligue_1,a,2.11814,0.672638,2.11814,0.672638,"{'att': 121, 'def': 27}","{'att': 401, 'def': 8}",7,2,2,1,2.4641,w,2020-02-08 19:00:00,1,0,0,3,1.4455019999999998
Bordeaux,176,2019,Ligue_1,h,1.66815,0.948329,1.66815,0.948329,"{'att': 199, 'def': 32}","{'att': 436, 'def': 17}",3,2,2,2,2.0207,d,2020-02-15 19:00:00,0,1,0,1,0.719821
Bordeaux,176,2019,Ligue_1,a,1.89123,5.58145,1.89123,5.58145,"{'att': 372, 'def': 34}","{'att': 133, 'def': 29}",2,15,3,4,0.08549999999999999,l,2020-02-23 20:00:00,0,0,1,0,-3.69022
Bordeaux,176,2019,Ligue_1,h,2.02221,0.407018,2.02221,0.407018,"{'att': 374, 'def': 35}","{'att': 245, 'def': 26}",7,3,1,1,2.6145,d,2020-03-01 15:05:00,0,1,0,1,1.615192
Bordeaux,176,2019,Ligue_1,a,0.924479,0.711678,0.924479,0.711678,"{'att': 275, 'def': 26}","{'att': 250, 'def': 25}",2,7,1,1,1.5672000000000001,d,2020-03-08 13:00:00,0,1,0,1,0.21280100000000002
Reims,177,2019,Ligue_1,a,1.2983,0.874557,1.2983,0.874557,"{'att': 364, 'def': 23}","{'att': 200, 'def': 41}",6,4,2,0,1.6975,w,2019-08-10 16:30:00,1,0,0,3,0.423743
Reims,177,2019,Ligue_1,h,0.337739,0.560077,0.337739,0.560077,"{'att': 236, 'def': 28}","{'att': 353, 'def': 18}",5,1,0,0,0.9706000000000001,d,2019-08-18 16:00:00,0,1,0,1,-0.22233800000000004
Reims,177,2019,Ligue_1,a,0.792044,0.528162,0.792044,0.528162,"{'att': 328, 'def': 25}","{'att': 239, 'def': 23}",3,3,0,1,1.5735000000000001,l,2019-08-24 19:00:00,0,0,1,0,0.26388199999999995
Reims,177,2019,Ligue_1,h,2.00608,1.66021,1.24618,0.789024,"{'att': 329, 'def': 24}","{'att': 155, 'def': 25}",10,2,2,0,1.6482999999999999,w,2019-09-01 14:00:00,1,0,0,3,0.4571560000000001
Reims,177,2019,Ligue_1,a,0.693027,0.250307,0.693027,0.250307,"{'att': 286, 'def': 19}","{'att': 241, 'def': 28}",4,2,0,1,1.7633,l,2019-09-15 13:00:00,0,0,1,0,0.44271999999999995
Reims,177,2019,Ligue_1,h,1.35162,0.718079,1.35162,0.718079,"{'att': 289, 'def': 31}","{'att': 255, 'def': 16}",3,3,0,0,1.8881000000000001,d,2019-09-21 18:00:00,0,1,0,1,0.633541
Reims,177,2019,Ligue_1,a,1.17459,0.530839,1.17459,0.530839,"{'att': 425, 'def': 21}","{'att': 147, 'def': 24}",2,4,2,0,1.9435999999999998,w,2019-09-25 19:00:00,1,0,0,3,0.6437510000000001
Reims,177,2019,Ligue_1,h,0.784118,1.41539,0.784118,1.41539,"{'att': 216, 'def': 21}","{'att': 287, 'def': 38}",5,5,1,2,0.8087,l,2019-09-28 18:00:00,0,0,1,0,-0.6312719999999999
Reims,177,2019,Ligue_1,a,1.89057,1.01154,1.89057,1.01154,"{'att': 274, 'def': 20}","{'att': 155, 'def': 36}",6,5,1,0,2.0382000000000002,w,2019-10-06 16:00:00,1,0,0,3,0.87903
Reims,177,2019,Ligue_1,h,0.925625,0.594823,0.925625,0.594823,"{'att': 274, 'def': 23}","{'att': 210, 'def': 23}",2,3,1,0,1.6668,w,2019-10-19 19:00:00,1,0,0,3,0.33080200000000004
Reims,177,2019,Ligue_1,h,0.327724,0.409188,0.327724,0.409188,"{'att': 168, 'def': 18}","{'att': 215, 'def': 16}",2,0,0,0,1.1311,d,2019-10-26 19:00:00,0,1,0,1,-0.08146399999999998
Reims,177,2019,Ligue_1,a,0.732323,0.694457,0.732323,0.694457,"{'att': 432, 'def': 25}","{'att': 268, 'def': 21}",5,6,0,2,1.3561,l,2019-11-03 16:00:00,0,0,1,0,0.037865999999999955
Reims,177,2019,Ligue_1,h,0.450165,0.676515,0.450165,0.676515,"{'att': 224, 'def': 18}","{'att': 284, 'def': 13}",7,6,0,0,1.0572,d,2019-11-09 19:00:00,0,1,0,1,-0.22635
Reims,177,2019,Ligue_1,a,1.53329,0.904274,1.53329,0.904274,"{'att': 244, 'def': 19}","{'att': 226, 'def': 25}",7,2,1,1,1.9033,d,2019-11-23 19:00:00,0,1,0,1,0.629016
Reims,177,2019,Ligue_1,h,1.16235,0.214619,1.16235,0.214619,"{'att': 277, 'def': 24}","{'att': 231, 'def': 27}",2,2,1,1,2.2738,d,2019-11-30 19:00:00,0,1,0,1,0.947731
Reims,177,2019,Ligue_1,h,1.25893,0.511321,1.25893,0.511321,"{'att': 269, 'def': 21}","{'att': 260, 'def': 26}",4,4,3,1,2.0747,w,2019-12-08 14:00:00,1,0,0,3,0.7476090000000001
Reims,177,2019,Ligue_1,a,1.44219,0.669088,1.44219,0.669088,"{'att': 212, 'def': 18}","{'att': 235, 'def': 23}",3,6,1,0,2.0046,w,2019-12-14 19:00:00,1,0,0,3,0.7731020000000001
Reims,177,2019,Ligue_1,h,1.22724,1.59355,0.467144,0.833456,"{'att': 269, 'def': 21}","{'att': 168, 'def': 22}",4,8,1,1,0.9892,d,2019-12-21 19:45:00,0,1,0,1,-0.36631199999999997
Reims,177,2019,Ligue_1,a,0.504333,1.63031,0.504333,1.63031,"{'att': 138, 'def': 25}","{'att': 173, 'def': 36}",4,3,0,2,0.4275,l,2020-01-11 19:00:00,0,0,1,0,-1.1259769999999998
Reims,177,2019,Ligue_1,a,0.338768,0.988779,0.338768,0.103256,"{'att': 180, 'def': 26}","{'att': 354, 'def': 49}",2,4,1,1,0.47759999999999997,d,2020-01-15 18:00:00,0,1,0,1,0.235512
Reims,177,2019,Ligue_1,h,0.636235,0.949755,0.636235,0.949755,"{'att': 136, 'def': 31}","{'att': 339, 'def': 19}",10,2,0,1,1.0044,l,2020-01-25 19:00:00,0,0,1,0,-0.31352
Reims,177,2019,Ligue_1,a,1.72995,1.26614,0.969858,1.26614,"{'att': 294, 'def': 18}","{'att': 384, 'def': 16}",1,6,4,1,1.7373,w,2020-02-01 19:00:00,1,0,0,3,-0.29628200000000005
Reims,177,2019,Ligue_1,h,1.036,0.929255,1.036,0.929255,"{'att': 281, 'def': 24}","{'att': 310, 'def': 16}",10,6,1,1,1.3788,d,2020-02-05 18:00:00,0,1,0,1,0.10674499999999998
Reims,177,2019,Ligue_1,a,0.516785,2.94212,0.516785,2.18202,"{'att': 235, 'def': 18}","{'att': 256, 'def': 29}",6,5,0,3,0.0955,l,2020-02-09 16:00:00,0,0,1,0,-1.665235
Reims,177,2019,Ligue_1,h,1.29988,0.137662,0.539786,0.137662,"{'att': 261, 'def': 26}","{'att': 327, 'def': 23}",5,1,1,0,2.5871,w,2020-02-16 16:00:00,1,0,0,3,0.402124
Reims,177,2019,Ligue_1,a,0.995257,0.638616,0.235162,0.638616,"{'att': 208, 'def': 17}","{'att': 298, 'def': 29}",3,3,1,1,1.7383000000000002,d,2020-02-23 14:00:00,0,1,0,1,-0.403454
Reims,177,2019,Ligue_1,a,1.14998,1.97379,1.14998,1.21369,"{'att': 303, 'def': 19}","{'att': 265, 'def': 39}",6,11,1,1,0.7464,d,2020-02-29 19:00:00,0,1,0,1,-0.06370999999999993
Reims,177,2019,Ligue_1,h,1.33174,1.19416,1.33174,0.434062,"{'att': 307, 'def': 15}","{'att': 321, 'def': 23}",4,2,1,0,1.4398,w,2020-03-07 18:00:00,1,0,0,3,0.897678
Lyon,178,2019,Ligue_1,a,0.833034,0.563183,0.833034,0.563183,"{'att': 242, 'def': 28}","{'att': 467, 'def': 26}",2,2,3,0,1.5715,w,2019-08-09 19:45:00,1,0,0,3,0.26985100000000006
Lyon,178,2019,Ligue_1,h,1.49515,0.347737,1.49515,0.347737,"{'att': 206, 'def': 27}","{'att': 597, 'def': 25}",6,6,6,0,2.3795,w,2019-08-16 19:45:00,1,0,0,3,1.147413
Lyon,178,2019,Ligue_1,a,1.04285,1.89186,1.04285,1.13176,"{'att': 301, 'def': 17}","{'att': 273, 'def': 19}",2,7,0,1,0.7142000000000001,l,2019-08-27 18:00:00,0,0,1,0,-0.08891000000000004
Lyon,178,2019,Ligue_1,h,1.00508,0.962238,1.00508,0.962238,"{'att': 283, 'def': 26}","{'att': 290, 'def': 23}",2,7,1,1,1.3959,d,2019-08-31 16:30:00,0,1,0,1,0.042841999999999936
Lyon,178,2019,Ligue_1,a,1.79736,0.384927,1.79736,0.384927,"{'att': 310, 'def': 20}","{'att': 372, 'def': 31}",4,5,2,2,2.4941999999999998,d,2019-09-13 18:45:00,0,1,0,1,1.412433
Lyon,178,2019,Ligue_1,h,0.373068,1.25713,0.373068,1.25713,"{'att': 365, 'def': 17}","{'att': 284, 'def': 36}",1,15,0,1,0.6022000000000001,l,2019-09-22 19:00:00,0,0,1,0,-0.8840620000000001
Lyon,178,2019,Ligue_1,a,1.12904,0.507427,1.12904,0.507427,"{'att': 241, 'def': 19}","{'att': 423, 'def': 32}",3,5,2,2,1.9556999999999998,d,2019-09-25 17:00:00,0,1,0,1,0.6216130000000001
Lyon,178,2019,Ligue_1,h,0.962876,0.515732,0.962876,0.515732,"{'att': 180, 'def': 20}","{'att': 354, 'def': 15}",7,4,0,1,1.7391,l,2019-09-28 11:30:00,0,0,1,0,0.447144
Lyon,178,2019,Ligue_1,a,0.362585,0.702101,0.362585,0.702101,"{'att': 224, 'def': 29}","{'att': 364, 'def': 25}",2,5,0,1,0.9168000000000001,l,2019-10-06 20:00:00,0,0,1,0,-0.339516
Lyon,178,2019,Ligue_1,h,1.85901,0.357988,1.85901,0.357988,"{'att': 216, 'def': 22}","{'att': 354, 'def': 11}",10,0,0,0,2.4853,d,2019-10-19 16:30:00,0,1,0,1,1.501022
Lyon,178,2019,Ligue_1,h,1.93726,0.548122,1.17717,0.548122,"{'att': 172, 'def': 24}","{'att': 452, 'def': 18}",6,5,2,0,2.4652,w,2019-10-26 19:00:00,1,0,0,3,0.629048
Lyon,178,2019,Ligue_1,a,1.62692,1.36655,1.62692,1.36655,"{'att': 179, 'def': 15}","{'att': 436, 'def': 22}",14,5,3,2,1.5395999999999999,w,2019-11-02 19:00:00,1,0,0,3,0.26037
Lyon,178,2019,Ligue_1,a,1.09866,1.16011,1.09866,0.400012,"{'att': 138, 'def': 15}","{'att': 276, 'def': 27}",2,4,1,2,1.2336,l,2019-11-10 20:00:00,0,0,1,0,0.6986479999999999
Lyon,178,2019,Ligue_1,h,1.17252,2.32432,0.412421,2.32432,"{'att': 373, 'def': 21}","{'att': 182, 'def': 24}",3,5,2,1,0.5881,w,2019-11-23 16:30:00,1,0,0,3,-1.9118990000000002
Lyon,178,2019,Ligue_1,a,0.819941,0.422943,0.819941,0.422943,"{'att': 235, 'def': 20}","{'att': 222, 'def': 20}",1,5,2,1,1.7450999999999999,w,2019-11-30 17:00:00,1,0,0,3,0.396998
Lyon,178,2019,Ligue_1,h,0.586122,0.965168,0.586122,0.965168,"{'att': 160, 'def': 31}","{'att': 322, 'def': 19}",8,3,0,1,0.9558,l,2019-12-03 20:05:00,0,0,1,0,-0.379046
Lyon,178,2019,Ligue_1,a,2.68047,0.455948,1.92037,0.455948,"{'att': 81, 'def': 26}","{'att': 298, 'def': 16}",17,0,4,0,2.8061,w,2019-12-06 19:45:00,1,0,0,3,1.464422
Lyon,178,2019,Ligue_1,h,0.529236,0.939364,0.529236,0.939364,"{'att': 249, 'def': 27}","{'att': 305, 'def': 24}",3,4,0,1,0.9528000000000001,l,2019-12-15 16:00:00,0,0,1,0,-0.41012799999999994
Lyon,178,2019,Ligue_1,a,1.59355,1.22724,0.833456,0.467144,"{'att': 168, 'def': 22}","{'att': 269, 'def': 21}",8,4,1,1,1.6861,d,2019-12-21 19:45:00,0,1,0,1,0.36631199999999997
Lyon,178,2019,Ligue_1,a,2.43061,0.71442,2.43061,0.71442,"{'att': 240, 'def': 32}","{'att': 315, 'def': 16}",13,3,2,1,2.5383,w,2020-01-11 16:30:00,1,0,0,3,1.71619
Lyon,178,2019,Ligue_1,h,1.20096,0.327096,1.20096,0.327096,"{'att': 230, 'def': 24}","{'att': 436, 'def': 13}",5,2,3,0,2.1875999999999998,w,2020-01-26 14:00:00,1,0,0,3,0.873864
Lyon,178,2019,Ligue_1,a,1.55904,1.55091,1.55904,1.55091,"{'att': 315, 'def': 24}","{'att': 225, 'def': 35}",4,4,1,2,1.3565,l,2020-02-02 14:00:00,0,0,1,0,0.00812999999999997
Lyon,178,2019,Ligue_1,h,0.414472,0.244546,0.414472,0.244546,"{'att': 160, 'def': 25}","{'att': 328, 'def': 29}",6,1,0,0,1.4350999999999998,d,2020-02-05 18:00:00,0,1,0,1,0.169926
Lyon,178,2019,Ligue_1,a,0.874372,1.7391,0.874372,1.7391,"{'att': 490, 'def': 23}","{'att': 188, 'def': 29}",2,8,2,4,0.7287999999999999,l,2020-02-09 20:05:00,0,0,1,0,-0.864728
Lyon,178,2019,Ligue_1,h,1.22494,1.37886,1.22494,1.37886,"{'att': 168, 'def': 27}","{'att': 296, 'def': 27}",2,1,1,1,1.1507,d,2020-02-16 14:00:00,0,1,0,1,-0.15392000000000006
Lyon,178,2019,Ligue_1,a,1.5696,0.135117,0.809505,0.135117,"{'att': 218, 'def': 30}","{'att': 283, 'def': 19}",2,1,2,0,2.6684,w,2020-02-21 19:45:00,1,0,0,3,0.674388
Lyon,178,2019,Ligue_1,h,2.92254,0.378435,2.16245,0.378435,"{'att': 156, 'def': 25}","{'att': 305, 'def': 19}",11,3,2,0,2.8726000000000003,w,2020-03-01 19:00:00,1,0,0,3,1.7840150000000001
Lyon,178,2019,Ligue_1,a,1.14245,1.35925,1.14245,1.35925,"{'att': 175, 'def': 19}","{'att': 304, 'def': 30}",6,7,0,1,1.1727,l,2020-03-08 19:00:00,0,0,1,0,-0.2168000000000001
Metz,180,2019,Ligue_1,a,0.252178,1.60857,0.252178,1.60857,"{'att': 406, 'def': 28}","{'att': 259, 'def': 17}",4,4,1,1,0.3188,d,2019-08-11 16:00:00,0,1,0,1,-1.356392
Metz,180,2019,Ligue_1,h,3.11223,0.759639,2.35213,0.759639,"{'att': 268, 'def': 29}","{'att': 289, 'def': 23}",3,5,3,0,2.7592,w,2019-08-17 19:00:00,1,0,0,3,1.5924909999999999
Metz,180,2019,Ligue_1,a,0.147348,2.10383,0.147348,2.10383,"{'att': 203, 'def': 8}","{'att': 435, 'def': 25}",2,3,0,3,0.1282,l,2019-08-24 19:00:00,0,0,1,0,-1.9564819999999998
Metz,180,2019,Ligue_1,h,0.360572,2.01186,0.360572,1.25176,"{'att': 495, 'def': 27}","{'att': 151, 'def': 32}",1,5,0,2,0.2203,l,2019-08-30 19:45:00,0,0,1,0,-0.891188
Metz,180,2019,Ligue_1,a,0.944742,1.51518,0.944742,1.51518,"{'att': 280, 'def': 31}","{'att': 317, 'def': 36}",6,4,0,2,0.9121999999999999,l,2019-09-14 18:00:00,0,0,1,0,-0.570438
Metz,180,2019,Ligue_1,h,1.47876,1.64495,1.47876,1.64495,"{'att': 264, 'def': 25}","{'att': 261, 'def': 26}",5,4,1,2,1.2407,l,2019-09-21 18:00:00,0,0,1,0,-0.16618999999999984
Metz,180,2019,Ligue_1,a,0.532843,0.810489,0.532843,0.810489,"{'att': 247, 'def': 19}","{'att': 220, 'def': 34}",2,4,1,0,1.0444,w,2019-09-25 17:00:00,1,0,0,3,-0.27764600000000006
Metz,180,2019,Ligue_1,h,1.52646,0.82033,0.766368,0.82033,"{'att': 222, 'def': 15}","{'att': 207, 'def': 24}",4,12,2,2,1.9862000000000002,d,2019-09-28 18:00:00,0,1,0,1,-0.053961999999999954
Metz,180,2019,Ligue_1,a,0.537656,1.09035,0.537656,1.09035,"{'att': 175, 'def': 35}","{'att': 339, 'def': 21}",9,3,0,2,0.8011,l,2019-10-05 19:00:00,0,0,1,0,-0.5526939999999999
Metz,180,2019,Ligue_1,h,0.766702,0.428008,0.766702,0.428008,"{'att': 325, 'def': 26}","{'att': 272, 'def': 17}",5,2,1,0,1.6673,w,2019-10-19 19:00:00,1,0,0,3,0.338694
Metz,180,2019,Ligue_1,a,0.548122,1.93726,0.548122,1.17717,"{'att': 452, 'def': 18}","{'att': 172, 'def': 24}",5,6,0,2,0.36819999999999997,l,2019-10-26 19:00:00,0,0,1,0,-0.629048
Metz,180,2019,Ligue_1,h,1.14215,0.657443,1.14215,0.657443,"{'att': 221, 'def': 20}","{'att': 219, 'def': 38}",3,3,2,2,1.812,d,2019-11-02 19:00:00,0,1,0,1,0.484707
Metz,180,2019,Ligue_1,a,0.13875,1.65806,0.13875,1.65806,"{'att': 299, 'def': 15}","{'att': 132, 'def': 32}",0,6,0,0,0.2329,d,2019-11-09 19:00:00,0,1,0,1,-1.5193100000000002
Metz,180,2019,Ligue_1,h,0.904274,1.53329,0.904274,1.53329,"{'att': 226, 'def': 25}","{'att': 244, 'def': 19}",2,7,1,1,0.7936000000000001,d,2019-11-23 19:00:00,0,1,0,1,-0.629016
Metz,180,2019,Ligue_1,a,0.605779,0.467733,0.605779,0.467733,"{'att': 233, 'def': 24}","{'att': 195, 'def': 24}",3,3,1,1,1.4211999999999998,d,2019-11-30 19:00:00,0,1,0,1,0.13804599999999995
Metz,180,2019,Ligue_1,h,0.732116,1.13014,0.732116,1.13014,"{'att': 227, 'def': 22}","{'att': 295, 'def': 21}",7,4,0,1,0.9419,l,2019-12-04 18:00:00,0,0,1,0,-0.39802399999999993
Metz,180,2019,Ligue_1,a,0.938924,1.51971,0.938924,0.759618,"{'att': 500, 'def': 26}","{'att': 251, 'def': 29}",5,5,1,4,0.8514999999999999,l,2019-12-07 19:00:00,0,0,1,0,0.17930599999999997
Metz,180,2019,Ligue_1,h,1.01835,1.69227,0.258259,1.69227,"{'att': 325, 'def': 16}","{'att': 151, 'def': 37}",0,7,1,1,0.8289,d,2019-12-14 16:30:00,0,1,0,1,-1.434011
Metz,180,2019,Ligue_1,a,1.25101,1.08941,1.25101,1.08941,"{'att': 374, 'def': 16}","{'att': 319, 'def': 23}",5,6,2,2,1.5279,d,2019-12-21 19:45:00,0,1,0,1,0.16159999999999997
Metz,180,2019,Ligue_1,h,1.00705,1.16736,1.00705,1.16736,"{'att': 263, 'def': 13}","{'att': 332, 'def': 24}",2,8,1,0,1.2412999999999998,w,2020-01-11 19:00:00,1,0,0,3,-0.16030999999999995
Metz,180,2019,Ligue_1,a,0.949755,0.636235,0.949755,0.636235,"{'att': 339, 'def': 19}","{'att': 136, 'def': 31}",2,10,1,0,1.6542,w,2020-01-25 19:00:00,1,0,0,3,0.31352
Metz,180,2019,Ligue_1,h,0.882462,2.4587,0.882462,2.4587,"{'att': 287, 'def': 23}","{'att': 254, 'def': 33}",1,3,3,1,0.3681,w,2020-02-02 16:00:00,1,0,0,3,-1.576238
Metz,180,2019,Ligue_1,a,1.50948,0.508142,0.749388,0.508142,"{'att': 195, 'def': 26}","{'att': 244, 'def': 23}",3,4,1,1,2.2772,d,2020-02-05 18:00:00,0,1,0,1,0.24124600000000007
Metz,180,2019,Ligue_1,h,0.672638,2.11814,0.672638,2.11814,"{'att': 401, 'def': 8}","{'att': 121, 'def': 27}",2,7,1,2,0.3677,l,2020-02-08 19:00:00,0,0,1,0,-1.4455019999999998
Metz,180,2019,Ligue_1,a,0.296838,1.12669,0.296838,1.12669,"{'att': 276, 'def': 22}","{'att': 241, 'def': 32}",1,4,0,0,0.563,d,2020-02-15 19:00:00,0,1,0,1,-0.829852
Metz,180,2019,Ligue_1,h,0.135117,1.5696,0.135117,0.809505,"{'att': 283, 'def': 19}","{'att': 218, 'def': 30}",1,2,0,2,0.1889,l,2020-02-21 19:45:00,0,0,1,0,-0.674388
Metz,180,2019,Ligue_1,a,0.852598,0.901404,0.852598,0.901404,"{'att': 302, 'def': 15}","{'att': 174, 'def': 29}",4,7,1,0,1.2815,w,2020-02-29 19:00:00,1,0,0,3,-0.048806000000000016
Metz,180,2019,Ligue_1,h,1.40623,1.57289,1.40623,1.57289,"{'att': 176, 'def': 28}","{'att': 206, 'def': 21}",5,7,2,1,1.2402,w,2020-03-07 18:00:00,1,0,0,3,-0.1666599999999998
Dijon,181,2019,Ligue_1,h,2.15127,0.916517,1.39118,0.916517,"{'att': 262, 'def': 25}","{'att': 284, 'def': 26}",7,7,1,2,2.3087999999999997,l,2019-08-10 19:00:00,0,0,1,0,0.47466300000000006
Dijon,181,2019,Ligue_1,a,1.20997,1.61998,1.20997,1.61998,"{'att': 257, 'def': 18}","{'att': 265, 'def': 24}",6,5,0,1,1.0559,l,2019-08-17 19:00:00,0,0,1,0,-0.41001
Dijon,181,2019,Ligue_1,h,0.234901,0.626181,0.234901,0.626181,"{'att': 345, 'def': 35}","{'att': 277, 'def': 32}",3,3,0,2,0.8381000000000001,l,2019-08-24 19:00:00,0,0,1,0,-0.39127999999999996
Dijon,181,2019,Ligue_1,a,0.736529,1.41921,0.736529,1.41921,"{'att': 219, 'def': 26}","{'att': 349, 'def': 23}",2,4,0,2,0.5704,l,2019-08-31 18:00:00,0,0,1,0,-0.6826810000000001
Dijon,181,2019,Ligue_1,h,0.789744,0.342108,0.789744,0.342108,"{'att': 172, 'def': 22}","{'att': 323, 'def': 27}",3,4,0,0,1.7574999999999998,d,2019-09-14 18:00:00,0,1,0,1,0.447636
Dijon,181,2019,Ligue_1,a,1.10909,1.08457,1.10909,1.08457,"{'att': 407, 'def': 28}","{'att': 168, 'def': 29}",6,8,1,2,1.3754,l,2019-09-21 18:00:00,0,0,1,0,0.024519999999999875
Dijon,181,2019,Ligue_1,h,1.74443,1.31656,1.74443,1.31656,"{'att': 336, 'def': 27}","{'att': 237, 'def': 40}",3,5,0,0,1.678,d,2019-09-24 17:00:00,0,1,0,1,0.42787
Dijon,181,2019,Ligue_1,a,1.41539,0.784118,1.41539,0.784118,"{'att': 287, 'def': 38}","{'att': 216, 'def': 21}",5,5,2,1,1.9148,w,2019-09-28 18:00:00,1,0,0,3,0.6312719999999999
Dijon,181,2019,Ligue_1,h,1.18723,0.780588,1.18723,0.780588,"{'att': 366, 'def': 16}","{'att': 223, 'def': 27}",4,12,1,0,1.7515999999999998,w,2019-10-05 19:00:00,1,0,0,3,0.40664200000000006
Dijon,181,2019,Ligue_1,a,0.357988,1.85901,0.357988,1.85901,"{'att': 354, 'def': 11}","{'att': 216, 'def': 22}",0,10,0,0,0.3403,d,2019-10-19 16:30:00,0,1,0,1,-1.501022
Dijon,181,2019,Ligue_1,a,0.950504,2.10109,0.950504,2.10109,"{'att': 260, 'def': 19}","{'att': 279, 'def': 20}",4,4,0,2,0.5433,l,2019-10-26 19:00:00,0,0,1,0,-1.150586
Dijon,181,2019,Ligue_1,h,0.822624,3.04569,0.822624,3.04569,"{'att': 398, 'def': 21}","{'att': 172, 'def': 16}",6,13,2,1,0.216,w,2019-11-01 19:45:00,1,0,0,3,-2.223066
Dijon,181,2019,Ligue_1,a,1.22663,2.01244,1.22663,2.01244,"{'att': 306, 'def': 13}","{'att': 256, 'def': 38}",8,14,0,1,0.8523,l,2019-11-09 19:00:00,0,0,1,0,-0.7858099999999997
Dijon,181,2019,Ligue_1,h,0.614922,0.672553,0.614922,0.672553,"{'att': 250, 'def': 29}","{'att': 332, 'def': 23}",4,6,2,1,1.2369,w,2019-11-23 19:00:00,1,0,0,3,-0.05763099999999999
Dijon,181,2019,Ligue_1,a,0.640066,1.7125,0.640066,0.952607,"{'att': 234, 'def': 32}","{'att': 266, 'def': 39}",3,9,0,1,0.5051,l,2019-11-30 19:00:00,0,0,1,0,-0.31254099999999996
Dijon,181,2019,Ligue_1,h,1.29978,1.27691,1.29978,1.27691,"{'att': 248, 'def': 20}","{'att': 193, 'def': 32}",5,4,2,2,1.3846,d,2019-12-04 18:00:00,0,1,0,1,0.022869999999999946
Dijon,181,2019,Ligue_1,a,0.641251,0.982949,0.641251,0.982949,"{'att': 245, 'def': 23}","{'att': 291, 'def': 25}",3,4,0,1,1.0348,l,2019-12-08 16:00:00,0,0,1,0,-0.34169799999999995
Dijon,181,2019,Ligue_1,a,0.640617,0.28916,0.640617,0.28916,"{'att': 305, 'def': 16}","{'att': 312, 'def': 35}",1,0,1,1,1.6733,d,2019-12-14 19:00:00,0,1,0,1,0.351457
Dijon,181,2019,Ligue_1,h,1.08941,1.25101,1.08941,1.25101,"{'att': 319, 'def': 23}","{'att': 374, 'def': 16}",6,5,2,2,1.1784000000000001,d,2019-12-21 19:45:00,0,1,0,1,-0.16159999999999997
Dijon,181,2019,Ligue_1,h,1.21606,0.586501,1.21606,0.586501,"{'att': 280, 'def': 17}","{'att': 143, 'def': 34}",6,8,1,0,1.8869999999999998,w,2020-01-12 16:00:00,1,0,0,3,0.6295589999999999
Dijon,181,2019,Ligue_1,a,0.43555,1.84221,0.43555,1.84221,"{'att': 345, 'def': 20}","{'att': 290, 'def': 29}",1,7,1,2,0.3524,l,2020-01-25 19:00:00,0,0,1,0,-1.40666
Dijon,181,2019,Ligue_1,h,1.30207,1.31151,1.30207,1.31151,"{'att': 262, 'def': 23}","{'att': 196, 'def': 45}",4,7,3,0,1.3589,w,2020-02-01 19:00:00,1,0,0,3,-0.009439999999999893
Dijon,181,2019,Ligue_1,a,0.500338,1.43959,0.500338,1.43959,"{'att': 86, 'def': 36}","{'att': 243, 'def': 55}",8,2,0,2,0.5566,l,2020-02-05 18:00:00,0,0,1,0,-0.939252
Dijon,181,2019,Ligue_1,h,1.33878,0.571797,1.33878,0.571797,"{'att': 216, 'def': 35}","{'att': 283, 'def': 24}",4,3,3,3,2.0219,d,2020-02-08 19:00:00,0,1,0,1,0.7669830000000001
Dijon,181,2019,Ligue_1,a,0.948329,1.66815,0.948329,1.66815,"{'att': 436, 'def': 17}","{'att': 199, 'def': 32}",2,3,2,2,0.7055,d,2020-02-15 19:00:00,0,1,0,1,-0.719821
Dijon,181,2019,Ligue_1,h,1.58624,2.2089,1.58624,2.2089,"{'att': 339, 'def': 25}","{'att': 291, 'def': 34}",1,10,1,1,0.8835000000000001,d,2020-02-22 19:00:00,0,1,0,1,-0.6226599999999998
Dijon,181,2019,Ligue_1,a,0.303667,4.57141,0.303667,4.57141,"{'att': 545, 'def': 16}","{'att': 226, 'def': 24}",2,11,0,4,0.0144,l,2020-02-29 16:30:00,0,0,1,0,-4.267743
Dijon,181,2019,Ligue_1,h,0.88467,1.00717,0.88467,1.00717,"{'att': 237, 'def': 46}","{'att': 269, 'def': 22}",4,3,2,1,1.1913,w,2020-03-07 18:00:00,1,0,0,3,-0.12249999999999994
Amiens,224,2019,Ligue_1,a,0.604143,1.86828,0.604143,1.86828,"{'att': 409, 'def': 18}","{'att': 155, 'def': 18}",3,4,1,2,0.4083,l,2019-08-10 19:00:00,0,0,1,0,-1.2641369999999998
Amiens,224,2019,Ligue_1,h,1.07254,0.293318,1.07254,0.293318,"{'att': 233, 'def': 18}","{'att': 236, 'def': 17}",5,4,1,0,2.1915,w,2019-08-17 19:00:00,1,0,0,3,0.7792220000000001
Amiens,224,2019,Ligue_1,h,0.377125,2.0807,0.377125,2.0807,"{'att': 341, 'def': 22}","{'att': 248, 'def': 34}",2,5,1,2,0.2343,l,2019-08-24 19:00:00,0,0,1,0,-1.7035750000000003
Amiens,224,2019,Ligue_1,a,0.27328,1.28893,0.27328,1.28893,"{'att': 330, 'def': 19}","{'att': 391, 'def': 26}",6,5,0,2,0.4464,l,2019-08-31 18:00:00,0,0,1,0,-1.01565
Amiens,224,2019,Ligue_1,h,0.384927,1.79736,0.384927,1.79736,"{'att': 372, 'def': 31}","{'att': 310, 'def': 20}",5,4,2,2,0.3348,d,2019-09-13 18:45:00,0,1,0,1,-1.412433
Amiens,224,2019,Ligue_1,a,1.64495,1.47876,1.64495,1.47876,"{'att': 261, 'def': 26}","{'att': 264, 'def': 25}",4,5,2,1,1.4771,w,2019-09-21 18:00:00,1,0,0,3,0.16618999999999984
Amiens,224,2019,Ligue_1,h,1.33067,0.662691,1.33067,0.662691,"{'att': 320, 'def': 28}","{'att': 228, 'def': 20}",2,3,1,3,2.0295,l,2019-09-25 17:00:00,0,0,1,0,0.667979
Amiens,224,2019,Ligue_1,a,1.0426,0.903446,1.0426,0.903446,"{'att': 278, 'def': 19}","{'att': 221, 'def': 18}",2,5,1,1,1.4863999999999997,d,2019-09-28 18:00:00,0,1,0,1,0.139154
Amiens,224,2019,Ligue_1,h,2.90722,0.437853,2.14713,0.437853,"{'att': 334, 'def': 25}","{'att': 123, 'def': 30}",1,4,3,1,2.8409,w,2019-10-04 19:45:00,1,0,0,3,1.7092770000000002
Amiens,224,2019,Ligue_1,a,0.941379,0.317325,0.941379,0.317325,"{'att': 126, 'def': 28}","{'att': 258, 'def': 25}",9,4,1,1,1.916,d,2019-10-19 19:00:00,0,1,0,1,0.6240539999999999
Amiens,224,2019,Ligue_1,a,2.00972,0.615946,2.00972,0.615946,"{'att': 232, 'def': 23}","{'att': 304, 'def': 30}",6,3,2,2,2.4812000000000003,d,2019-10-27 16:00:00,0,1,0,1,1.393774
Amiens,224,2019,Ligue_1,h,1.37004,0.734059,0.609949,0.734059,"{'att': 297, 'def': 17}","{'att': 235, 'def': 31}",3,8,1,0,2.0084,w,2019-11-02 19:00:00,1,0,0,3,-0.12411000000000005
Amiens,224,2019,Ligue_1,a,0.473376,3.40531,0.473376,2.64522,"{'att': 207, 'def': 24}","{'att': 253, 'def': 20}",5,6,1,3,0.043,l,2019-11-10 14:00:00,0,0,1,0,-2.171844
Amiens,224,2019,Ligue_1,h,0.205703,2.67166,0.205703,2.67166,"{'att': 264, 'def': 21}","{'att': 364, 'def': 23}",1,7,0,4,0.039099999999999996,l,2019-11-23 19:00:00,0,0,1,0,-2.465957
Amiens,224,2019,Ligue_1,a,0.989696,1.35194,0.989696,1.35194,"{'att': 299, 'def': 16}","{'att': 286, 'def': 26}",2,3,2,4,1.0688,l,2019-11-30 19:00:00,0,0,1,0,-0.3622439999999999
Amiens,224,2019,Ligue_1,a,0.501323,2.64526,0.501323,2.64526,"{'att': 401, 'def': 20}","{'att': 201, 'def': 32}",3,13,0,3,0.1793,l,2019-12-07 19:00:00,0,0,1,0,-2.143937
Amiens,224,2019,Ligue_1,h,0.28916,0.640617,0.28916,0.640617,"{'att': 312, 'def': 35}","{'att': 305, 'def': 16}",0,1,1,1,0.8755999999999999,d,2019-12-14 19:00:00,0,1,0,1,-0.351457
Amiens,224,2019,Ligue_1,a,0.350562,4.8635,0.350562,4.8635,"{'att': 475, 'def': 17}","{'att': 202, 'def': 35}",3,19,1,4,0.011,l,2019-12-21 19:45:00,0,0,1,0,-4.512938
Amiens,224,2019,Ligue_1,h,1.02329,0.846418,1.02329,0.846418,"{'att': 225, 'def': 23}","{'att': 228, 'def': 28}",4,5,1,2,1.5410000000000001,l,2020-01-11 19:00:00,0,0,1,0,0.17687200000000003
Amiens,224,2019,Ligue_1,h,0.988779,0.338768,0.103256,0.338768,"{'att': 354, 'def': 49}","{'att': 180, 'def': 26}",4,2,1,1,2.235,d,2020-01-15 18:00:00,0,1,0,1,-0.235512
Amiens,224,2019,Ligue_1,a,1.00169,0.805902,0.241596,0.805902,"{'att': 191, 'def': 26}","{'att': 151, 'def': 26}",3,2,1,2,1.5469,l,2020-01-25 19:00:00,0,0,1,0,-0.564306
Amiens,224,2019,Ligue_1,h,0.803089,0.673436,0.803089,0.673436,"{'att': 179, 'def': 25}","{'att': 256, 'def': 25}",4,1,0,0,1.4919,d,2020-02-01 19:00:00,0,1,0,1,0.12965300000000002
Amiens,224,2019,Ligue_1,a,0.244546,0.414472,0.244546,0.414472,"{'att': 328, 'def': 29}","{'att': 160, 'def': 25}",1,6,0,0,1.004,d,2020-02-05 18:00:00,0,1,0,1,-0.169926
Amiens,224,2019,Ligue_1,h,0.436377,1.28092,0.436377,1.28092,"{'att': 236, 'def': 25}","{'att': 119, 'def': 28}",4,6,1,2,0.5851999999999999,l,2020-02-08 19:00:00,0,0,1,0,-0.844543
Amiens,224,2019,Ligue_1,h,1.51396,3.45174,1.51396,3.45174,"{'att': 503, 'def': 36}","{'att': 152, 'def': 31}",6,7,4,4,0.35359999999999997,d,2020-02-15 16:30:00,0,1,0,1,-1.93778
Amiens,224,2019,Ligue_1,a,0.0631697,0.63802,0.0631697,0.63802,"{'att': 216, 'def': 33}","{'att': 118, 'def': 23}",2,6,0,0,0.5989,d,2020-02-22 19:00:00,0,1,0,1,-0.5748503
Amiens,224,2019,Ligue_1,h,0.901404,0.852598,0.901404,0.852598,"{'att': 174, 'def': 29}","{'att': 302, 'def': 15}",7,4,0,1,1.3823,l,2020-02-29 19:00:00,0,0,1,0,0.048806000000000016
Amiens,224,2019,Ligue_1,a,1.87515,1.06698,1.11506,1.06698,"{'att': 307, 'def': 28}","{'att': 237, 'def': 28}",4,6,2,2,2.0257,d,2020-03-06 19:00:00,0,1,0,1,0.0480799999999999
Strasbourg,225,2019,Ligue_1,h,1.60857,0.252178,1.60857,0.252178,"{'att': 259, 'def': 17}","{'att': 406, 'def': 28}",4,4,1,1,2.4896000000000003,d,2019-08-11 16:00:00,0,1,0,1,1.356392
Strasbourg,225,2019,Ligue_1,a,0.560077,0.337739,0.560077,0.337739,"{'att': 353, 'def': 18}","{'att': 236, 'def': 28}",1,5,0,0,1.5553,d,2019-08-18 16:00:00,0,1,0,1,0.22233800000000004
Strasbourg,225,2019,Ligue_1,h,1.62131,0.496085,0.861212,0.496085,"{'att': 262, 'def': 26}","{'att': 206, 'def': 24}",6,2,0,2,2.3491,l,2019-08-25 16:00:00,0,0,1,0,0.365127
Strasbourg,225,2019,Ligue_1,h,1.34345,2.87671,0.583355,2.87671,"{'att': 167, 'def': 26}","{'att': 292, 'def': 31}",9,5,2,2,0.3946,d,2019-09-01 16:00:00,0,1,0,1,-2.293355
Strasbourg,225,2019,Ligue_1,a,0.561424,0.839304,0.561424,0.839304,"{'att': 304, 'def': 16}","{'att': 232, 'def': 35}",2,13,0,1,1.0722,l,2019-09-14 15:30:00,0,0,1,0,-0.27788
Strasbourg,225,2019,Ligue_1,h,1.87224,0.553506,1.11215,0.553506,"{'att': 181, 'def': 21}","{'att': 321, 'def': 24}",5,3,2,1,2.4608,w,2019-09-20 18:45:00,1,0,0,3,0.5586439999999999
Strasbourg,225,2019,Ligue_1,a,0.234977,3.02158,0.234977,3.02158,"{'att': 432, 'def': 12}","{'att': 212, 'def': 24}",3,4,0,2,0.052899999999999996,l,2019-09-25 17:00:00,0,0,1,0,-2.7866030000000004
Strasbourg,225,2019,Ligue_1,h,0.390945,1.28128,0.390945,0.521186,"{'att': 239, 'def': 25}","{'att': 201, 'def': 27}",2,5,1,0,0.4679,w,2019-09-29 13:00:00,1,0,0,3,-0.13024100000000005
Strasbourg,225,2019,Ligue_1,a,0.780588,1.18723,0.780588,1.18723,"{'att': 223, 'def': 27}","{'att': 366, 'def': 16}",12,4,0,1,0.9347,l,2019-10-05 19:00:00,0,0,1,0,-0.40664200000000006
Strasbourg,225,2019,Ligue_1,a,0.32374,1.5975,0.32374,0.837407,"{'att': 304, 'def': 24}","{'att': 302, 'def': 21}",4,3,0,2,0.2964,l,2019-10-20 20:00:00,0,0,1,0,-0.513667
Strasbourg,225,2019,Ligue_1,h,2.00977,0.937597,2.00977,0.937597,"{'att': 263, 'def': 45}","{'att': 229, 'def': 18}",6,1,1,0,2.154,w,2019-10-26 19:00:00,1,0,0,3,1.072173
Strasbourg,225,2019,Ligue_1,a,1.37295,0.985715,1.37295,0.22562,"{'att': 142, 'def': 32}","{'att': 354, 'def': 19}",3,1,0,1,1.7115,l,2019-11-02 19:00:00,0,0,1,0,1.14733
Strasbourg,225,2019,Ligue_1,h,3.34398,0.728859,3.34398,0.728859,"{'att': 121, 'def': 26}","{'att': 248, 'def': 15}",7,2,4,1,2.7918,w,2019-11-09 19:00:00,1,0,0,3,2.6151210000000003
Strasbourg,225,2019,Ligue_1,a,2.67166,0.205703,2.67166,0.205703,"{'att': 364, 'def': 23}","{'att': 264, 'def': 21}",7,1,4,0,2.9308,w,2019-11-23 19:00:00,1,0,0,3,2.465957
Strasbourg,225,2019,Ligue_1,h,0.422943,0.819941,0.422943,0.819941,"{'att': 222, 'def': 20}","{'att': 235, 'def': 20}",5,1,1,2,0.8688,l,2019-11-30 17:00:00,0,0,1,0,-0.396998
Strasbourg,225,2019,Ligue_1,a,0.775747,2.23505,0.775747,1.47502,"{'att': 269, 'def': 21}","{'att': 227, 'def': 17}",8,6,0,5,0.3507,l,2019-12-03 18:00:00,0,0,1,0,-0.699273
Strasbourg,225,2019,Ligue_1,h,2.82508,2.12038,2.82508,2.12038,"{'att': 226, 'def': 30}","{'att': 293, 'def': 21}",10,6,4,2,1.8466,w,2019-12-07 19:00:00,1,0,0,3,0.7046999999999999
Strasbourg,225,2019,Ligue_1,a,0.527336,1.28592,0.527336,1.28592,"{'att': 452, 'def': 12}","{'att': 186, 'def': 22}",3,5,1,0,0.6482,w,2019-12-15 14:00:00,1,0,0,3,-0.7585839999999999
Strasbourg,225,2019,Ligue_1,h,0.501404,1.46101,0.501404,0.700919,"{'att': 307, 'def': 32}","{'att': 181, 'def': 31}",1,3,2,1,0.4651,w,2019-12-21 19:45:00,1,0,0,3,-0.199515
Strasbourg,225,2019,Ligue_1,a,1.16736,1.00705,1.16736,1.00705,"{'att': 332, 'def': 24}","{'att': 263, 'def': 13}",8,2,0,1,1.4222000000000001,l,2020-01-11 19:00:00,0,0,1,0,0.16030999999999995
Strasbourg,225,2019,Ligue_1,a,1.14162,1.06289,1.14162,1.06289,"{'att': 360, 'def': 15}","{'att': 251, 'def': 27}",3,1,3,1,1.3646000000000003,w,2020-01-25 19:00:00,1,0,0,3,0.07873000000000019
Strasbourg,225,2019,Ligue_1,h,1.05247,1.56981,1.05247,0.809718,"{'att': 218, 'def': 16}","{'att': 159, 'def': 32}",3,6,1,2,0.9041,l,2020-02-01 19:00:00,0,0,1,0,0.24275199999999997
Strasbourg,225,2019,Ligue_1,a,1.63603,0.991734,1.63603,0.991734,"{'att': 188, 'def': 18}","{'att': 347, 'def': 37}",5,3,1,0,1.8848000000000003,w,2020-02-05 18:00:00,1,0,0,3,0.6442960000000001
Strasbourg,225,2019,Ligue_1,h,2.94212,0.516785,2.18202,0.516785,"{'att': 256, 'def': 29}","{'att': 235, 'def': 18}",5,6,3,0,2.8438000000000003,w,2020-02-09 16:00:00,1,0,0,3,1.665235
Strasbourg,225,2019,Ligue_1,a,1.37886,1.22494,1.37886,1.22494,"{'att': 296, 'def': 27}","{'att': 168, 'def': 27}",1,2,1,1,1.4786000000000001,d,2020-02-16 14:00:00,0,1,0,1,0.15392000000000006
Strasbourg,225,2019,Ligue_1,h,0.63802,0.0631697,0.63802,0.0631697,"{'att': 118, 'def': 23}","{'att': 216, 'def': 33}",6,2,0,0,1.8988,d,2020-02-22 19:00:00,0,1,0,1,0.5748503
Strasbourg,225,2019,Ligue_1,a,0.851456,3.80176,0.851456,3.04166,"{'att': 216, 'def': 24}","{'att': 296, 'def': 15}",4,4,0,3,0.0989,l,2020-02-29 19:00:00,0,0,1,0,-2.1902039999999996
Nimes,235,2019,Ligue_1,a,0.305387,3.61599,0.305387,2.8559,"{'att': 475, 'def': 9}","{'att': 138, 'def': 34}",3,12,0,3,0.0266,l,2019-08-11 20:00:00,0,0,1,0,-2.550513
Nimes,235,2019,Ligue_1,h,1.26223,2.00012,0.502131,1.24002,"{'att': 246, 'def': 30}","{'att': 220, 'def': 14}",9,4,1,2,0.7054,l,2019-08-17 19:00:00,0,0,1,0,-0.7378889999999999
Nimes,235,2019,Ligue_1,a,2.24062,2.40125,2.24062,2.40125,"{'att': 214, 'def': 23}","{'att': 250, 'def': 27}",2,10,2,2,1.2823,d,2019-08-25 14:00:00,0,1,0,1,-0.16063000000000027
Nimes,235,2019,Ligue_1,h,2.334,0.8598,2.334,0.8598,"{'att': 345, 'def': 22}","{'att': 152, 'def': 17}",6,4,3,0,2.3896,w,2019-08-31 18:00:00,1,0,0,3,1.4742000000000002
Nimes,235,2019,Ligue_1,a,0.342108,0.789744,0.342108,0.789744,"{'att': 323, 'def': 27}","{'att': 172, 'def': 22}",4,3,0,0,0.8263,d,2019-09-14 18:00:00,0,1,0,1,-0.447636
Nimes,235,2019,Ligue_1,h,1.62783,0.844257,1.62783,0.844257,"{'att': 308, 'def': 27}","{'att': 184, 'def': 15}",7,7,1,0,1.9608000000000003,w,2019-09-21 18:00:00,1,0,0,3,0.7835730000000001
Nimes,235,2019,Ligue_1,a,0.719947,0.579923,0.719947,0.579923,"{'att': 222, 'def': 31}","{'att': 165, 'def': 23}",6,5,0,1,1.4499,l,2019-09-25 17:00:00,0,0,1,0,0.14002400000000004
Nimes,235,2019,Ligue_1,h,1.71161,0.856429,1.71161,0.856429,"{'att': 139, 'def': 21}","{'att': 293, 'def': 20}",4,3,0,1,2.0194,l,2019-09-29 15:00:00,0,0,1,0,0.8551810000000001
Nimes,235,2019,Ligue_1,a,1.76186,2.57207,1.00176,2.57207,"{'att': 294, 'def': 17}","{'att': 117, 'def': 21}",4,7,2,2,0.7771,d,2019-10-06 14:00:00,0,1,0,1,-1.57031
Nimes,235,2019,Ligue_1,h,0.317325,0.941379,0.317325,0.941379,"{'att': 258, 'def': 25}","{'att': 126, 'def': 28}",4,9,1,1,0.7115,d,2019-10-19 19:00:00,0,1,0,1,-0.6240539999999999
Nimes,235,2019,Ligue_1,a,0.409188,0.327724,0.409188,0.327724,"{'att': 215, 'def': 16}","{'att': 168, 'def': 18}",0,2,0,0,1.3267,d,2019-10-26 19:00:00,0,1,0,1,0.08146399999999998
Nimes,235,2019,Ligue_1,a,0.728859,3.34398,0.728859,3.34398,"{'att': 248, 'def': 15}","{'att': 121, 'def': 26}",2,7,1,4,0.14129999999999998,l,2019-11-09 19:00:00,0,0,1,0,-2.6151210000000003
Nimes,235,2019,Ligue_1,a,0.569399,1.13196,0.569399,1.13196,"{'att': 243, 'def': 20}","{'att': 393, 'def': 26}",4,5,0,1,0.8577999999999999,l,2019-11-23 19:00:00,0,0,1,0,-0.5625610000000001
Nimes,235,2019,Ligue_1,h,0.467733,0.605779,0.467733,0.605779,"{'att': 195, 'def': 24}","{'att': 233, 'def': 24}",3,3,1,1,1.1362,d,2019-11-30 19:00:00,0,1,0,1,-0.13804599999999995
Nimes,235,2019,Ligue_1,a,0.192769,2.0996,0.192769,2.0996,"{'att': 584, 'def': 21}","{'att': 146, 'def': 21}",3,5,0,6,0.1627,l,2019-12-03 18:00:00,0,0,1,0,-1.9068310000000002
Nimes,235,2019,Ligue_1,h,0.455948,2.68047,0.455948,1.92037,"{'att': 298, 'def': 16}","{'att': 81, 'def': 26}",0,17,0,4,0.1178,l,2019-12-06 19:45:00,0,0,1,0,-1.464422
Nimes,235,2019,Ligue_1,h,0.848701,1.31851,0.848701,1.31851,"{'att': 185, 'def': 28}","{'att': 211, 'def': 27}",1,2,0,1,0.9391,l,2019-12-14 19:00:00,0,0,1,0,-0.46980900000000003
Nimes,235,2019,Ligue_1,a,1.14972,1.97361,1.14972,1.97361,"{'att': 323, 'def': 20}","{'att': 207, 'def': 19}",3,7,1,3,0.728,l,2019-12-21 19:45:00,0,0,1,0,-0.82389
Nimes,235,2019,Ligue_1,h,1.63031,0.504333,1.63031,0.504333,"{'att': 173, 'def': 36}","{'att': 138, 'def': 25}",3,4,2,0,2.3535,w,2020-01-11 19:00:00,1,0,0,3,1.1259769999999998
Nimes,235,2019,Ligue_1,h,0.190223,0.666492,0.190223,0.666492,"{'att': 149, 'def': 36}","{'att': 177, 'def': 22}",4,2,0,1,0.7223999999999999,l,2020-01-15 18:00:00,0,0,1,0,-0.47626899999999994
Nimes,235,2019,Ligue_1,a,0.690494,2.13523,0.690494,1.37514,"{'att': 213, 'def': 30}","{'att': 215, 'def': 20}",3,2,1,2,0.3575,l,2020-01-25 19:00:00,0,0,1,0,-0.684646
Nimes,235,2019,Ligue_1,h,1.72671,0.732842,1.72671,0.732842,"{'att': 156, 'def': 27}","{'att': 177, 'def': 7}",9,2,3,1,2.1284,w,2020-02-01 19:00:00,1,0,0,3,0.993868
Nimes,235,2019,Ligue_1,h,1.43959,0.500338,1.43959,0.500338,"{'att': 243, 'def': 55}","{'att': 86, 'def': 36}",2,8,2,0,2.185,w,2020-02-05 18:00:00,1,0,0,3,0.939252
Nimes,235,2019,Ligue_1,a,1.71921,0.704132,1.71921,0.704132,"{'att': 350, 'def': 31}","{'att': 208, 'def': 18}",4,9,3,1,2.209,w,2020-02-08 19:00:00,1,0,0,3,1.015078
Nimes,235,2019,Ligue_1,h,0.977294,0.480458,0.977294,0.480458,"{'att': 185, 'def': 23}","{'att': 190, 'def': 23}",3,4,1,0,1.7965,w,2020-02-15 19:00:00,1,0,0,3,0.496836
Nimes,235,2019,Ligue_1,a,0.3864,2.42942,0.3864,2.42942,"{'att': 348, 'def': 22}","{'att': 199, 'def': 20}",6,8,1,2,0.18430000000000002,l,2020-02-23 16:00:00,0,0,1,0,-2.04302
Nimes,235,2019,Ligue_1,h,2.4154,1.97133,2.4154,1.97133,"{'att': 223, 'def': 30}","{'att': 159, 'def': 20}",3,3,2,3,1.7126000000000001,l,2020-02-28 19:45:00,0,0,1,0,0.44406999999999996
Nimes,235,2019,Ligue_1,a,1.57289,1.40623,1.57289,1.40623,"{'att': 206, 'def': 21}","{'att': 176, 'def': 28}",7,5,1,2,1.4799000000000002,l,2020-03-07 18:00:00,0,0,1,0,0.1666599999999998
Brest,241,2019,Ligue_1,h,2.32973,1.42777,1.56964,1.42777,"{'att': 356, 'def': 25}","{'att': 161, 'def': 25}",6,9,1,1,2.0648,d,2019-08-10 19:00:00,0,1,0,1,0.14186999999999994
Brest,241,2019,Ligue_1,a,0.501067,2.21564,0.501067,2.21564,"{'att': 307, 'def': 19}","{'att': 219, 'def': 35}",2,8,1,1,0.29369999999999996,d,2019-08-18 14:00:00,0,1,0,1,-1.7145730000000001
Brest,241,2019,Ligue_1,h,0.528162,0.792044,0.528162,0.792044,"{'att': 239, 'def': 23}","{'att': 328, 'def': 25}",3,3,1,0,1.0386000000000002,w,2019-08-24 19:00:00,1,0,0,3,-0.26388199999999995
Brest,241,2019,Ligue_1,a,0.8598,2.334,0.8598,2.334,"{'att': 152, 'def': 17}","{'att': 345, 'def': 22}",4,6,0,3,0.4426,l,2019-08-31 18:00:00,0,0,1,0,-1.4742000000000002
Brest,241,2019,Ligue_1,h,0.388148,0.424593,0.388148,0.424593,"{'att': 270, 'def': 17}","{'att': 254, 'def': 22}",7,1,0,0,1.2017,d,2019-09-14 18:00:00,0,1,0,1,-0.036445000000000005
Brest,241,2019,Ligue_1,a,1.38448,1.56441,1.38448,1.56441,"{'att': 311, 'def': 14}","{'att': 225, 'def': 17}",14,4,2,2,1.2516,d,2019-09-21 18:00:00,0,1,0,1,-0.17993000000000015
Brest,241,2019,Ligue_1,h,0.507427,1.12904,0.507427,1.12904,"{'att': 423, 'def': 32}","{'att': 241, 'def': 19}",5,3,2,2,0.7413000000000001,d,2019-09-25 17:00:00,0,1,0,1,-0.6216130000000001
Brest,241,2019,Ligue_1,a,0.395322,3.77849,0.395322,3.01839,"{'att': 315, 'def': 21}","{'att': 291, 'def': 27}",1,14,1,4,0.0389,l,2019-09-28 18:00:00,0,0,1,0,-2.623068
Brest,241,2019,Ligue_1,h,1.09035,0.537656,1.09035,0.537656,"{'att': 339, 'def': 21}","{'att': 175, 'def': 35}",3,9,2,0,1.8793000000000002,w,2019-10-05 19:00:00,1,0,0,3,0.5526939999999999
Brest,241,2019,Ligue_1,a,0.240686,1.49766,0.240686,1.49766,"{'att': 294, 'def': 21}","{'att': 258, 'def': 26}",3,8,1,0,0.3684,w,2019-10-19 19:00:00,1,0,0,3,-1.256974
Brest,241,2019,Ligue_1,h,2.10109,0.950504,2.10109,0.950504,"{'att': 279, 'def': 20}","{'att': 260, 'def': 19}",4,4,2,0,2.2554,w,2019-10-26 19:00:00,1,0,0,3,1.150586
Brest,241,2019,Ligue_1,a,0.734059,1.37004,0.734059,0.609949,"{'att': 235, 'def': 31}","{'att': 297, 'def': 17}",8,3,0,1,0.7157,l,2019-11-02 19:00:00,0,0,1,0,0.12411000000000005
Brest,241,2019,Ligue_1,h,1.13488,2.54466,1.13488,2.54466,"{'att': 373, 'def': 37}","{'att': 244, 'def': 26}",7,11,1,2,0.5019,l,2019-11-09 16:30:00,0,0,1,0,-1.4097799999999998
Brest,241,2019,Ligue_1,h,0.565279,1.50416,0.565279,1.50416,"{'att': 156, 'def': 25}","{'att': 343, 'def': 22}",7,4,1,1,0.5243,d,2019-11-23 19:00:00,0,1,0,1,-0.938881
Brest,241,2019,Ligue_1,a,0.692625,4.52731,0.692625,4.52731,"{'att': 298, 'def': 19}","{'att': 221, 'def': 31}",1,10,1,2,0.0438,l,2019-11-29 19:00:00,0,0,1,0,-3.834685
Brest,241,2019,Ligue_1,h,2.23505,0.775747,1.47502,0.775747,"{'att': 227, 'def': 17}","{'att': 269, 'def': 21}",6,8,5,0,2.4818999999999996,w,2019-12-03 18:00:00,1,0,0,3,0.699273
Brest,241,2019,Ligue_1,a,0.261931,2.53737,0.261931,1.77734,"{'att': 288, 'def': 16}","{'att': 316, 'def': 25}",4,6,0,1,0.0755,l,2019-12-06 18:00:00,0,0,1,0,-1.515409
Brest,241,2019,Ligue_1,h,2.53255,1.13522,1.77265,1.13522,"{'att': 214, 'def': 40}","{'att': 331, 'def': 9}",12,0,0,0,2.3594,d,2019-12-14 19:00:00,0,1,0,1,0.6374300000000002
Brest,241,2019,Ligue_1,a,0.751773,2.2249,0.751773,1.46481,"{'att': 206, 'def': 29}","{'att': 313, 'def': 20}",8,5,0,4,0.4044,l,2019-12-21 19:45:00,0,0,1,0,-0.7130369999999999
Brest,241,2019,Ligue_1,a,1.95386,1.45157,1.95386,1.45157,"{'att': 245, 'def': 23}","{'att': 281, 'def': 33}",7,7,5,2,1.7397,w,2020-01-11 19:00:00,1,0,0,3,0.5022899999999999
Brest,241,2019,Ligue_1,h,0.805902,1.00169,0.805902,0.241596,"{'att': 151, 'def': 26}","{'att': 191, 'def': 26}",2,3,2,1,1.0813000000000001,w,2020-01-25 19:00:00,1,0,0,3,0.564306
Brest,241,2019,Ligue_1,a,1.31151,1.30207,1.31151,1.30207,"{'att': 196, 'def': 45}","{'att': 262, 'def': 23}",7,4,0,3,1.3574000000000002,l,2020-02-01 19:00:00,0,0,1,0,0.009439999999999893
Brest,241,2019,Ligue_1,h,1.81834,1.09016,1.05825,1.09016,"{'att': 277, 'def': 26}","{'att': 258, 'def': 28}",3,4,1,1,1.9851,d,2020-02-05 18:00:00,0,1,0,1,-0.031910000000000105
Brest,241,2019,Ligue_1,a,0.39852,0.829419,0.39852,0.829419,"{'att': 328, 'def': 24}","{'att': 226, 'def': 27}",4,6,0,0,0.8831,d,2020-02-08 19:00:00,0,1,0,1,-0.43089900000000003
Brest,241,2019,Ligue_1,h,1.77507,1.64068,1.77507,0.88058,"{'att': 278, 'def': 20}","{'att': 263, 'def': 28}",7,4,3,2,1.4697999999999998,w,2020-02-16 16:00:00,1,0,0,3,0.8944899999999999
Brest,241,2019,Ligue_1,a,0.626653,1.86279,0.626653,1.86279,"{'att': 394, 'def': 16}","{'att': 376, 'def': 24}",4,2,2,2,0.33209999999999995,d,2020-02-21 18:00:00,0,1,0,1,-1.2361369999999998
Brest,241,2019,Ligue_1,h,0.929266,0.324731,0.929266,0.324731,"{'att': 185, 'def': 27}","{'att': 406, 'def': 15}",8,4,0,1,1.8910999999999998,l,2020-02-29 19:00:00,0,0,1,0,0.604535
Brest,241,2019,Ligue_1,a,1.19416,1.33174,0.434062,1.33174,"{'att': 321, 'def': 23}","{'att': 307, 'def': 15}",2,4,0,1,1.2214,l,2020-03-07 18:00:00,0,0,1,0,-0.897678
