Pos,ID,Name,BV,SV,Team,35_xMins,36_xMins,37_xMins,38_xMins,35_eo,36_eo,37_eo,38_eo
G,1,Raya,6.0,6.0,Arsenal,89.10,89.10,89.10,89.10,0.37,0.14,0.35,0.36
G,2,Arrizabalaga,4.0,4.0,Arsenal,1.20,1.20,1.20,1.20,0.00,0.00,0.00,0.00
G,4,Setford,3.9,3.9,Arsenal,0.00,0.00,0.00,0.00,0.00,0.00,0.00,0.00
D,5,Gabriel,7.2,7.2,Arsenal,85.05,85.05,85.05,85.05,0.91,0.56,1.03,0.79
D,6,Saliba,6.1,6.1,Arsenal,85.05,85.05,85.05,85.05,0.07,0.02,0.07,0.04
D,7,Calafiori,5.6,5.6,Arsenal,56.40,39.30,39.30,39.30,0.00,0.00,0.00,0.00
D,8,J.Timber,6.1,6.1,Arsenal,0.00,78.15,78.15,78.15,0.00,0.14,0.34,0.25
D,10,Lewis-Skelly,5.0,5.0,Arsenal,9.45,9.45,9.45,9.45,0.00,0.00,0.00,0.00
D,11,White,5.1,5.1,Arsenal,43.50,9.45,9.45,9.45,0.00,0.00,0.00,0.00
D,13,Clarke,3.7,3.7,Arsenal,0.00,0.00,0.00,0.00,0.00,0.00,0.00,0.00
D,15,Nichols,3.7,3.7,Arsenal,0.00,0.00,0.00,0.00,0.00,0.00,0.00,0.00
M,16,Saka,9.8,9.8,Arsenal,61.50,69.00,69.00,69.00,0.52,0.51,1.20,0.71
M,17,Ødegaard,7.8,7.8,Arsenal,56.40,63.30,63.30,63.30,0.00,0.00,0.00,0.00
M,18,Madueke,6.8,6.8,Arsenal,42.30,32.55,32.55,32.55,0.00,0.00,0.00,0.00
M,19,Martinelli,6.8,6.8,Arsenal,30.15,33.45,33.45,33.45,0.00,0.00,0.00,0.00
M,20,Trossard,6.5,6.5,Arsenal,60.60,23.55,23.55,23.55,0.00,0.00,0.00,0.00
M,21,Rice,7.2,7.2,Arsenal,84.00,84.00,84.00,84.00,0.26,0.18,0.24,0.15
M,22,Merino,5.4,5.4,Arsenal,0.00,0.00,0.00,0.00,0.00,0.00,0.00,0.00
M,24,Nørgaard,5.1,5.1,Arsenal,6.00,6.00,6.00,6.00,0.00,0.00,0.00,0.00
M,26,Zubimendi,5.0,5.0,Arsenal,80.40,80.40,80.40,80.40,0.00,0.00,0.00,0.00
M,27,Nelson,4.8,4.8,Brentford,4.20,4.20,4.20,4.20,0.00,0.00,0.00,0.00
F,30,Havertz,7.3,7.3,Arsenal,0.00,48.75,48.75,48.75,0.00,0.00,0.00,0.00
F,31,G.Jesus,6.4,6.4,Arsenal,9.75,9.75,9.75,9.75,0.00,0.00,0.00,0.00
G,32,Martinez,5.1,5.1,Aston Villa,89.10,89.10,89.10,89.10,0.00,0.02,0.00,0.00
G,33,M.Bizot,4.2,4.2,Aston Villa,0.90,0.90,0.90,0.90,0.00,0.00,0.00,0.00
D,36,Cash,4.7,4.7,Aston Villa,82.50,82.50,82.50,82.50,0.00,0.01,0.00,0.00
D,37,Digne,4.5,4.5,Aston Villa,23.10,44.25,44.25,44.25,0.00,0.00,0.00,0.00
D,38,Konsa,4.4,4.4,Aston Villa,80.55,80.55,80.55,80.55,0.00,0.00,0.00,0.00
D,39,Maatsen,4.2,4.2,Aston Villa,73.50,53.70,53.70,53.70,0.00,0.00,0.00,0.00
D,40,Mings,4.3,4.3,Aston Villa,54.00,54.00,54.00,54.00,0.00,0.00,0.00,0.00
D,41,Pau,4.3,4.3,Aston Villa,37.50,37.50,37.50,37.50,0.00,0.00,0.00,0.00
D,42,A.García,3.9,3.9,Aston Villa,0.00,0.00,0.00,0.00,0.00,0.00,0.00,0.00
D,44,Bogarde,4.0,4.0,Aston Villa,47.25,15.60,15.60,15.60,0.00,0.00,0.00,0.00
M,47,Rogers,7.5,7.5,Aston Villa,87.00,87.00,87.00,87.00,0.07,0.05,0.00,0.00
M,48,Tielemans,5.9,5.9,Aston Villa,79.80,79.80,79.80,79.80,0.00,0.00,0.00,0.00
M,49,Bailey,5.5,5.5,Aston Villa,3.75,3.75,3.75,3.75,0.00,0.00,0.00,0.00
M,50,Buendía,5.3,5.3,Aston Villa,45.00,45.00,45.00,45.00,0.00,0.00,0.00,0.00
M,52,J.Ramsey,5.3,5.3,Newcastle,42.30,42.30,42.30,42.30,0.00,0.00,0.00,0.00
M,54,McGinn,5.3,5.3,Aston Villa,75.45,75.45,75.45,75.45,0.00,0.00,0.00,0.00
M,55,Barkley,4.8,4.8,Aston Villa,54.90,54.90,54.90,54.90,0.00,0.00,0.00,0.00
M,58,Kamara,4.9,4.9,Aston Villa,0.00,0.00,0.00,0.00,0.00,0.00,0.00,0.00
M,59,Onana,4.8,4.8,Aston Villa,0.00,70.80,70.80,70.80,0.00,0.00,0.00,0.00
F,64,Watkins,8.8,8.8,Aston Villa,76.50,76.50,76.50,76.50,0.14,0.14,0.07,0.00
G,67,Petrović,4.6,4.6,Bournemouth,89.10,89.10,89.10,89.10,0.02,0.00,0.00,0.01
G,69,McKenna,3.9,3.9,Bournemouth,0.00,0.00,0.00,0.00,0.00,0.00,0.00,0.00
D,72,Senesi,5.2,5.2,Bournemouth,87.45,87.45,87.45,87.45,0.14,0.01,0.00,0.01
D,73,Smith,4.4,4.4,Bournemouth,22.20,22.20,22.20,22.20,0.00,0.00,0.00,0.00
D,74,Truffert,4.7,4.7,Bournemouth,87.45,87.45,87.45,87.45,0.01,0.00,0.00,0.00
D,75,Akinmboni,3.8,3.8,Bournemouth,0.00,0.00,0.00,0.00,0.00,0.00,0.00,0.00
D,76,Bevan,3.8,3.8,Bournemouth,0.00,0.00,0.00,0.00,0.00,0.00,0.00,0.00
D,77,Hill,4.2,4.2,Bournemouth,87.45,87.45,87.45,87.45,0.12,0.01,0.00,0.03
D,80,Soler,3.9,3.9,Bournemouth,0.00,0.00,0.00,0.00,0.00,0.00,0.00,0.00
M,81,Kluivert,6.9,6.9,Bournemouth,0.00,21.30,21.30,21.30,0.00,0.00,0.00,0.00
M,82,Semenyo,8.2,8.2,Man City,76.50,153.00,76.50,76.50,0.65,0.94,0.56,0.62
M,83,O.Dango,5.8,5.8,Brentford,75.45,75.45,75.45,75.45,0.06,0.00,0.01,0.00
M,84,Tavernier,5.4,5.4,Bournemouth,80.40,80.40,80.40,80.40,0.08,0.02,0.01,0.01
M,85,Adams,4.9,4.9,Bournemouth,70.80,67.20,67.20,67.20,0.00,0.00,0.00,0.00
M,86,Brooks,5.0,5.0,Bournemouth,24.60,21.45,21.45,21.45,0.00,0.00,0.00,0.00
M,87,Christie,4.9,4.9,Bournemouth,31.35,24.75,24.75,24.75,0.00,0.00,0.00,0.00
M,88,Cook,4.9,4.9,Bournemouth,0.00,9.90,9.90,9.90,0.00,0.00,0.00,0.00
M,90,Scott,5.1,5.1,Bournemouth,83.25,83.25,83.25,83.25,0.01,0.00,0.00,0.00
F,97,Evanilson,6.7,6.7,Bournemouth,75.75,75.75,75.75,75.75,0.02,0.00,0.00,0.00
F,98,Enes Ünal,5.4,5.4,Bournemouth,12.00,12.00,12.00,12.00,0.00,0.00,0.00,0.00
F,100,Kroupi.Jr,4.6,4.6,Bournemouth,49.35,64.20,64.20,64.20,0.00,0.00,0.00,0.00
G,101,Kelleher,4.8,4.8,Brentford,89.10,89.10,89.10,89.10,0.05,0.00,0.10,0.00
G,102,Balcombe,3.9,3.9,Brentford,0.00,0.00,0.00,0.00,0.00,0.00,0.00,0.00
G,104,Eyestone,3.9,3.9,Brentford,0.00,0.00,0.00,0.00,0.00,0.00,0.00,0.00
G,105,Valdimarsson,3.8,3.8,Brentford,0.90,0.90,0.90,0.90,0.00,0.00,0.00,0.00
D,106,Collins,4.9,4.9,Brentford,81.00,81.00,81.00,81.00,0.00,0.00,0.03,0.00
D,107,Lewis-Potter,4.8,4.8,Brentford,66.15,66.15,66.15,66.15,0.09,0.00,0.12,0.00
D,108,Ajer,4.4,4.4,Brentford,38.70,38.70,38.70,38.70,0.00,0.00,0.00,0.00
D,109,Henry,4.3,4.3,Brentford,0.00,0.00,0.00,0.00,0.00,0.00,0.00,0.00
D,110,Kayode,4.6,4.6,Brentford,85.35,85.35,85.35,85.35,0.00,0.00,0.00,0.00
D,111,Pinnock,4.2,4.2,Brentford,9.45,9.45,9.45,9.45,0.00,0.00,0.00,0.00
D,113,Van den Berg,4.5,4.5,Brentford,80.70,80.70,80.70,80.70,0.00,0.00,0.02,0.00
D,116,Hickey,4.0,4.0,Brentford,31.50,31.50,31.50,31.50,0.00,0.00,0.00,0.00
M,119,Mbeumo,8.4,8.4,Man Utd,77.70,68.10,68.10,68.10,0.18,0.12,0.13,0.06
M,120,Schade,6.9,6.9,Brentford,78.45,78.45,78.45,78.45,0.04,0.00,0.00,0.00
M,121,Damsgaard,5.6,5.6,Brentford,80.10,63.45,63.45,63.45,0.01,0.00,0.00,0.00
M,122,Milambo,5.2,5.2,Brentford,0.00,0.00,0.00,0.00,0.00,0.00,0.00,0.00
M,123,Carvalho,4.6,4.6,Brentford,0.00,0.00,0.00,0.00,0.00,0.00,0.00,0.00
M,124,Henderson,5.0,5.0,Brentford,31.05,54.00,54.00,54.00,0.00,0.00,0.00,0.00
M,125,Janelt,4.9,4.9,Brentford,24.45,48.45,48.45,48.45,0.00,0.00,0.00,0.00
M,126,Jensen,4.9,4.9,Brentford,83.25,80.55,80.55,80.55,0.00,0.00,0.00,0.00
M,129,Yarmoliuk,5.0,5.0,Brentford,80.40,57.30,57.30,57.30,0.00,0.00,0.00,0.00
M,130,Donovan,4.4,4.4,Brentford,4.50,4.50,4.50,4.50,0.00,0.00,0.00,0.00
F,135,Wissa,7.3,7.3,Newcastle,12.30,12.30,12.30,12.30,0.00,0.00,0.00,0.00
F,136,Thiago,7.4,7.4,Brentford,84.15,84.15,84.15,84.15,0.48,0.01,0.36,0.11
G,138,Steele,4.2,4.2,Brighton,0.90,0.90,0.90,0.90,0.00,0.00,0.00,0.00
G,139,Verbruggen,4.5,4.5,Brighton,89.10,89.10,89.10,89.10,0.07,0.27,0.14,0.12
G,140,McGill,3.9,3.9,Brighton,0.00,0.00,0.00,0.00,0.00,0.00,0.00,0.00
D,143,Boscagli,4.2,4.2,Brighton,71.10,71.10,71.10,71.10,0.00,0.00,0.00,0.00
D,145,De Cuyper,4.3,4.3,Brighton,15.75,15.75,15.75,15.75,0.00,0.00,0.00,0.00
D,146,Dunk,4.5,4.5,Brighton,22.65,22.65,22.65,22.65,0.00,0.00,0.00,0.00
D,148,F.Kadıoğlu,4.4,4.4,Brighton,85.35,85.35,85.35,85.35,0.00,0.01,0.00,0.00
D,149,Igor,4.5,4.5,Brighton,0.00,0.00,0.00,0.00,0.00,0.00,0.00,0.00
D,151,Van Hecke,4.6,4.6,Brighton,87.45,87.45,87.45,87.45,0.01,0.08,0.02,0.02
D,152,Veltman,4.3,4.3,Brighton,16.65,16.65,16.65,16.65,0.00,0.00,0.00,0.00
D,153,Webster,4.4,4.4,Brighton,0.00,0.00,0.00,0.00,0.00,0.00,0.00,0.00
D,156,Tasker,3.8,3.8,Brighton,0.30,0.30,0.30,0.30,0.00,0.00,0.00,0.00
M,157,Mitoma,6.1,6.1,Brighton,81.90,69.90,43.80,43.80,0.00,0.00,0.00,0.00
M,158,Georginio,5.6,5.6,Brighton,18.90,18.90,18.90,18.90,0.00,0.00,0.00,0.00
M,159,March,5.8,5.8,Brighton,3.00,3.00,3.00,3.00,0.00,0.00,0.00,0.00
M,160,Minteh,5.5,5.5,Brighton,80.70,72.00,66.30,66.30,0.01,0.04,0.01,0.00
M,163,Hinshelwood,5.1,5.1,Brighton,79.80,79.80,79.80,79.80,0.00,0.00,0.00,0.00
M,164,O'Riley,5.5,5.5,Brighton,3.75,3.75,3.75,3.75,0.00,0.00,0.00,0.00
M,166,Ayari,4.8,4.8,Brighton,58.65,30.30,30.30,30.30,0.00,0.00,0.00,0.00
M,167,Baleba,4.5,4.5,Brighton,52.80,27.60,27.60,27.60,0.00,0.00,0.00,0.00
M,168,Buonanotte,4.6,4.6,Leeds United,4.50,4.50,0.00,4.50,0.00,0.00,0.00,0.00
M,169,Gomez,4.9,4.9,Brighton,0.00,41.10,71.70,71.70,0.03,0.07,0.03,0.04
M,170,Milner,4.9,4.9,Brighton,0.00,35.10,35.10,35.10,0.00,0.00,0.00,0.00
M,173,Wieffer,4.9,4.9,Brighton,80.70,80.70,80.70,80.70,0.00,0.00,0.00,0.00
F,178,Welbeck,6.3,6.3,Brighton,75.75,75.75,75.75,75.75,0.14,0.30,0.10,0.16
F,180,Tzimas,5.2,5.2,Brighton,0.00,0.00,0.00,0.00,0.00,0.00,0.00,0.00
F,181,Kostoulas,4.8,4.8,Brighton,19.80,19.80,19.80,19.80,0.00,0.00,0.00,0.00
G,182,Trafford,4.5,4.5,Man City,1.80,3.60,1.80,1.80,0.00,0.00,0.00,0.00
G,183,Weiss,4.2,4.2,Burnley,0.90,0.90,0.90,0.90,0.00,0.00,0.00,0.00
G,185,Hladký,3.9,3.9,Burnley,0.00,0.00,0.00,0.00,0.00,0.00,0.00,0.00
D,186,Roberts,4.3,4.3,Burnley,0.00,0.00,0.00,0.00,0.00,0.00,0.00,0.00
D,187,Walker,4.4,4.4,Burnley,74.10,74.10,74.10,74.10,0.00,0.00,0.00,0.00
D,190,Ekdal,3.8,3.8,Burnley,20.10,20.10,20.10,20.10,0.00,0.00,0.00,0.00
D,191,Estève,3.9,3.9,Burnley,87.45,87.45,87.45,87.45,0.00,0.00,0.00,0.00
D,192,Hartman,4.0,4.0,Burnley,58.50,58.50,58.50,58.50,0.00,0.00,0.00,0.00
D,193,Humphreys,3.9,3.9,Burnley,85.20,85.20,85.20,85.20,0.00,0.00,0.00,0.00
D,194,Jordan,3.9,3.9,Burnley,0.00,0.00,0.00,0.00,0.00,0.00,0.00,0.00
D,195,Lucas Pires,3.8,3.8,Burnley,26.40,26.40,26.40,26.40,0.00,0.00,0.00,0.00
D,198,Tuanzebe,3.9,3.9,Burnley,0.00,0.00,0.00,0.00,0.00,0.00,0.00,0.00
D,199,Worrall,3.8,3.8,Burnley,38.40,38.40,38.40,38.40,0.00,0.00,0.00,0.00
M,200,Anthony,5.0,5.0,Burnley,80.40,80.40,80.40,80.40,0.00,0.00,0.00,0.01
M,202,Bruun Larsen,5.2,5.2,Burnley,11.70,11.70,11.70,11.70,0.00,0.00,0.00,0.00
M,203,Boateng,4.7,4.7,Burnley,0.00,0.00,0.00,0.00,0.00,0.00,0.00,0.00
M,205,Cullen,4.9,4.9,Burnley,0.00,0.00,0.00,0.00,0.00,0.00,0.00,0.00
M,206,Edwards,4.7,4.7,Burnley,45.00,45.00,45.00,45.00,0.00,0.00,0.00,0.00
M,207,Hannibal,4.7,4.7,Burnley,65.40,65.40,65.40,65.40,0.00,0.00,0.00,0.00
M,209,Laurent,4.8,4.8,Burnley,54.90,54.90,54.90,54.90,0.00,0.00,0.00,0.00
M,210,Tchaouna,4.8,4.8,Burnley,15.45,15.45,15.45,15.45,0.00,0.00,0.00,0.00
M,214,Trésor,4.3,4.3,Burnley,5.70,5.70,5.70,5.70,0.00,0.00,0.00,0.00
F,215,Flemming,5.3,5.3,Burnley,78.45,78.45,78.45,78.45,0.00,0.00,0.00,0.02
F,216,Amdouni,4.8,4.8,Burnley,0.00,0.00,0.00,0.00,0.00,0.00,0.00,0.00
F,217,Foster,4.9,4.9,Burnley,45.00,45.00,45.00,45.00,0.00,0.00,0.00,0.00
F,218,Barnes,4.2,4.2,Burnley,1.50,1.50,1.50,1.50,0.00,0.00,0.00,0.00
G,220,Sánchez,4.8,4.8,Chelsea,89.10,89.10,89.10,89.10,0.04,0.00,0.04,0.08
G,221,Jörgensen,4.3,4.3,Chelsea,0.00,0.00,0.00,0.00,0.00,0.00,0.00,0.00
G,223,Slonina,3.9,3.9,Chelsea,0.00,0.00,0.00,0.00,0.00,0.00,0.00,0.00
D,224,Cucurella,6.1,6.1,Chelsea,74.40,74.40,74.40,74.40,0.00,0.00,0.00,0.01
D,225,James,5.6,5.6,Chelsea,35.25,35.25,35.25,35.25,0.00,0.00,0.00,0.00
D,226,Chalobah,5.4,5.4,Chelsea,85.95,85.95,85.95,85.95,0.00,0.00,0.01,0.01
D,227,Colwill,4.7,4.7,Chelsea,6.00,6.00,6.00,6.00,0.00,0.00,0.00,0.00
D,228,Gusto,4.9,4.9,Chelsea,64.20,64.20,64.20,64.20,0.00,0.00,0.00,0.00
D,229,B.Badiashile,4.4,4.4,Chelsea,11.25,11.25,11.25,11.25,0.00,0.00,0.00,0.00
D,230,Fofana,4.4,4.4,Chelsea,51.00,51.00,51.00,51.00,0.00,0.00,0.00,0.00
D,231,M.Sarr,4.5,4.5,Chelsea,11.10,11.10,11.10,11.10,0.00,0.00,0.00,0.00
D,232,Tosin,4.0,4.0,Chelsea,15.75,15.75,15.75,15.75,0.00,0.00,0.00,0.00
D,233,Acheampong,3.7,3.7,Chelsea,11.25,11.25,11.25,11.25,0.00,0.00,0.00,0.00
M,235,Palmer,10.5,10.5,Chelsea,80.40,80.40,80.40,80.40,0.45,0.22,0.49,0.40
M,236,Neto,7.0,7.0,Chelsea,72.45,72.45,72.45,72.45,0.02,0.00,0.02,0.02
M,237,Enzo,6.5,6.5,Chelsea,81.90,81.90,81.90,81.90,0.01,0.00,0.02,0.00
M,238,Estêvão,6.4,6.4,Chelsea,0.00,0.00,0.00,0.00,0.00,0.00,0.00,0.00
M,239,Gittens,6.0,6.0,Chelsea,0.00,0.00,0.00,0.00,0.00,0.00,0.00,0.00
M,241,Caicedo,5.7,5.7,Chelsea,84.90,84.90,84.90,84.90,0.00,0.00,0.00,0.00
M,242,Dewsbury-Hall,5.2,5.2,Everton,83.85,83.85,83.85,83.85,0.00,0.00,0.00,0.00
M,243,George,4.8,4.8,Everton,13.20,13.20,13.20,13.20,0.00,0.00,0.00,0.00
M,244,Lavia,4.9,4.9,Chelsea,47.10,25.05,25.05,25.05,0.00,0.00,0.00,0.00
M,245,Mudryk,4.9,4.9,Chelsea,0.00,0.00,0.00,0.00,0.00,0.00,0.00,0.00
M,246,Andrey Santos,4.5,4.5,Chelsea,19.20,40.80,40.80,40.80,0.00,0.00,0.00,0.00
M,247,D.Essugo,4.3,4.3,Chelsea,0.00,0.00,0.00,0.00,0.00,0.00,0.00,0.00
F,249,João Pedro,7.5,7.5,Chelsea,77.85,77.85,77.85,77.85,0.52,0.12,0.58,0.47
F,250,Delap,6.2,6.2,Chelsea,26.55,26.55,26.55,26.55,0.00,0.00,0.00,0.00
F,252,Marc Guiu,4.0,4.0,Chelsea,1.50,1.50,1.50,1.50,0.00,0.00,0.00,0.00
G,253,Henderson,5.1,5.1,Crystal Palace,89.10,178.20,89.10,89.10,0.00,0.45,0.03,0.04
G,254,Benitez,3.9,3.9,Crystal Palace,0.90,1.80,0.90,0.90,0.00,0.00,0.00,0.00
G,255,Matthews,3.9,3.9,Crystal Palace,0.00,0.00,0.00,0.00,0.00,0.00,0.00,0.00
D,256,Muñoz,5.8,5.8,Crystal Palace,87.45,174.90,87.45,87.45,0.04,0.43,0.06,0.01
D,257,Lacroix,5.1,5.1,Crystal Palace,86.10,172.20,86.10,86.10,0.04,0.49,0.10,0.05
D,258,Mitchell,5.0,5.0,Crystal Palace,85.20,170.40,85.20,85.20,0.00,0.06,0.00,0.00
D,259,Sosa,4.8,4.8,Crystal Palace,5.40,10.80,5.40,5.40,0.00,0.00,0.00,0.00
D,260,Guéhi,5.1,5.1,Man City,81.30,162.60,81.30,81.30,0.19,0.21,0.06,0.10
D,261,Richards,4.4,4.4,Crystal Palace,84.60,169.20,84.60,84.60,0.03,0.39,0.05,0.01
D,262,Chadi Riad,4.0,4.0,Crystal Palace,10.05,20.10,10.05,10.05,0.00,0.00,0.00,0.00
D,263,Clyne,3.8,3.8,Crystal Palace,2.25,4.50,2.25,2.25,0.00,0.00,0.00,0.00
D,265,Kporha,4.0,4.0,Crystal Palace,0.00,0.00,0.00,0.00,0.00,0.00,0.00,0.00
M,266,Eze,7.2,7.2,Arsenal,68.10,47.85,47.85,47.85,0.00,0.00,0.00,0.00
M,267,Sarr,6.3,6.3,Crystal Palace,64.20,128.40,64.20,64.20,0.00,0.06,0.00,0.00
M,268,Doucouré,4.9,4.9,Crystal Palace,0.00,0.00,0.00,0.00,0.00,0.00,0.00,0.00
M,270,Hughes,4.7,4.7,Crystal Palace,58.65,117.30,58.65,58.65,0.00,0.00,0.00,0.00
M,271,Kamada,5.0,5.0,Crystal Palace,40.95,81.90,40.95,40.95,0.00,0.00,0.00,0.00
M,272,Lerma,4.9,4.9,Crystal Palace,59.85,119.70,59.85,59.85,0.00,0.00,0.00,0.00
M,273,Wharton,5.0,5.0,Crystal Palace,60.30,120.60,60.30,60.30,0.00,0.00,0.00,0.00
M,274,Agbinone,4.3,4.3,Crystal Palace,0.30,0.60,0.30,0.30,0.00,0.00,0.00,0.00
M,276,Devenny,4.3,4.3,Crystal Palace,9.15,18.30,9.15,9.15,0.00,0.00,0.00,0.00
M,281,Rodney,4.4,4.4,Crystal Palace,0.30,0.60,0.30,0.30,0.00,0.00,0.00,0.00
F,283,Mateta,7.6,7.6,Crystal Palace,42.60,85.20,42.60,42.60,0.00,0.00,0.00,0.00
F,284,Nketiah,5.4,5.4,Crystal Palace,0.00,0.00,0.00,0.00,0.00,0.00,0.00,0.00
F,286,Marsh,4.4,4.4,Crystal Palace,0.30,0.60,0.30,0.30,0.00,0.00,0.00,0.00
G,287,Pickford,5.6,5.6,Everton,89.10,89.10,89.10,89.10,0.01,0.04,0.10,0.02
G,288,Travers,4.2,4.2,Everton,0.90,0.90,0.90,0.90,0.00,0.00,0.00,0.00
D,290,Branthwaite,5.3,5.3,Everton,0.00,0.00,0.00,0.00,0.00,0.00,0.00,0.00
D,291,Tarkowski,5.7,5.7,Everton,87.45,87.45,87.45,87.45,0.01,0.17,0.28,0.16
D,292,Mykolenko,4.9,4.9,Everton,85.20,85.20,85.20,85.20,0.00,0.00,0.01,0.00
D,293,O'Brien,4.9,4.9,Everton,85.95,85.95,85.95,85.95,0.00,0.00,0.00,0.00
D,294,Coleman,4.2,4.2,Everton,2.40,2.40,2.40,2.40,0.00,0.00,0.00,0.00
D,295,Keane,4.5,4.5,Everton,86.70,86.70,86.70,86.70,0.01,0.10,0.24,0.23
D,296,Patterson,4.4,4.4,Everton,5.25,5.25,5.25,5.25,0.00,0.00,0.00,0.00
D,298,Welch,3.8,3.8,Everton,0.00,0.00,0.00,0.00,0.00,0.00,0.00,0.00
M,299,Ndiaye,6.2,6.2,Everton,83.25,83.25,83.25,83.25,0.04,0.06,0.14,0.12
M,300,McNeil,5.5,5.5,Everton,69.75,69.75,69.75,69.75,0.00,0.00,0.00,0.00
M,301,Alcaraz,5.2,5.2,Everton,12.45,12.45,12.45,12.45,0.00,0.00,0.00,0.00
M,302,Gana,5.4,5.4,Everton,81.30,81.30,81.30,81.30,0.00,0.00,0.00,0.00
M,303,Garner,5.3,5.3,Everton,87.00,87.00,87.00,87.00,0.00,0.00,0.00,0.01
M,304,Iroegbunam,4.8,4.8,Everton,18.30,18.30,18.30,18.30,0.00,0.00,0.00,0.00
M,305,Armstrong,4.5,4.5,Everton,19.65,19.65,19.65,19.65,0.00,0.00,0.00,0.00
M,306,Bates,4.3,4.3,Everton,0.30,0.30,0.30,0.30,0.00,0.00,0.00,0.00
M,307,Ebere,4.4,4.4,Everton,0.30,0.30,0.30,0.30,0.00,0.00,0.00,0.00
F,310,Barry,5.7,5.7,Everton,27.90,27.90,27.90,27.90,0.00,0.00,0.00,0.00
F,311,Beto,5.0,5.0,Everton,71.70,71.70,71.70,71.70,0.00,0.00,0.03,0.01
G,314,Leno,4.9,4.9,Fulham,89.10,89.10,89.10,89.10,0.00,0.00,0.01,0.01
D,316,Robinson,4.9,4.9,Fulham,85.05,85.05,34.05,34.05,0.00,0.00,0.00,0.00
D,317,Andersen,4.5,4.5,Fulham,85.05,85.05,85.05,85.05,0.00,0.00,0.01,0.00
D,318,Bassey,4.4,4.4,Fulham,81.00,81.00,81.00,81.00,0.00,0.00,0.00,0.00
D,319,Castagne,4.3,4.3,Fulham,80.10,26.10,26.10,26.10,0.00,0.00,0.00,0.00
D,320,Diop,4.3,4.3,Fulham,7.05,7.05,7.05,7.05,0.00,0.00,0.00,0.00
D,321,J.Cuenca,4.3,4.3,Fulham,27.75,23.55,11.25,11.25,0.00,0.00,0.00,0.00
D,322,Tete,4.5,4.5,Fulham,10.80,70.20,70.20,70.20,0.00,0.00,0.02,0.01
D,323,Amissah,3.8,3.8,Fulham,1.50,1.50,1.50,1.50,0.00,0.00,0.00,0.00
M,324,Iwobi,6.2,6.2,Fulham,0.00,84.00,84.00,84.00,0.00,0.00,0.00,0.00
M,325,Smith Rowe,5.6,5.6,Fulham,64.80,64.80,64.80,64.80,0.00,0.00,0.00,0.00
M,326,Adama,5.1,5.1,West Ham,21.45,21.45,21.45,21.45,0.00,0.00,0.00,0.00
M,328,Sessegnon,5.4,5.4,Fulham,0.00,0.00,61.20,61.20,0.00,0.00,0.00,0.00
M,329,Wilson,6.0,6.0,Fulham,81.30,81.30,81.30,81.30,0.03,0.31,0.34,0.34
M,330,Berge,4.9,4.9,Fulham,81.30,79.80,79.80,79.80,0.00,0.00,0.00,0.00
M,331,Cairney,4.8,4.8,Fulham,42.00,9.60,9.60,9.60,0.00,0.00,0.00,0.00
M,332,Lukić,4.9,4.9,Fulham,75.15,24.30,24.30,24.30,0.00,0.00,0.00,0.00
M,335,King,4.4,4.4,Fulham,42.00,42.00,42.00,42.00,0.00,0.00,0.00,0.00
M,336,Reed,4.3,4.3,Fulham,1.50,1.50,1.50,1.50,0.00,0.00,0.00,0.00
F,337,Raúl,6.0,6.0,Fulham,55.80,55.80,55.80,55.80,0.00,0.00,0.00,0.00
F,338,Muniz,5.3,5.3,Fulham,39.30,39.30,39.30,39.30,0.00,0.00,0.00,0.00
G,339,Meslier,4.1,4.1,Leeds United,0.00,0.00,0.00,0.00,0.00,0.00,0.00,0.00
G,340,Cairns,3.9,3.9,Leeds United,0.00,0.00,0.00,0.00,0.00,0.00,0.00,0.00
G,341,Darlow,3.9,3.9,Leeds United,89.10,89.10,89.10,89.10,0.25,0.00,0.10,0.07
D,342,Bogle,4.4,4.4,Leeds United,82.50,82.50,82.50,82.50,0.07,0.00,0.00,0.00
D,343,Struijk,4.3,4.3,Leeds United,86.85,86.85,86.85,86.85,0.12,0.01,0.02,0.02
D,344,Bijol,3.9,3.9,Leeds United,66.75,80.25,30.75,30.75,0.00,0.00,0.00,0.00
D,345,Bornauw,3.8,3.8,Leeds United,3.00,3.00,3.00,3.00,0.00,0.00,0.00,0.00
D,346,Byram,3.7,3.7,Leeds United,1.50,1.50,1.50,1.50,0.00,0.00,0.00,0.00
D,347,Gudmundsson,3.8,3.8,Leeds United,0.00,0.00,83.25,83.25,0.06,0.00,0.00,0.00
D,348,Rodon,3.9,3.9,Leeds United,86.85,86.85,86.85,86.85,0.03,0.00,0.00,0.00
M,350,Aaronson,5.4,5.4,Leeds United,74.40,74.40,77.10,74.40,0.10,0.01,0.02,0.02
M,351,Gnonto,5.1,5.1,Leeds United,9.15,9.15,9.15,9.15,0.00,0.00,0.00,0.00
M,353,James,5.2,5.2,Leeds United,12.15,12.15,12.15,12.15,0.00,0.00,0.00,0.00
M,354,Ampadu,4.9,4.9,Leeds United,86.70,86.70,86.70,86.70,0.00,0.00,0.00,0.00
M,356,Gruev,4.7,4.7,Leeds United,0.00,0.00,0.00,0.00,0.00,0.00,0.00,0.00
M,358,Tanaka,4.8,4.8,Leeds United,79.50,75.75,55.20,55.20,0.00,0.00,0.00,0.00
F,362,Piroe,4.9,4.9,Leeds United,1.50,1.50,1.50,1.50,0.00,0.00,0.00,0.00
F,365,Nmecha,5.0,5.0,Leeds United,18.15,18.15,18.15,18.15,0.00,0.00,0.00,0.00
G,366,A.Becker,5.4,5.4,Liverpool,45.00,89.10,89.10,89.10,0.00,0.00,0.01,0.01
G,367,Mamardashvili,4.1,4.1,Liverpool,0.00,0.90,0.90,0.90,0.00,0.00,0.00,0.00
G,368,Pécsi,3.8,3.8,Liverpool,0.00,0.00,0.00,0.00,0.00,0.00,0.00,0.00
G,369,Woodman,3.9,3.9,Liverpool,45.00,0.00,0.00,0.00,0.00,0.00,0.00,0.00
D,370,Frimpong,5.7,5.7,Liverpool,61.35,68.40,61.35,61.35,0.00,0.00,0.00,0.00
D,371,Kerkez,5.6,5.6,Liverpool,29.25,53.40,53.40,53.40,0.00,0.00,0.00,0.00
D,372,Robertson,5.7,5.7,Liverpool,64.95,40.20,40.20,40.20,0.00,0.00,0.00,0.00
D,373,Virgil,6.2,6.2,Liverpool,87.45,87.45,87.45,87.45,0.03,0.01,0.02,0.09
D,374,Konaté,5.5,5.5,Liverpool,83.85,83.85,83.85,83.85,0.01,0.00,0.00,0.02
D,375,Bradley,4.9,4.9,Liverpool,0.00,0.00,0.00,0.00,0.00,0.00,0.00,0.00
D,376,Gomez,4.9,4.9,Liverpool,18.45,18.45,18.45,18.45,0.00,0.00,0.00,0.00
D,378,Nallo,3.7,3.7,Liverpool,0.30,0.30,0.30,0.30,0.00,0.00,0.00,0.00
D,379,R.Williams,3.7,3.7,Liverpool,0.30,0.30,0.30,0.30,0.00,0.00,0.00,0.00
D,380,Ramsay,3.7,3.7,Liverpool,0.30,0.30,0.30,0.30,0.00,0.00,0.00,0.00
M,381,M.Salah,14.0,14.0,Liverpool,0.00,45.15,79.05,79.05,0.23,0.30,0.24,0.52
M,382,Wirtz,8.3,8.3,Liverpool,80.70,77.85,77.70,77.70,0.08,0.10,0.08,0.17
M,384,Gakpo,7.3,7.3,Liverpool,79.05,75.75,75.75,75.75,0.06,0.07,0.07,0.13
M,385,Chiesa,6.3,6.3,Liverpool,2.70,2.70,2.70,2.70,0.00,0.00,0.00,0.00
M,386,Mac Allister,6.2,6.2,Liverpool,81.15,61.05,59.85,59.85,0.00,0.00,0.00,0.00
M,387,Szoboszlai,7.1,7.1,Liverpool,86.85,86.85,86.85,86.85,0.03,0.01,0.01,0.02
M,388,C.Jones,5.4,5.4,Liverpool,76.35,55.20,31.80,31.80,0.00,0.00,0.00,0.00
M,389,Elliott,5.1,5.1,Aston Villa,0.00,0.00,0.00,0.00,0.00,0.00,0.00,0.00
M,390,Gravenberch,5.4,5.4,Liverpool,83.25,83.25,83.25,83.25,0.00,0.00,0.00,0.00
M,391,Gannon-Doak,4.8,4.8,Bournemouth,10.95,10.95,10.95,10.95,0.00,0.00,0.00,0.00
M,392,Endo,4.9,4.9,Liverpool,0.00,0.00,0.00,0.00,0.00,0.00,0.00,0.00
M,393,Bajcetic,4.2,4.2,Liverpool,0.30,0.30,0.30,0.30,0.00,0.00,0.00,0.00
M,396,Nyoni,4.3,4.3,Liverpool,0.30,0.30,0.30,0.30,0.00,0.00,0.00,0.00
F,398,Danns,4.3,4.3,Liverpool,0.30,0.30,0.30,0.30,0.00,0.00,0.00,0.00
G,400,Ortega Moreno,4.7,4.7,Nott'm Forest,1.80,1.80,1.80,1.80,0.00,0.00,0.00,0.00
G,401,Bettinelli,3.8,3.8,Man City,0.00,0.00,0.00,0.00,0.00,0.00,0.00,0.00
D,402,Aït-Nouri,5.7,5.7,Man City,63.30,99.00,49.50,49.50,0.00,0.00,0.00,0.00
D,403,Gvardiol,5.8,5.8,Man City,0.00,0.00,0.00,0.00,0.00,0.00,0.00,0.00
D,405,Aké,5.2,5.2,Man City,9.75,19.50,9.75,9.75,0.00,0.00,0.00,0.00
D,406,Khusanov,5.4,5.4,Man City,79.20,134.70,67.35,67.35,0.00,0.00,0.00,0.01
D,407,Matheus N.,5.3,5.3,Man City,80.85,161.70,80.85,80.85,0.03,0.04,0.00,0.02
D,408,Rúben,5.5,5.5,Man City,32.25,88.20,44.10,44.10,0.00,0.00,0.00,0.00
D,409,Stones,5.4,5.4,Man City,3.00,6.00,3.00,3.00,0.00,0.00,0.00,0.00
D,410,Lewis,4.6,4.6,Man City,1.50,3.00,1.50,1.50,0.00,0.00,0.00,0.00
D,411,O'Reilly,5.2,5.2,Man City,81.15,162.30,81.15,81.15,0.36,0.54,0.20,0.35
M,413,Marmoush,8.3,8.3,Man City,18.00,36.00,18.00,18.00,0.00,0.00,0.00,0.00
M,414,Foden,8.0,8.0,Man City,16.65,33.30,16.65,16.65,0.00,0.00,0.00,0.00
M,415,Savinho,6.9,6.9,Man City,18.00,36.00,18.00,18.00,0.00,0.00,0.00,0.00
M,416,Bernardo,6.2,6.2,Man City,75.60,151.20,75.60,75.60,0.00,0.00,0.00,0.00
M,417,Cherki,6.5,6.5,Man City,74.70,149.40,74.70,74.70,0.43,0.72,0.58,0.74
M,418,Doku,6.4,6.4,Man City,54.15,108.30,54.15,54.15,0.00,0.00,0.00,0.00
M,419,Grealish,6.3,6.3,Everton,0.00,0.00,0.00,0.00,0.00,0.00,0.00,0.00
M,421,Rodrigo,6.3,6.3,Man City,36.00,159.00,79.50,79.50,0.00,0.02,0.01,0.01
M,422,Kovačić,5.8,5.8,Man City,3.00,6.00,3.00,3.00,0.00,0.00,0.00,0.00
M,423,N.Gonzalez,5.9,5.9,Man City,39.00,25.20,12.60,12.60,0.00,0.00,0.00,0.00
M,424,Bobb,5.1,5.1,Fulham,35.40,35.40,35.40,35.40,0.00,0.00,0.00,0.00
M,426,McAtee,5.0,5.0,Nott'm Forest,8.25,8.25,8.25,8.25,0.00,0.00,0.00,0.00
M,427,Reijnders,5.0,5.0,Man City,15.45,30.90,15.45,15.45,0.00,0.00,0.00,0.00
M,428,Nypan,5.0,5.0,Man City,0.00,0.00,0.00,0.00,0.00,0.00,0.00,0.00
F,430,Haaland,14.6,14.6,Man City,83.55,167.10,83.55,83.55,1.27,2.24,1.07,1.41
G,431,Bayindir,4.7,4.7,Man Utd,0.90,0.90,0.90,0.90,0.00,0.00,0.00,0.00
G,434,Heaton,3.8,3.8,Man Utd,0.00,0.00,0.00,0.00,0.00,0.00,0.00,0.00
G,435,Mee,3.9,3.9,Man Utd,0.00,0.00,0.00,0.00,0.00,0.00,0.00,0.00
D,436,De Ligt,4.9,4.9,Man Utd,0.00,0.00,0.00,0.00,0.00,0.00,0.00,0.00
D,437,Martinez,4.8,4.8,Man Utd,0.00,80.55,80.55,80.55,0.00,0.00,0.00,0.00
D,438,Mazraoui,4.9,4.9,Man Utd,20.85,20.85,20.85,20.85,0.00,0.00,0.00,0.00
D,439,D.Leon,4.1,4.1,Man Utd,0.00,0.00,0.00,0.00,0.00,0.00,0.00,0.00
D,440,Dalot,4.6,4.6,Man Utd,81.90,81.90,81.90,81.90,0.00,0.00,0.00,0.00
D,441,Dorgu,4.1,4.1,Man Utd,18.30,18.30,18.30,18.30,0.00,0.00,0.00,0.00
D,442,Maguire,4.4,4.4,Man Utd,83.25,79.80,79.80,79.80,0.00,0.00,0.01,0.00
D,443,Shaw,4.5,4.5,Man Utd,81.75,81.75,81.75,81.75,0.00,0.00,0.00,0.00
D,444,Yoro,4.1,4.1,Man Utd,32.85,23.40,23.40,23.40,0.00,0.00,0.00,0.00
D,446,Fredricson,3.7,3.7,Man Utd,0.00,0.00,0.00,0.00,0.00,0.00,0.00,0.00
D,447,Heaven,3.7,3.7,Man Utd,78.60,9.60,9.60,9.60,0.00,0.00,0.00,0.00
D,448,Malacia,3.7,3.7,Man Utd,0.60,0.60,0.60,0.60,0.00,0.00,0.00,0.00
M,449,B.Fernandes,10.4,10.4,Man Utd,87.60,87.60,87.60,87.60,0.89,0.82,0.84,0.67
M,450,Cunha,8.1,8.1,Man Utd,37.80,81.60,81.60,81.60,0.13,0.09,0.09,0.03
M,452,Amad,6.2,6.2,Man Utd,70.20,64.35,64.35,64.35,0.00,0.00,0.00,0.00
M,453,Garnacho,6.4,6.4,Chelsea,53.10,53.10,53.10,53.10,0.00,0.00,0.00,0.00
M,455,Mount,5.9,5.9,Man Utd,12.45,12.45,12.45,12.45,0.00,0.00,0.00,0.00
M,456,Sancho,5.8,5.8,Aston Villa,21.15,21.15,21.15,21.15,0.00,0.00,0.00,0.00
M,457,Casemiro,5.8,5.8,Man Utd,81.75,81.75,81.75,81.75,0.02,0.01,0.01,0.00
M,458,Mainoo,4.7,4.7,Man Utd,80.70,80.70,80.70,80.70,0.00,0.00,0.00,0.00
M,459,Ugarte,4.7,4.7,Man Utd,18.15,18.15,18.15,18.15,0.00,0.00,0.00,0.00
M,461,Fitzgerald,4.3,4.3,Man Utd,0.30,0.30,0.30,0.30,0.00,0.00,0.00,0.00
M,462,J.Fletcher,4.3,4.3,Man Utd,1.20,1.20,1.20,1.20,0.00,0.00,0.00,0.00
F,466,Zirkzee,5.8,5.8,Man Utd,3.00,3.00,3.00,3.00,0.00,0.00,0.00,0.00
F,467,Obi,4.2,4.2,Man Utd,0.60,0.60,0.60,0.60,0.00,0.00,0.00,0.00
G,469,Pope,5.0,5.0,Newcastle,81.00,81.00,81.00,81.00,0.00,0.00,0.00,0.00
G,470,Dúbravka,4.0,4.0,Burnley,89.10,89.10,89.10,89.10,0.00,0.00,0.00,0.11
G,471,Gillespie,3.9,3.9,Newcastle,0.00,0.00,0.00,0.00,0.00,0.00,0.00,0.00
D,473,Hall,5.4,5.4,Newcastle,59.10,59.10,59.10,59.10,0.00,0.00,0.00,0.00
D,474,Schär,5.2,5.2,Newcastle,0.00,0.00,0.00,0.00,0.00,0.00,0.00,0.00
D,475,Botman,4.9,4.9,Newcastle,78.60,78.60,78.60,78.60,0.00,0.00,0.02,0.01
D,476,Burn,5.0,5.0,Newcastle,70.05,70.05,70.05,70.05,0.00,0.00,0.00,0.00
D,477,Livramento,4.9,4.9,Newcastle,0.00,0.00,0.00,0.00,0.00,0.00,0.00,0.00
D,478,Trippier,4.9,4.9,Newcastle,47.25,47.25,47.25,47.25,0.00,0.00,0.00,0.00
D,479,Krafth,4.3,4.3,Newcastle,0.00,0.00,0.00,0.00,0.00,0.00,0.00,0.00
D,481,A.Murphy,3.8,3.8,Newcastle,0.00,0.00,0.00,0.00,0.00,0.00,0.00,0.00
D,483,Pivas,3.8,3.8,Newcastle,0.00,0.00,0.00,0.00,0.00,0.00,0.00,0.00
M,485,Gordon,7.4,7.4,Newcastle,27.90,60.30,60.30,60.30,0.00,0.00,0.00,0.00
M,486,Elanga,6.5,6.5,Newcastle,45.75,39.60,39.60,39.60,0.00,0.00,0.00,0.00
M,487,Barnes,6.1,6.1,Newcastle,56.40,63.30,63.30,63.30,0.00,0.00,0.00,0.00
M,488,Bruno G.,6.8,6.8,Newcastle,78.45,78.45,78.45,78.45,0.00,0.00,0.01,0.00
M,489,J.Murphy,5.9,5.9,Newcastle,31.65,25.05,25.05,25.05,0.00,0.00,0.00,0.00
M,490,Joelinton,5.9,5.9,Newcastle,58.20,58.20,58.20,58.20,0.00,0.00,0.00,0.00
M,491,Tonali,5.3,5.3,Newcastle,77.10,77.10,77.10,77.10,0.00,0.00,0.00,0.00
M,493,Longstaff,4.8,4.8,Leeds United,54.90,24.30,13.95,12.75,0.00,0.00,0.00,0.00
M,494,Willock,5.0,5.0,Newcastle,23.55,23.55,23.55,23.55,0.00,0.00,0.00,0.00
M,497,L.Miley,4.4,4.4,Newcastle,65.70,65.70,65.70,65.70,0.00,0.00,0.00,0.00
F,499,Isak,10.3,10.3,Liverpool,72.15,72.15,70.95,70.95,0.15,0.17,0.15,0.36
F,500,Osula,5.4,5.4,Newcastle,64.20,36.45,36.45,36.45,0.00,0.00,0.00,0.00
F,501,Neave,4.3,4.3,Newcastle,0.30,0.30,0.30,0.30,0.00,0.00,0.00,0.00
G,502,Sels,4.6,4.6,Nott'm Forest,88.20,88.20,88.20,88.20,0.00,0.02,0.01,0.02
D,505,Milenković,5.1,5.1,Nott'm Forest,87.45,87.45,87.45,87.45,0.00,0.00,0.00,0.00
D,506,Murillo,5.2,5.2,Nott'm Forest,36.30,82.05,82.05,82.05,0.00,0.00,0.00,0.01
D,507,Aina,4.7,4.7,Nott'm Forest,74.85,83.25,83.25,83.25,0.00,0.00,0.00,0.00
D,508,N.Williams,4.8,4.8,Nott'm Forest,83.10,83.10,83.10,83.10,0.00,0.00,0.00,0.00
D,510,Jair Cunha,4.2,4.2,Nott'm Forest,18.00,8.40,8.40,8.40,0.00,0.00,0.00,0.00
D,511,Morato,4.3,4.3,Nott'm Forest,48.60,9.60,9.60,9.60,0.00,0.00,0.00,0.00
D,513,Abbott,3.8,3.8,Nott'm Forest,9.45,1.50,1.50,1.50,0.00,0.00,0.00,0.00
D,514,Boly,3.8,3.8,Nott'm Forest,0.60,0.60,0.60,0.60,0.00,0.00,0.00,0.00
M,515,Gibbs-White,7.6,7.6,Nott'm Forest,81.75,81.75,81.75,81.75,0.01,0.02,0.01,0.09
M,516,Hudson-Odoi,5.7,5.7,Nott'm Forest,0.00,0.00,0.00,0.00,0.00,0.00,0.00,0.00
M,517,Anderson,5.6,5.6,Nott'm Forest,85.50,85.50,85.50,85.50,0.01,0.02,0.01,0.02
M,519,Dominguez,5.0,5.0,Nott'm Forest,76.80,46.50,46.50,46.50,0.00,0.00,0.00,0.00
M,521,Sangaré,4.9,4.9,Nott'm Forest,27.90,82.95,82.95,82.95,0.00,0.00,0.00,0.00
M,522,Yates,4.7,4.7,Nott'm Forest,28.95,12.00,12.00,12.00,0.00,0.00,0.00,0.00
M,523,Da Silva Moreira,4.5,4.5,Nott'm Forest,0.60,0.60,0.60,0.60,0.00,0.00,0.00,0.00
F,525,Wood,7.1,7.1,Nott'm Forest,47.10,45.00,45.00,45.00,0.00,0.00,0.00,0.00
F,526,Igor Jesus,5.9,5.9,Nott'm Forest,73.50,65.40,65.40,65.40,0.00,0.01,0.00,0.03
F,527,Awoniyi,5.2,5.2,Nott'm Forest,15.45,15.45,15.45,15.45,0.00,0.00,0.00,0.00
G,529,Moore,3.9,3.9,Sunderland,0.00,0.00,0.00,0.00,0.00,0.00,0.00,0.00
D,531,Ballard,4.7,4.7,Sunderland,83.85,83.85,83.85,83.85,0.09,0.00,0.07,0.01
D,532,Hume,4.5,4.5,Sunderland,65.10,65.10,65.10,65.10,0.01,0.00,0.00,0.00
D,535,Cirkin,4.0,4.0,Sunderland,6.90,6.90,6.90,6.90,0.00,0.00,0.00,0.00
D,539,O'Nien,4.0,4.0,Sunderland,1.50,1.50,1.50,1.50,0.00,0.00,0.00,0.00
D,541,Reinildo,3.8,3.8,Sunderland,73.95,73.95,73.95,73.95,0.00,0.00,0.00,0.00
M,544,Diarra,5.3,5.3,Sunderland,74.85,74.85,74.85,74.85,0.00,0.00,0.00,0.00
M,546,Aleksić,4.9,4.9,Sunderland,0.90,0.90,0.90,0.90,0.00,0.00,0.00,0.00
M,547,E.Le Fée,4.8,4.8,Sunderland,81.15,81.15,81.15,81.15,0.00,0.00,0.00,0.00
M,548,Mundle,4.9,4.9,Sunderland,0.00,0.00,0.00,0.00,0.00,0.00,0.00,0.00
M,550,Poveda,4.7,4.7,Sunderland,0.00,0.00,0.00,0.00,0.00,0.00,0.00,0.00
M,551,Rigg,4.7,4.7,Sunderland,13.35,13.35,13.35,13.35,0.00,0.00,0.00,0.00
M,552,Sadiki,4.9,4.9,Sunderland,83.25,83.25,83.25,83.25,0.00,0.00,0.00,0.00
M,553,Talbi,4.9,4.9,Sunderland,37.80,37.80,37.80,37.80,0.00,0.00,0.00,0.00
M,554,Ba,4.3,4.3,Sunderland,0.00,0.00,0.00,0.00,0.00,0.00,0.00,0.00
M,557,H.Jones,4.3,4.3,Sunderland,0.00,0.00,0.00,0.00,0.00,0.00,0.00,0.00
F,560,Isidor,5.0,5.0,Sunderland,15.45,15.45,15.45,15.45,0.00,0.00,0.00,0.00
F,561,Mayenda,5.2,5.2,Sunderland,9.75,9.75,9.75,9.75,0.00,0.00,0.00,0.00
F,562,Abdullahi,4.2,4.2,Sunderland,0.60,0.60,0.60,0.60,0.00,0.00,0.00,0.00
G,565,Vicario,4.7,4.7,Spurs,0.00,18.00,89.10,89.10,0.00,0.00,0.00,0.00
G,566,Austin,3.9,3.9,Spurs,0.00,0.00,0.00,0.00,0.00,0.00,0.00,0.00
G,567,Kinsky,3.9,3.9,Spurs,89.10,72.00,0.90,0.90,0.00,0.00,0.00,0.00
D,568,Pedro Porro,5.2,5.2,Spurs,82.50,82.50,82.50,82.50,0.01,0.02,0.00,0.07
D,569,Romero,5.0,5.0,Spurs,0.00,0.00,0.00,0.00,0.00,0.00,0.00,0.00
D,570,Danso,4.2,4.2,Spurs,81.60,81.60,81.60,81.60,0.06,0.09,0.00,0.21
D,571,Davies,4.3,4.3,Spurs,0.00,0.00,0.00,0.00,0.00,0.00,0.00,0.00
D,572,Dragusin,4.5,4.5,Spurs,8.55,8.55,8.55,8.55,0.00,0.00,0.00,0.00
D,573,Spence,4.1,4.1,Spurs,73.50,34.95,34.95,34.95,0.00,0.00,0.00,0.00
D,574,Udogie,4.3,4.3,Spurs,25.50,68.40,68.40,68.40,0.00,0.00,0.00,0.00
D,575,Van de Ven,4.4,4.4,Spurs,86.70,86.70,86.70,86.70,0.00,0.00,0.00,0.00
M,580,Johnson,6.5,6.5,Crystal Palace,58.65,117.30,58.65,58.65,0.00,0.00,0.00,0.00
M,581,Maddison,6.8,6.8,Spurs,9.60,9.60,9.60,9.60,0.00,0.00,0.00,0.00
M,582,Kudus,6.4,6.4,Spurs,0.00,0.00,0.00,0.00,0.00,0.00,0.00,0.00
M,583,Kulusevski,6.4,6.4,Spurs,0.00,0.00,0.00,0.00,0.00,0.00,0.00,0.00
M,584,Tel,6.2,6.2,Spurs,76.05,64.80,61.65,61.65,0.00,0.00,0.00,0.00
M,585,Bentancur,5.2,5.2,Spurs,73.05,73.05,73.05,73.05,0.00,0.00,0.00,0.00
M,586,Bergvall,5.2,5.2,Spurs,48.45,48.45,48.45,48.45,0.00,0.00,0.00,0.00
M,587,Bissouma,5.2,5.2,Spurs,63.60,63.60,63.60,63.60,0.00,0.00,0.00,0.00
M,588,Odobert,5.3,5.3,Spurs,0.00,0.00,0.00,0.00,0.00,0.00,0.00,0.00
M,591,Gray,4.8,4.8,Spurs,25.05,25.05,25.05,25.05,0.00,0.00,0.00,0.00
M,593,P.M.Sarr,4.5,4.5,Spurs,28.50,28.50,28.50,28.50,0.00,0.00,0.00,0.00
M,595,Olusesi,4.3,4.3,Spurs,0.30,0.30,0.30,0.30,0.00,0.00,0.00,0.00
F,596,Solanke,7.2,7.2,Spurs,0.00,0.00,0.00,0.00,0.09,0.10,0.04,0.12
F,597,Richarlison,6.3,6.3,Spurs,76.50,59.40,30.30,30.30,0.00,0.00,0.00,0.00
G,600,Areola,4.2,4.2,West Ham,0.90,0.90,0.90,0.90,0.00,0.00,0.00,0.00
D,603,Diouf,4.1,4.1,West Ham,84.75,84.75,84.75,84.75,0.00,0.00,0.00,0.00
D,605,Kilman,4.1,4.1,West Ham,3.00,3.00,3.00,3.00,0.00,0.00,0.00,0.00
D,606,Mavropanos,4.5,4.5,West Ham,82.95,82.95,82.95,82.95,0.05,0.00,0.03,0.13
D,608,Scarles,4.3,4.3,West Ham,7.35,7.35,7.35,7.35,0.00,0.00,0.00,0.00
D,609,Todibo,4.3,4.3,West Ham,19.65,19.65,19.65,19.65,0.00,0.00,0.00,0.00
D,610,Wan-Bissaka,4.1,4.1,West Ham,24.75,24.75,24.75,24.75,0.00,0.00,0.00,0.00
M,613,Souček,5.7,5.7,West Ham,77.10,77.10,77.10,77.10,0.00,0.00,0.00,0.00
M,614,Ward-Prowse,5.6,5.6,Burnley,49.50,49.50,49.50,49.50,0.00,0.00,0.00,0.00
M,615,Summerville,5.5,5.5,West Ham,79.20,79.20,79.20,79.20,0.01,0.00,0.01,0.00
M,623,Potts,4.3,4.3,West Ham,25.05,25.05,25.05,25.05,0.00,0.00,0.00,0.00
F,624,Bowen,7.8,7.8,West Ham,87.60,87.60,87.60,87.60,0.02,0.00,0.00,0.03
G,627,Johnstone,4.4,4.4,Wolves,0.00,0.00,0.00,0.00,0.00,0.00,0.00,0.00
G,628,José Sá,4.2,4.2,Wolves,0.00,0.00,72.00,72.00,0.01,0.00,0.00,0.01
G,629,Bentley,3.9,3.9,Wolves,89.10,89.10,18.00,18.00,0.00,0.00,0.00,0.00
G,630,King,3.9,3.9,Everton,0.00,0.00,0.00,0.00,0.00,0.00,0.00,0.00
D,632,Doherty,4.4,4.4,Wolves,32.70,12.45,12.45,12.45,0.00,0.00,0.00,0.00
D,633,H.Bueno,4.3,4.3,Wolves,81.60,77.55,77.55,77.55,0.00,0.00,0.00,0.00
D,634,Mosquera,4.3,4.3,Wolves,79.20,79.20,79.20,79.20,0.00,0.00,0.00,0.00
D,635,R.Gomes,4.4,4.4,Wolves,21.30,13.65,13.65,13.65,0.00,0.00,0.00,0.00
D,636,S.Bueno,4.4,4.4,Wolves,82.95,82.95,82.95,82.95,0.01,0.00,0.00,0.00
D,637,Toti,4.2,4.2,Wolves,72.00,23.25,23.25,23.25,0.00,0.00,0.00,0.00
D,640,Pedro Lima,4.0,4.0,Wolves,58.80,58.80,58.80,58.80,0.00,0.00,0.00,0.00
M,642,Hee Chan,5.6,5.6,Wolves,31.80,31.80,31.80,31.80,0.00,0.00,0.00,0.00
M,643,André,5.2,5.2,Wolves,78.45,78.45,78.45,78.45,0.00,0.00,0.00,0.00
M,644,Bellegarde,5.1,5.1,Wolves,54.00,54.00,54.00,54.00,0.00,0.00,0.00,0.00
M,646,J.Gomes,5.3,5.3,Wolves,78.45,78.45,78.45,78.45,0.00,0.00,0.00,0.00
M,651,Edozie,4.3,4.3,Wolves,0.00,0.00,0.00,0.00,0.00,0.00,0.00,0.00
M,652,Gonzalez,4.3,4.3,Wolves,0.60,0.60,0.60,0.60,0.00,0.00,0.00,0.00
F,654,Strand Larsen,5.9,5.9,Crystal Palace,56.10,112.20,56.10,56.10,0.00,0.01,0.00,0.00
F,657,Chiwome,4.4,4.4,Wolves,0.00,0.00,0.00,0.00,0.00,0.00,0.00,0.00
F,658,Fraser,4.2,4.2,Wolves,0.30,0.30,0.30,0.30,0.00,0.00,0.00,0.00
D,659,Walker-Peters,4.2,4.2,West Ham,74.55,74.55,74.55,74.55,0.00,0.00,0.00,0.01
M,660,Stach,4.8,4.8,Leeds United,73.50,80.70,80.70,80.70,0.10,0.02,0.01,0.02
F,661,Ekitiké,9.1,9.1,Liverpool,0.00,0.00,0.00,0.00,0.00,0.00,0.00,0.00
D,662,Mosquera,5.3,5.3,Arsenal,46.50,14.10,14.10,14.10,0.00,0.00,0.00,0.00
G,664,Lecomte,3.9,3.9,Fulham,0.90,0.90,0.90,0.90,0.00,0.00,0.00,0.00
G,665,Perri,4.4,4.4,Leeds United,0.90,0.90,0.90,0.90,0.00,0.00,0.00,0.00
F,666,Gyökeres,8.8,8.8,Arsenal,74.70,61.20,61.20,61.20,0.00,0.00,0.00,0.00
D,667,Aznou,4.2,4.2,Everton,0.30,0.30,0.30,0.30,0.00,0.00,0.00,0.00
M,668,Xhaka,5.1,5.1,Sunderland,76.35,76.35,76.35,76.35,0.00,0.00,0.00,0.00
M,669,Ndoye,5.5,5.5,Nott'm Forest,9.45,21.45,21.45,21.45,0.00,0.00,0.00,0.00
G,670,Roefs,4.8,4.8,Sunderland,89.10,89.10,89.10,89.10,0.12,0.02,0.03,0.02
F,671,Wilson,5.8,5.8,West Ham,15.45,15.45,15.45,15.45,0.00,0.00,0.00,0.00
D,672,Hato,4.6,4.6,Chelsea,36.90,36.90,36.90,36.90,0.00,0.00,0.00,0.00
M,673,J.Palhinha,5.5,5.5,Spurs,23.25,23.25,23.25,23.25,0.00,0.00,0.00,0.00
G,674,Ramsdale,4.8,4.8,Newcastle,9.00,9.00,9.00,9.00,0.00,0.00,0.00,0.00
G,675,Gunn,4.0,4.0,Nott'm Forest,0.00,0.00,0.00,0.00,0.00,0.00,0.00,0.00
M,676,Ugochukwu,5.0,5.0,Burnley,63.90,63.90,63.90,63.90,0.00,0.00,0.00,0.00
M,677,Guessand,6.2,6.2,Crystal Palace,0.00,0.00,0.00,0.00,0.00,0.00,0.00,0.00
G,679,Hermansen,4.2,4.2,West Ham,89.10,89.10,89.10,89.10,0.00,0.00,0.02,0.04
F,680,Broja,5.2,5.2,Burnley,15.30,15.30,15.30,15.30,0.00,0.00,0.00,0.00
F,681,Šeško,7.3,7.3,Man Utd,75.75,48.45,48.45,48.45,0.00,0.00,0.00,0.00
D,682,Møller Wolfe,4.2,4.2,Wolves,5.10,5.10,5.10,5.10,0.00,0.00,0.00,0.00
D,683,Alderete,4.1,4.1,Sunderland,83.85,83.85,83.85,83.85,0.11,0.00,0.04,0.00
D,684,Thiaw,5.0,5.0,Newcastle,84.75,84.75,84.75,84.75,0.00,0.00,0.01,0.00
D,685,Diakité,4.1,4.1,Bournemouth,7.35,7.35,7.35,7.35,0.00,0.00,0.00,0.00
M,686,Ngumoha,4.3,4.3,Liverpool,36.15,30.45,29.25,29.25,0.00,0.00,0.00,0.00
M,687,Rees-Dottin,4.3,4.3,Bournemouth,0.00,0.00,0.00,0.00,0.00,0.00,0.00,0.00
G,688,Wright,3.9,3.9,Aston Villa,0.00,0.00,0.00,0.00,0.00,0.00,0.00,0.00
M,689,Seung soo,4.3,4.3,Newcastle,0.30,0.30,0.30,0.30,0.00,0.00,0.00,0.00
M,690,Cardines,4.4,4.4,Crystal Palace,1.20,2.40,1.20,1.20,0.00,0.00,0.00,0.00
F,691,Calvert-Lewin,5.7,5.7,Leeds United,81.90,81.90,81.90,81.90,0.37,0.05,0.09,0.10
D,692,Leoni,4.9,4.9,Liverpool,0.00,0.00,0.00,0.00,0.00,0.00,0.00,0.00
M,693,Hutchinson,5.4,5.4,Nott'm Forest,77.55,73.05,73.05,73.05,0.00,0.00,0.00,0.00
D,694,Mukiele,4.6,4.6,Sunderland,82.95,82.95,82.95,82.95,0.02,0.00,0.00,0.00
D,695,Tchatchoua,4.4,4.4,Wolves,27.30,23.70,23.70,23.70,0.00,0.00,0.00,0.00
M,697,Adli,5.4,5.4,Bournemouth,52.50,21.15,21.15,21.15,0.00,0.00,0.00,0.00
M,698,Okafor,5.6,5.6,Leeds United,35.70,52.80,52.80,52.80,0.00,0.00,0.00,0.00
M,699,Douglas Luiz,4.9,4.9,Aston Villa,55.80,18.00,18.00,18.00,0.00,0.00,0.00,0.00
M,700,Dowman,4.2,4.2,Arsenal,8.10,8.10,8.10,8.10,0.00,0.00,0.00,0.00
M,702,Burrowes,4.3,4.3,Aston Villa,0.90,0.90,0.90,0.90,0.00,0.00,0.00,0.00
G,703,Proctor,3.9,3.9,Aston Villa,0.00,0.00,0.00,0.00,0.00,0.00,0.00,0.00
D,706,Justin,3.9,3.9,Leeds United,84.00,84.00,80.25,80.25,0.14,0.01,0.00,0.03
M,707,Dibling,5.3,5.3,Everton,12.45,12.45,12.45,12.45,0.00,0.00,0.00,0.00
M,708,M.Fernandes,5.5,5.5,West Ham,83.25,83.25,83.25,83.25,0.00,0.00,0.00,0.00
D,709,Krejčí,4.5,4.5,Wolves,0.00,84.75,84.75,84.75,0.00,0.00,0.00,0.02
D,710,Patterson,3.9,3.9,Aston Villa,0.30,0.30,0.30,0.30,0.00,0.00,0.00,0.00
M,711,Harriman-Annous,4.4,4.4,Arsenal,0.30,0.30,0.30,0.30,0.00,0.00,0.00,0.00
M,712,Yeremy,5.8,5.8,Crystal Palace,43.80,87.60,43.80,43.80,0.00,0.00,0.00,0.00
D,713,A.Jimenez,4.5,4.5,Bournemouth,79.05,79.05,79.05,79.05,0.00,0.00,0.00,0.00
F,714,Woltemade,6.7,6.7,Newcastle,23.70,23.70,23.70,23.70,0.00,0.00,0.00,0.00
G,715,John,4.0,4.0,Nott'm Forest,0.30,0.30,0.30,0.30,0.00,0.00,0.00,0.00
D,716,Savona,4.5,4.5,Nott'm Forest,0.00,0.00,0.00,0.00,0.00,0.00,0.00,0.00
M,717,Xavi,6.5,6.5,Spurs,0.00,0.00,0.00,0.00,0.04,0.05,0.02,0.03
M,718,S.Magassa,5.0,5.0,West Ham,22.35,22.35,22.35,22.35,0.00,0.00,0.00,0.00
D,719,Lindelöf,4.5,4.5,Aston Villa,12.15,12.15,12.15,12.15,0.00,0.00,0.00,0.00
F,720,Tolu,5.2,5.2,Wolves,26.70,26.70,26.70,26.70,0.00,0.00,0.00,0.00
D,721,Milosavljević,4.4,4.4,Bournemouth,5.55,5.55,5.55,5.55,0.00,0.00,0.00,0.00
M,722,Florentino,5.0,5.0,Burnley,23.25,23.25,23.25,23.25,0.00,0.00,0.00,0.00
D,723,Canvot,4.5,4.5,Crystal Palace,79.65,159.30,79.65,79.65,0.06,0.38,0.09,0.05
D,724,Geertruida,4.5,4.5,Sunderland,12.75,12.75,12.75,12.75,0.00,0.00,0.00,0.00
D,725,Hincapie,5.1,5.1,Arsenal,35.70,54.90,54.90,54.90,0.21,0.15,0.36,0.37
F,726,Kolo Muani,6.9,6.9,Spurs,75.75,69.75,59.55,59.55,0.00,0.00,0.00,0.00
M,727,Chukwueze,5.3,5.3,Fulham,46.20,46.20,46.20,46.20,0.00,0.00,0.00,0.00
M,728,Röhl,5.0,5.0,Everton,12.45,12.45,12.45,12.45,0.00,0.00,0.00,0.00
F,730,Brobbey,5.3,5.3,Sunderland,79.35,79.35,79.35,79.35,0.01,0.00,0.00,0.00
M,731,Kevin,5.7,5.7,Fulham,0.00,0.00,0.00,0.00,0.00,0.00,0.00,0.00
F,732,Uche,5.5,5.5,Crystal Palace,5.70,11.40,5.70,5.70,0.00,0.00,0.00,0.00
G,733,Lammens,5.1,5.1,Man Utd,89.10,89.10,89.10,89.10,0.01,0.06,0.07,0.04
M,734,Bakwa,5.9,5.9,Nott'm Forest,27.45,24.15,24.15,24.15,0.00,0.00,0.00,0.00
M,735,Traoré,5.5,5.5,Sunderland,13.95,13.95,13.95,13.95,0.00,0.00,0.00,0.00
G,736,Donnarumma,5.6,5.6,Man City,88.20,176.40,88.20,88.20,0.05,0.07,0.01,0.04
F,737,Kusi-Asare,4.5,4.5,Fulham,3.00,3.00,3.00,3.00,0.00,0.00,0.00,0.00
G,738,Fabianski,4.5,4.5,West Ham,0.00,0.00,0.00,0.00,0.00,0.00,0.00,0.00
M,742,McAidoo,4.5,4.5,Man City,0.30,0.60,0.30,0.30,0.00,0.00,0.00,0.00
M,743,Emenalo,4.5,4.5,Chelsea,0.00,0.00,0.00,0.00,0.00,0.00,0.00,0.00
M,744,Oriola,4.5,4.5,Brighton,0.00,0.00,0.00,0.00,0.00,0.00,0.00,0.00
D,745,Byfield,4.0,4.0,Spurs,0.00,0.00,0.00,0.00,0.00,0.00,0.00,0.00
M,746,Morrison,4.5,4.5,Liverpool,0.00,0.00,0.00,0.00,0.00,0.00,0.00,0.00
D,747,Mayers,4.0,4.0,West Ham,1.50,1.50,1.50,1.50,0.00,0.00,0.00,0.00
M,748,Dasilva,4.9,4.9,Brentford,0.00,0.00,0.00,0.00,0.00,0.00,0.00,0.00
F,749,Mané,4.3,4.3,Wolves,65.40,65.40,65.40,65.40,0.00,0.00,0.00,0.00
D,750,Rowswell,4.0,4.0,Spurs,0.00,0.00,0.00,0.00,0.00,0.00,0.00,0.00
D,752,Golambeckis,4.0,4.0,West Ham,0.00,0.00,0.00,0.00,0.00,0.00,0.00,0.00
G,753,Ruddy,4.0,4.0,Newcastle,0.00,0.00,0.00,0.00,0.00,0.00,0.00,0.00
M,754,George Hemmings,4.5,4.5,Aston Villa,1.50,1.50,1.50,1.50,0.00,0.00,0.00,0.00
M,755,Lacey,4.5,4.5,Man Utd,1.50,1.50,1.50,1.50,0.00,0.00,0.00,0.00
M,756,DaCosta,4.5,4.5,Bournemouth,0.30,0.30,0.30,0.30,0.00,0.00,0.00,0.00
G,757,Hollingshead,4.0,4.0,Aston Villa,0.00,0.00,0.00,0.00,0.00,0.00,0.00,0.00
M,758,Mohamadou Kanté,4.5,4.5,West Ham,6.00,6.00,6.00,6.00,0.00,0.00,0.00,0.00
D,759,Salmon,4.0,4.0,Arsenal,0.00,0.00,0.00,0.00,0.00,0.00,0.00,0.00
D,760,Lucky,4.0,4.0,Liverpool,0.30,0.30,0.30,0.30,0.00,0.00,0.00,0.00
D,761,Simmonds,4.0,4.0,Brighton,0.30,0.30,0.30,0.30,0.00,0.00,0.00,0.00
M,762,Drakes-Thomas,4.5,4.5,Crystal Palace,1.20,2.40,1.20,1.20,0.00,0.00,0.00,0.00
M,763,Gray,4.5,4.5,Man City,0.30,0.60,0.30,0.30,0.00,0.00,0.00,0.00
M,764,Heskey,4.5,4.5,Man City,0.30,0.60,0.30,0.30,0.00,0.00,0.00,0.00
D,765,Shahar,4.0,4.0,Newcastle,0.00,0.00,0.00,0.00,0.00,0.00,0.00,0.00
D,766,Olagunju,4.0,4.0,Wolves,0.30,0.30,0.30,0.30,0.00,0.00,0.00,0.00
M,767,Rawlings,4.5,4.5,Wolves,0.00,0.00,0.00,0.00,0.00,0.00,0.00,0.00
D,768,Leon Routh,4.0,4.0,Aston Villa,0.30,0.30,0.30,0.30,0.00,0.00,0.00,0.00
M,769,Bendito Mantato,4.5,4.5,Man Utd,0.00,0.00,0.00,0.00,0.00,0.00,0.00,0.00
M,770,Ridgeon,4.5,4.5,Fulham,0.30,0.30,0.30,0.30,0.00,0.00,0.00,0.00
M,771,Fletcher,4.4,4.4,Man Utd,0.30,0.30,0.30,0.30,0.00,0.00,0.00,0.00
M,772,Alabi,4.5,4.5,Newcastle,0.00,0.00,0.00,0.00,0.00,0.00,0.00,0.00
D,773,Benamar,4.0,4.0,Crystal Palace,0.00,0.00,0.00,0.00,0.00,0.00,0.00,0.00
D,774,Jenson Jones,4.0,4.0,Sunderland,0.00,0.00,0.00,0.00,0.00,0.00,0.00,0.00
M,776,Pimlott,4.5,4.5,Burnley,0.00,0.00,0.00,0.00,0.00,0.00,0.00,0.00
M,778,Sutherland,4.5,4.5,Wolves,0.00,0.00,0.00,0.00,0.00,0.00,0.00,0.00
F,779,Graham,4.5,4.5,Everton,0.00,0.00,0.00,0.00,0.00,0.00,0.00,0.00
F,780,Casey,4.5,4.5,Crystal Palace,0.30,0.60,0.30,0.30,0.00,0.00,0.00,0.00
D,781,Carroll,4.0,4.0,Aston Villa,0.30,0.30,0.30,0.30,0.00,0.00,0.00,0.00
G,782,Forster,4.0,4.0,Bournemouth,0.00,0.00,0.00,0.00,0.00,0.00,0.00,0.00
M,783,Groß,5.5,5.5,Brighton,85.35,85.35,85.35,85.35,0.00,0.01,0.00,0.00
M,784,Brierley,4.5,4.5,Burnley,0.00,0.00,0.00,0.00,0.00,0.00,0.00,0.00
F,785,Pablo,5.4,5.4,West Ham,67.80,67.80,67.80,67.80,0.00,0.00,0.00,0.00
G,786,McNally,4.0,4.0,Fulham,0.00,0.00,0.00,0.00,0.00,0.00,0.00,0.00
M,787,Chambers,4.4,4.4,Leeds United,0.00,0.00,0.00,0.00,0.00,0.00,0.00,0.00
D,788,Kukonki,4.0,4.0,Man Utd,0.00,0.00,0.00,0.00,0.00,0.00,0.00,0.00
G,789,Merrick,4.0,4.0,Chelsea,0.00,0.00,0.00,0.00,0.00,0.00,0.00,0.00
M,790,Williams-Barnett,4.5,4.5,Spurs,0.00,0.00,0.00,0.00,0.00,0.00,0.00,0.00
F,791,Taty,5.5,5.5,West Ham,76.20,76.20,76.20,76.20,0.00,0.00,0.00,0.00
M,792,Alysson,5.0,5.0,Aston Villa,9.75,9.75,9.75,9.75,0.00,0.00,0.00,0.00
D,793,King,4.0,4.0,Crystal Palace,0.00,0.00,0.00,0.00,0.00,0.00,0.00,0.00
D,794,Alleyne,3.9,3.9,Man City,0.00,0.00,0.00,0.00,0.00,0.00,0.00,0.00
M,795,Howell,4.5,4.5,Brighton,3.75,3.75,3.75,3.75,0.00,0.00,0.00,0.00
M,796,Gallagher,5.0,5.0,Spurs,74.85,74.85,74.85,74.85,0.00,0.00,0.00,0.00
F,797,Furo,4.5,4.5,Brentford,0.00,0.00,0.00,0.00,0.00,0.00,0.00,0.00
M,799,Stevens,4.5,4.5,Bournemouth,0.30,0.30,0.30,0.30,0.00,0.00,0.00,0.00
M,800,Jocelin.T,4.9,4.9,Sunderland,13.80,13.80,13.80,13.80,0.00,0.00,0.00,0.00
M,801,Tóth.A,4.9,4.9,Bournemouth,8.40,8.40,8.40,8.40,0.00,0.00,0.00,0.00
M,802,Lamadrid,5.0,5.0,West Ham,1.50,1.50,1.50,1.50,0.00,0.00,0.00,0.00
G,803,Sharman-Lowe,4.0,4.0,Chelsea,0.90,0.90,0.90,0.90,0.00,0.00,0.00,0.00
D,804,Souza,4.0,4.0,Spurs,10.05,1.50,1.50,1.50,0.00,0.00,0.00,0.00
F,805,Lucca,5.4,5.4,Nott'm Forest,18.00,18.00,18.00,18.00,0.00,0.00,0.00,0.00
G,806,Mandas,4.0,4.0,Bournemouth,0.90,0.90,0.90,0.90,0.00,0.00,0.00,0.00
M,807,Rayan,5.4,5.4,Bournemouth,71.40,68.10,68.10,68.10,0.01,0.00,0.00,0.01
F,808,Abraham,5.8,5.8,Aston Villa,23.70,23.70,23.70,23.70,0.00,0.00,0.00,0.00
M,809,Abbey,4.5,4.5,Wolves,0.00,0.00,0.00,0.00,0.00,0.00,0.00,0.00
M,810,Bentt,4.5,4.5,Brentford,0.00,0.00,0.00,0.00,0.00,0.00,0.00,0.00
M,811,Kyerematen,4.5,4.5,Spurs,0.30,0.30,0.30,0.30,0.00,0.00,0.00,0.00
G,812,Ellborg,4.0,4.0,Sunderland,0.90,0.90,0.90,0.90,0.00,0.00,0.00,0.00
M,813,Angulo,5.0,5.0,Sunderland,31.80,31.80,31.80,31.80,0.00,0.00,0.00,0.00
D,814,Netz,4.5,4.5,Nott'm Forest,9.45,9.45,9.45,9.45,0.00,0.00,0.00,0.00
D,815,Disasi,4.5,4.5,West Ham,82.95,82.95,82.95,82.95,0.00,0.00,0.00,0.00
M,816,Angel,4.6,4.6,Wolves,68.70,68.70,68.70,68.70,0.00,0.00,0.00,0.00
F,817,Armstrong,5.2,5.2,Wolves,78.45,78.45,78.45,78.45,0.00,0.00,0.00,0.00
F,818,Wilson,4.5,4.5,Spurs,0.90,0.90,0.90,0.90,0.00,0.00,0.00,0.00
D,819,Shield,4.0,4.0,Brentford,0.90,0.90,0.90,0.90,0.00,0.00,0.00,0.00
M,820,McMahon-Brown,4.5,4.5,Burnley,0.00,0.00,0.00,0.00,0.00,0.00,0.00,0.00
M,821,Whittaker,4.5,4.5,Sunderland,0.00,0.00,0.00,0.00,0.00,0.00,0.00,0.00
M,822,Jones,4.5,4.5,Sunderland,0.00,0.00,0.00,0.00,0.00,0.00,0.00,0.00
D,823,Stephenson,4.0,4.0,Brentford,0.00,0.00,0.00,0.00,0.00,0.00,0.00,0.00
D,824,McManus,4.0,4.0,Brentford,0.00,0.00,0.00,0.00,0.00,0.00,0.00,0.00
G,825,Herrick,4.0,4.0,West Ham,0.00,0.00,0.00,0.00,0.00,0.00,0.00,0.00
M,826,Owen,4.5,4.5,Brentford,0.00,0.00,0.00,0.00,0.00,0.00,0.00,0.00
M,827,Thwaites,4.5,4.5,Man Utd,0.00,0.00,0.00,0.00,0.00,0.00,0.00,0.00
G,828,Brooks,4.0,4.0,Wolves,0.00,0.00,0.00,0.00,0.00,0.00,0.00,0.00
M,829,Derry,4.5,4.5,Chelsea,0.00,0.00,0.00,0.00,0.00,0.00,0.00,0.00
F,830,Wright,4.5,4.5,Liverpool,0.00,0.00,0.00,0.00,0.00,0.00,0.00,0.00