Pos,ID,Name,BV,SV,Team,34_xMins,35_xMins,36_xMins,37_xMins,38_xMins,34_Pts,35_Pts,36_Pts,37_Pts,38_Pts
G,1,Raya,6.0,6.0,Arsenal,89.10,89.10,89.10,89.10,89.10,3.58,3.83,3.69,4.39,3.97
G,2,Arrizabalaga,4.0,4.0,Arsenal,1.20,1.20,1.20,1.20,1.20,0.05,0.05,0.05,0.05,0.05
G,4,Setford,3.9,3.9,Arsenal,0.00,0.00,0.00,0.00,0.00,0.00,0.00,0.00,0.00,0.00
D,5,Gabriel,7.1,7.1,Arsenal,85.65,85.65,85.65,85.65,85.65,4.95,5.04,4.91,6.06,5.36
D,6,Saliba,6.1,6.1,Arsenal,85.65,85.65,85.65,85.65,85.65,3.83,4.08,3.93,4.85,4.23
D,7,Calafiori,5.6,5.6,Arsenal,11.70,22.20,22.20,22.20,22.20,0.62,1.15,1.08,1.33,1.13
D,8,J.Timber,6.2,6.2,Arsenal,25.20,81.90,81.90,81.90,81.90,1.34,4.62,4.33,5.57,4.54
D,10,Lewis-Skelly,5.0,5.0,Arsenal,23.40,9.45,9.45,9.45,9.45,1.08,0.35,0.38,0.42,0.35
D,11,White,5.1,5.1,Arsenal,43.50,4.65,4.65,4.65,4.65,2.31,0.23,0.22,0.25,0.22
D,13,Clarke,3.7,3.7,Arsenal,0.00,0.00,0.00,0.00,0.00,0.00,0.00,0.00,0.00,0.00
D,15,Nichols,3.7,3.7,Arsenal,0.00,0.00,0.00,0.00,0.00,0.00,0.00,0.00,0.00,0.00
M,16,Saka,9.8,9.8,Arsenal,28.05,70.95,70.95,70.95,70.95,2.03,4.86,4.61,5.78,4.46
M,17,Ødegaard,7.8,7.8,Arsenal,35.70,35.70,35.70,35.70,35.70,2.08,1.97,1.83,2.24,1.79
M,18,Madueke,6.8,6.8,Arsenal,48.45,35.55,35.55,35.55,35.55,3.07,2.14,2.04,2.49,1.97
M,19,Martinelli,6.8,6.8,Arsenal,30.15,30.15,30.15,30.15,30.15,1.96,1.85,1.75,2.11,1.67
M,20,Trossard,6.5,6.5,Arsenal,40.50,40.50,40.50,40.50,40.50,2.53,2.42,2.28,2.83,2.23
M,21,Rice,7.2,7.2,Arsenal,84.00,84.00,84.00,84.00,84.00,5.15,4.71,4.60,5.50,4.58
M,22,Merino,5.4,5.4,Arsenal,0.00,0.00,0.00,0.00,0.00,0.00,0.00,0.00,0.00,0.00
M,24,Nørgaard,5.1,5.1,Arsenal,13.35,13.35,13.35,13.35,13.35,0.55,0.52,0.51,0.58,0.53
M,26,Zubimendi,5.0,5.0,Arsenal,80.40,80.40,80.40,80.40,80.40,3.30,3.13,3.10,3.51,3.07
M,27,Nelson,4.8,4.8,Brentford,23.85,4.20,4.20,4.20,4.20,1.14,0.23,0.18,0.22,0.19
F,30,Havertz,7.3,7.3,Arsenal,56.85,56.85,56.85,56.85,56.85,3.37,2.90,2.78,3.38,2.66
F,31,G.Jesus,6.4,6.4,Arsenal,9.75,9.75,9.75,9.75,9.75,0.59,0.57,0.51,0.65,0.50
G,32,Martinez,5.1,5.1,Aston Villa,89.10,89.10,89.10,89.10,89.10,3.04,3.11,3.73,2.87,2.57
G,33,M.Bizot,4.2,4.2,Aston Villa,0.90,0.90,0.90,0.90,0.90,0.03,0.03,0.03,0.03,0.02
D,36,Cash,4.7,4.7,Aston Villa,82.50,82.50,82.50,82.50,82.50,3.09,3.55,4.09,2.94,2.07
D,37,Digne,4.5,4.5,Aston Villa,44.25,44.25,44.25,44.25,44.25,1.97,2.17,2.45,1.86,1.38
D,38,Konsa,4.4,4.4,Aston Villa,80.55,80.55,80.55,80.55,80.55,2.64,2.98,3.47,2.52,1.79
D,39,Maatsen,4.2,4.2,Aston Villa,53.70,53.70,53.70,53.70,53.70,2.34,2.59,2.94,2.24,1.65
D,40,Mings,4.3,4.3,Aston Villa,54.00,54.00,54.00,54.00,54.00,1.92,2.15,2.49,1.88,1.39
D,41,Pau,4.3,4.3,Aston Villa,37.50,37.50,37.50,37.50,37.50,1.32,1.45,1.67,1.29,0.97
D,42,A.García,3.9,3.9,Aston Villa,0.00,0.00,0.00,0.00,0.00,0.00,0.00,0.00,0.00,0.00
D,44,Bogarde,4.0,4.0,Aston Villa,15.60,15.60,15.60,15.60,15.60,0.56,0.58,0.61,0.54,0.46
M,47,Rogers,7.4,7.4,Aston Villa,87.00,87.00,87.00,87.00,87.00,3.99,4.64,4.64,3.94,3.25
M,48,Tielemans,5.9,5.9,Aston Villa,79.80,79.80,79.80,79.80,79.80,3.59,3.99,4.03,3.56,3.19
M,49,Bailey,5.5,5.5,Aston Villa,3.75,3.75,3.75,3.75,3.75,0.19,0.21,0.21,0.18,0.16
M,50,Buendía,5.3,5.3,Aston Villa,45.00,45.00,45.00,45.00,45.00,2.38,2.64,2.69,2.34,2.02
M,52,J.Ramsey,5.3,5.3,Newcastle,59.70,35.55,35.55,35.55,35.55,2.10,1.54,1.45,1.62,1.48
M,54,McGinn,5.3,5.3,Aston Villa,75.45,75.45,75.45,75.45,75.45,3.17,3.53,3.62,3.10,2.68
M,55,Barkley,4.8,4.8,Aston Villa,45.45,45.45,45.45,45.45,45.45,2.05,2.22,2.29,2.01,1.72
M,58,Kamara,4.9,4.9,Aston Villa,0.00,0.00,0.00,0.00,0.00,0.00,0.00,0.00,0.00,0.00
M,59,Onana,4.8,4.8,Aston Villa,70.80,70.80,70.80,70.80,70.80,2.77,3.09,3.17,2.81,2.66
F,64,Watkins,8.6,8.6,Aston Villa,75.90,75.90,75.90,75.90,75.90,4.01,4.55,4.51,3.96,3.28
G,67,Petrović,4.6,4.6,Bournemouth,0.00,89.10,89.10,89.10,89.10,0.00,3.42,2.82,2.61,3.17
G,69,McKenna,3.9,3.9,Bournemouth,0.00,0.00,0.00,0.00,0.00,0.00,0.00,0.00,0.00,0.00
D,72,Senesi,5.2,5.2,Bournemouth,0.00,87.45,87.45,87.45,87.45,0.00,4.72,3.88,3.04,3.91
D,73,Smith,4.4,4.4,Bournemouth,0.00,22.20,22.20,22.20,22.20,0.00,0.89,0.77,0.67,0.80
D,74,Truffert,4.7,4.7,Bournemouth,0.00,87.45,87.45,87.45,87.45,0.00,4.18,3.31,2.56,3.39
D,75,Akinmboni,3.8,3.8,Bournemouth,0.00,0.00,0.00,0.00,0.00,0.00,0.00,0.00,0.00,0.00
D,76,Bevan,3.8,3.8,Bournemouth,0.00,0.00,0.00,0.00,0.00,0.00,0.00,0.00,0.00,0.00
D,77,Hill,4.2,4.2,Bournemouth,0.00,87.45,87.45,87.45,87.45,0.00,4.72,3.90,3.13,3.98
D,80,Soler,3.9,3.9,Bournemouth,0.00,0.00,0.00,0.00,0.00,0.00,0.00,0.00,0.00,0.00
M,81,Kluivert,6.9,6.9,Bournemouth,0.00,30.45,30.45,30.45,30.45,0.00,1.97,1.68,1.55,1.62
M,82,Semenyo,8.2,8.2,Man City,0.00,77.10,158.70,77.10,77.10,0.00,4.50,10.21,4.57,4.80
M,83,O.Dango,5.9,5.9,Brentford,75.45,75.45,75.45,75.45,75.45,3.63,4.32,3.18,4.25,3.51
M,84,Tavernier,5.4,5.4,Bournemouth,0.00,80.40,80.40,80.40,80.40,0.00,4.75,4.06,3.72,4.00
M,85,Adams,4.9,4.9,Bournemouth,0.00,67.20,67.20,67.20,67.20,0.00,2.75,2.61,2.60,2.77
M,86,Brooks,5.0,5.0,Bournemouth,0.00,21.45,21.45,21.45,21.45,0.00,1.28,1.11,1.03,1.09
M,87,Christie,4.9,4.9,Bournemouth,0.00,24.75,24.75,24.75,24.75,0.00,1.16,1.07,1.04,1.07
M,88,Cook,4.9,4.9,Bournemouth,0.00,9.90,9.90,9.90,9.90,0.00,0.46,0.42,0.42,0.44
M,90,Scott,5.1,5.1,Bournemouth,0.00,83.25,83.25,83.25,83.25,0.00,4.29,3.91,3.77,4.08
F,97,Evanilson,6.7,6.7,Bournemouth,0.00,75.75,75.75,75.75,75.75,0.00,4.17,3.59,3.29,3.43
F,98,Enes Ünal,5.4,5.4,Bournemouth,0.00,12.00,12.00,12.00,12.00,0.00,0.75,0.66,0.61,0.68
F,100,Kroupi.Jr,4.6,4.6,Bournemouth,0.00,36.45,36.45,36.45,36.45,0.00,2.24,1.91,1.78,1.86
G,101,Kelleher,4.8,4.8,Brentford,89.10,89.10,89.10,89.10,89.10,2.93,3.32,2.52,3.81,2.53
G,102,Balcombe,3.9,3.9,Brentford,0.00,0.00,0.00,0.00,0.00,0.00,0.00,0.00,0.00,0.00
G,104,Eyestone,3.9,3.9,Brentford,0.00,0.00,0.00,0.00,0.00,0.00,0.00,0.00,0.00,0.00
G,105,Valdimarsson,3.8,3.8,Brentford,0.90,0.90,0.90,0.90,0.90,0.03,0.03,0.03,0.03,0.03
D,106,Collins,4.9,4.9,Brentford,81.00,81.00,81.00,81.00,81.00,3.10,3.68,2.47,4.26,3.03
D,107,Lewis-Potter,4.8,4.8,Brentford,83.25,66.15,66.15,66.15,66.15,2.82,3.58,2.01,3.74,2.37
D,108,Ajer,4.4,4.4,Brentford,55.05,38.70,38.70,38.70,38.70,1.95,1.67,1.15,1.89,1.39
D,109,Henry,4.3,4.3,Brentford,0.00,0.00,0.00,0.00,0.00,0.00,0.00,0.00,0.00,0.00
D,110,Kayode,4.6,4.6,Brentford,85.35,85.35,85.35,85.35,85.35,2.61,3.52,2.04,4.01,2.47
D,111,Pinnock,4.2,4.2,Brentford,9.45,9.45,9.45,9.45,9.45,0.44,0.49,0.38,0.55,0.43
D,113,Van den Berg,4.6,4.6,Brentford,80.70,80.70,80.70,80.70,80.70,2.94,3.56,2.31,4.09,2.89
D,116,Hickey,4.0,4.0,Brentford,31.50,31.50,31.50,31.50,31.50,1.04,1.31,0.86,1.44,0.99
M,119,Mbeumo,8.5,8.5,Man Utd,72.30,68.10,68.10,68.10,68.10,4.53,3.97,3.95,4.17,3.68
M,120,Schade,7.0,7.0,Brentford,78.45,78.45,78.45,78.45,78.45,3.63,4.43,3.15,4.32,3.43
M,121,Damsgaard,5.6,5.6,Brentford,79.35,72.90,63.45,63.45,63.45,3.67,3.82,2.71,3.30,2.85
M,122,Milambo,5.2,5.2,Brentford,0.00,0.00,0.00,0.00,0.00,0.00,0.00,0.00,0.00,0.00
M,123,Carvalho,4.6,4.6,Brentford,0.00,0.00,0.00,0.00,0.00,0.00,0.00,0.00,0.00,0.00
M,124,Henderson,5.0,5.0,Brentford,0.00,48.45,54.00,54.00,54.00,0.00,1.86,1.82,2.06,1.89
M,125,Janelt,4.9,4.9,Brentford,0.00,22.65,48.45,48.45,48.45,0.00,1.03,1.92,2.19,2.02
M,126,Jensen,4.9,4.9,Brentford,85.50,83.25,80.55,80.55,80.55,3.44,3.73,3.00,3.58,3.18
M,129,Yarmoliuk,5.0,5.0,Brentford,85.50,77.25,57.30,57.30,57.30,3.20,2.92,2.06,2.26,2.09
M,130,Donovan,4.4,4.4,Brentford,4.50,4.50,4.50,4.50,4.50,0.20,0.24,0.19,0.22,0.21
F,135,Wissa,7.3,7.3,Newcastle,12.30,12.30,12.30,12.30,12.30,0.57,0.73,0.64,0.78,0.68
F,136,Thiago,7.4,7.4,Brentford,84.15,84.15,84.15,84.15,84.15,4.05,4.91,3.44,4.69,3.83
G,138,Steele,4.2,4.2,Brighton,0.00,0.90,0.90,0.90,0.90,0.00,0.03,0.04,0.03,0.03
G,139,Verbruggen,4.5,4.5,Brighton,0.00,89.10,89.10,89.10,89.10,0.00,3.13,4.24,3.40,3.33
G,140,McGill,3.9,3.9,Brighton,0.00,0.00,0.00,0.00,0.00,0.00,0.00,0.00,0.00,0.00
D,143,Boscagli,4.2,4.2,Brighton,0.00,10.05,10.05,10.05,10.05,0.00,0.43,0.52,0.46,0.42
D,145,De Cuyper,4.3,4.3,Brighton,0.00,15.75,15.75,15.75,15.75,0.00,0.72,0.91,0.71,0.71
D,146,Dunk,4.5,4.5,Brighton,0.00,85.05,85.05,85.05,85.05,0.00,2.94,4.22,3.42,3.04
D,148,F.Kadıoğlu,4.4,4.4,Brighton,0.00,85.35,85.35,85.35,85.35,0.00,2.84,4.46,3.26,3.04
D,149,Igor,4.5,4.5,Brighton,0.00,0.00,0.00,0.00,0.00,0.00,0.00,0.00,0.00,0.00
D,151,Van Hecke,4.6,4.6,Brighton,0.00,87.45,87.45,87.45,87.45,0.00,3.44,4.76,3.93,3.54
D,152,Veltman,4.3,4.3,Brighton,0.00,16.65,16.65,16.65,16.65,0.00,0.66,0.80,0.71,0.68
D,153,Webster,4.4,4.4,Brighton,0.00,0.00,0.00,0.00,0.00,0.00,0.00,0.00,0.00,0.00
D,156,Tasker,3.8,3.8,Brighton,0.00,0.30,0.30,0.30,0.30,0.00,0.01,0.01,0.01,0.01
M,157,Mitoma,6.1,6.1,Brighton,0.00,43.80,43.80,43.80,43.80,0.00,2.22,2.67,2.12,2.22
M,158,Georginio,5.6,5.6,Brighton,0.00,22.20,22.20,22.20,22.20,0.00,1.11,1.32,1.08,1.13
M,159,March,5.8,5.8,Brighton,0.00,3.00,3.00,3.00,3.00,0.00,0.14,0.17,0.13,0.15
M,160,Minteh,5.5,5.5,Brighton,0.00,66.30,66.30,66.30,66.30,0.00,3.30,3.99,3.13,3.30
M,163,Hinshelwood,5.1,5.1,Brighton,0.00,79.80,79.80,79.80,79.80,0.00,3.24,3.90,3.12,3.24
M,164,O'Riley,5.5,5.5,Brighton,0.00,3.75,3.75,3.75,3.75,0.00,0.19,0.23,0.18,0.19
M,166,Ayari,4.8,4.8,Brighton,0.00,30.30,30.30,30.30,30.30,0.00,1.36,1.47,1.31,1.35
M,167,Baleba,4.5,4.5,Brighton,0.00,27.60,27.60,27.60,27.60,0.00,1.08,1.14,1.02,1.04
M,168,Buonanotte,4.6,4.6,Leeds United,0.00,4.50,4.50,0.00,4.50,0.00,0.29,0.23,0.00,0.22
M,169,Gomez,4.9,4.9,Brighton,0.00,71.70,71.70,71.70,71.70,0.00,3.77,4.33,3.51,3.68
M,170,Milner,4.9,4.9,Brighton,0.00,35.10,35.10,35.10,35.10,0.00,1.45,1.63,1.39,1.43
M,173,Wieffer,4.9,4.9,Brighton,0.00,80.70,80.70,80.70,80.70,0.00,3.83,3.97,3.87,3.67
F,178,Welbeck,6.3,6.3,Brighton,0.00,72.60,72.60,72.60,72.60,0.00,3.92,4.79,3.65,3.94
F,180,Tzimas,5.2,5.2,Brighton,0.00,0.00,0.00,0.00,0.00,0.00,0.00,0.00,0.00,0.00
F,181,Kostoulas,4.8,4.8,Brighton,0.00,19.80,19.80,19.80,19.80,0.00,1.01,1.18,0.95,0.99
G,182,Trafford,4.5,4.5,Man City,0.00,1.80,2.70,1.80,1.80,0.00,0.07,0.11,0.06,0.07
G,183,Weiss,4.2,4.2,Burnley,0.00,0.90,0.90,0.90,0.90,0.00,0.03,0.03,0.02,0.03
G,185,Hladký,3.9,3.9,Burnley,0.00,0.00,0.00,0.00,0.00,0.00,0.00,0.00,0.00,0.00
D,186,Roberts,4.3,4.3,Burnley,0.00,0.00,0.00,0.00,0.00,0.00,0.00,0.00,0.00,0.00
D,187,Walker,4.4,4.4,Burnley,0.00,74.10,74.10,74.10,74.10,0.00,2.13,2.22,1.59,2.89
D,190,Ekdal,3.8,3.8,Burnley,0.00,20.10,20.10,20.10,20.10,0.00,0.78,0.76,0.68,0.94
D,191,Estève,3.9,3.9,Burnley,0.00,87.45,87.45,87.45,87.45,0.00,3.10,3.11,2.44,3.89
D,192,Hartman,4.0,4.0,Burnley,0.00,58.50,58.50,58.50,58.50,0.00,1.81,1.95,1.32,2.61
D,193,Humphreys,3.9,3.9,Burnley,0.00,85.20,85.20,85.20,85.20,0.00,2.52,2.57,1.84,3.45
D,194,Jordan,3.9,3.9,Burnley,0.00,0.00,0.00,0.00,0.00,0.00,0.00,0.00,0.00,0.00
D,195,Lucas Pires,3.8,3.8,Burnley,0.00,26.40,26.40,26.40,26.40,0.00,0.81,0.89,0.65,1.14
D,198,Tuanzebe,3.9,3.9,Burnley,0.00,0.00,0.00,0.00,0.00,0.00,0.00,0.00,0.00,0.00
D,199,Worrall,3.8,3.8,Burnley,0.00,38.40,38.40,38.40,38.40,0.00,1.50,1.49,1.22,1.77
M,200,Anthony,5.0,5.0,Burnley,0.00,80.40,80.40,80.40,80.40,0.00,3.46,3.75,2.83,4.40
M,202,Bruun Larsen,5.2,5.2,Burnley,0.00,11.70,11.70,11.70,11.70,0.00,0.47,0.49,0.41,0.55
M,203,Boateng,4.7,4.7,Burnley,0.00,0.00,0.00,0.00,0.00,0.00,0.00,0.00,0.00,0.00
M,205,Cullen,4.9,4.9,Burnley,0.00,0.00,0.00,0.00,0.00,0.00,0.00,0.00,0.00,0.00
M,206,Edwards,4.7,4.7,Burnley,0.00,45.00,45.00,45.00,45.00,0.00,1.87,1.99,1.61,2.30
M,207,Hannibal,4.7,4.7,Burnley,0.00,68.10,68.10,68.10,68.10,0.00,2.30,2.44,2.03,2.79
M,209,Laurent,4.8,4.8,Burnley,0.00,54.90,54.90,54.90,54.90,0.00,1.60,1.72,1.52,1.82
M,210,Tchaouna,4.8,4.8,Burnley,0.00,15.45,15.45,15.45,15.45,0.00,0.66,0.67,0.58,0.73
M,214,Trésor,4.3,4.3,Burnley,0.00,5.70,5.70,5.70,5.70,0.00,0.22,0.24,0.21,0.25
F,215,Flemming,5.3,5.3,Burnley,0.00,74.40,74.40,74.40,74.40,0.00,3.09,3.28,2.56,3.84
F,216,Amdouni,4.8,4.8,Burnley,0.00,0.00,0.00,0.00,0.00,0.00,0.00,0.00,0.00,0.00
F,217,Foster,4.9,4.9,Burnley,0.00,45.00,45.00,45.00,45.00,0.00,1.82,1.87,1.54,2.16
F,218,Barnes,4.2,4.2,Burnley,0.00,1.50,1.50,1.50,1.50,0.00,0.07,0.06,0.06,0.08
G,220,Sánchez,4.8,4.8,Chelsea,0.00,76.50,76.50,76.50,76.50,0.00,2.86,2.07,2.83,3.01
G,221,Jörgensen,4.3,4.3,Chelsea,0.00,13.50,13.50,13.50,13.50,0.00,0.50,0.38,0.50,0.52
G,223,Slonina,3.9,3.9,Chelsea,0.00,0.00,0.00,0.00,0.00,0.00,0.00,0.00,0.00,0.00
D,224,Cucurella,6.1,6.1,Chelsea,0.00,71.25,71.25,71.25,71.25,0.00,3.10,2.27,3.27,3.23
D,225,James,5.6,5.6,Chelsea,0.00,35.25,35.25,35.25,35.25,0.00,1.77,1.31,1.85,1.80
D,226,Chalobah,5.4,5.4,Chelsea,0.00,85.95,85.95,85.95,85.95,0.00,3.90,3.19,4.25,4.23
D,227,Colwill,4.7,4.7,Chelsea,0.00,0.00,0.00,0.00,0.00,0.00,0.00,0.00,0.00,0.00
D,228,Gusto,4.9,4.9,Chelsea,0.00,64.20,64.20,64.20,64.20,0.00,3.31,2.35,3.46,3.39
D,229,B.Badiashile,4.4,4.4,Chelsea,0.00,11.25,11.25,11.25,11.25,0.00,0.51,0.46,0.54,0.54
D,230,Fofana,4.4,4.4,Chelsea,0.00,54.90,54.90,54.90,54.90,0.00,2.64,2.25,2.85,2.84
D,231,M.Sarr,4.5,4.5,Chelsea,0.00,11.10,11.10,11.10,11.10,0.00,0.48,0.42,0.50,0.50
D,232,Tosin,4.0,4.0,Chelsea,0.00,15.75,15.75,15.75,15.75,0.00,0.65,0.60,0.69,0.68
D,233,Acheampong,3.7,3.7,Chelsea,0.00,11.25,11.25,11.25,11.25,0.00,0.52,0.45,0.54,0.53
M,235,Palmer,10.5,10.5,Chelsea,0.00,80.40,80.40,80.40,80.40,0.00,5.36,4.34,5.61,5.02
M,236,Neto,7.0,7.0,Chelsea,0.00,66.45,66.45,66.45,66.45,0.00,3.51,2.95,3.67,3.38
M,237,Enzo,6.5,6.5,Chelsea,0.00,81.90,81.90,81.90,81.90,0.00,4.35,3.58,4.55,4.05
M,238,Estêvão,6.4,6.4,Chelsea,0.00,48.00,48.00,48.00,48.00,0.00,2.59,2.15,2.74,2.43
M,239,Gittens,6.0,6.0,Chelsea,0.00,0.00,0.00,0.00,0.00,0.00,0.00,0.00,0.00,0.00
M,241,Caicedo,5.7,5.7,Chelsea,0.00,84.90,84.90,84.90,84.90,0.00,3.44,3.20,3.53,3.28
M,242,Dewsbury-Hall,5.1,5.1,Everton,83.85,83.85,83.85,83.85,83.85,3.95,3.54,3.88,4.31,3.95
M,243,George,4.8,4.8,Everton,13.20,13.20,13.20,13.20,13.20,0.59,0.54,0.57,0.62,0.59
M,244,Lavia,4.9,4.9,Chelsea,0.00,10.35,10.35,10.35,10.35,0.00,0.39,0.35,0.39,0.38
M,245,Mudryk,4.9,4.9,Chelsea,0.00,0.00,0.00,0.00,0.00,0.00,0.00,0.00,0.00,0.00
M,246,Andrey Santos,4.5,4.5,Chelsea,0.00,37.20,37.20,37.20,37.20,0.00,1.65,1.43,1.68,1.55
M,247,D.Essugo,4.3,4.3,Chelsea,0.00,0.00,0.00,0.00,0.00,0.00,0.00,0.00,0.00,0.00
F,249,João Pedro,7.7,7.7,Chelsea,0.00,77.85,77.85,77.85,77.85,0.00,4.60,3.85,4.83,4.29
F,250,Delap,6.2,6.2,Chelsea,0.00,26.55,26.55,26.55,26.55,0.00,1.48,1.30,1.57,1.42
F,252,Marc Guiu,4.0,4.0,Chelsea,0.00,1.50,1.50,1.50,1.50,0.00,0.09,0.07,0.09,0.09
G,253,Henderson,5.1,5.1,Crystal Palace,89.10,89.10,178.20,89.10,89.10,2.28,2.65,5.58,2.91,2.89
G,254,Benitez,3.9,3.9,Crystal Palace,0.90,0.90,1.80,0.90,0.90,0.02,0.03,0.06,0.03,0.03
G,255,Matthews,3.9,3.9,Crystal Palace,0.00,0.00,0.00,0.00,0.00,0.00,0.00,0.00,0.00,0.00
D,256,Muñoz,5.8,5.8,Crystal Palace,87.45,87.45,174.90,87.45,87.45,2.78,3.28,6.99,3.48,3.06
D,257,Lacroix,5.1,5.1,Crystal Palace,86.10,86.10,172.20,86.10,86.10,3.31,3.68,7.61,4.02,3.63
D,258,Mitchell,5.0,5.0,Crystal Palace,85.20,85.20,170.40,85.20,85.20,2.31,2.74,6.02,2.97,2.73
D,259,Sosa,4.8,4.8,Crystal Palace,5.40,5.40,10.80,5.40,5.40,0.21,0.21,0.41,0.21,0.20
D,260,Guéhi,5.1,5.1,Man City,0.00,81.30,163.95,81.30,81.30,0.00,4.22,9.19,3.93,4.15
D,261,Richards,4.4,4.4,Crystal Palace,84.60,84.60,169.20,84.60,84.60,3.05,3.38,7.05,3.73,3.37
D,262,Chadi Riad,4.0,4.0,Crystal Palace,10.05,10.05,56.55,10.05,10.05,0.35,0.37,1.76,0.39,0.36
D,263,Clyne,3.8,3.8,Crystal Palace,2.25,2.25,5.40,2.25,2.25,0.09,0.09,0.22,0.09,0.09
D,265,Kporha,4.0,4.0,Crystal Palace,0.00,0.00,0.00,0.00,0.00,0.00,0.00,0.00,0.00,0.00
M,266,Eze,7.2,7.2,Arsenal,47.85,47.85,47.85,47.85,47.85,3.02,2.83,2.70,3.29,2.60
M,267,Sarr,6.3,6.3,Crystal Palace,80.85,80.85,163.05,80.85,80.85,3.50,3.82,7.39,3.69,3.26
M,268,Doucouré,4.9,4.9,Crystal Palace,0.00,0.00,0.00,0.00,0.00,0.00,0.00,0.00,0.00,0.00
M,270,Hughes,4.7,4.7,Crystal Palace,42.90,36.60,70.35,36.60,36.60,1.34,1.22,2.32,1.21,1.14
M,271,Kamada,5.0,5.0,Crystal Palace,46.95,40.95,81.90,40.95,40.95,1.71,1.60,3.08,1.57,1.44
M,272,Lerma,4.9,4.9,Crystal Palace,59.85,56.70,125.40,56.70,56.70,2.15,2.16,4.59,2.12,1.95
M,273,Wharton,5.0,5.0,Crystal Palace,65.85,78.90,161.40,78.90,78.90,2.61,3.34,6.66,3.19,2.95
M,274,Agbinone,4.3,4.3,Crystal Palace,0.30,0.30,0.60,0.30,0.30,0.01,0.01,0.03,0.01,0.01
M,276,Devenny,4.3,4.3,Crystal Palace,9.15,9.15,18.30,9.15,9.15,0.42,0.40,0.79,0.38,0.37
M,281,Rodney,4.4,4.4,Crystal Palace,0.30,0.30,0.60,0.30,0.30,0.01,0.01,0.02,0.01,0.01
F,283,Mateta,7.6,7.6,Crystal Palace,55.05,55.05,91.50,55.05,55.05,2.60,2.86,4.53,2.69,2.38
F,284,Nketiah,5.4,5.4,Crystal Palace,0.00,0.00,0.00,0.00,0.00,0.00,0.00,0.00,0.00,0.00
F,286,Marsh,4.4,4.4,Crystal Palace,0.30,0.30,0.60,0.30,0.30,0.02,0.02,0.03,0.02,0.01
G,287,Pickford,5.6,5.6,Everton,89.10,89.10,89.10,89.10,89.10,3.06,2.67,3.50,3.94,3.09
G,288,Travers,4.2,4.2,Everton,0.90,0.90,0.90,0.90,0.90,0.03,0.03,0.03,0.04,0.03
D,290,Branthwaite,5.3,5.3,Everton,0.00,13.95,13.95,13.95,13.95,0.00,0.49,0.68,0.72,0.64
D,291,Tarkowski,5.7,5.7,Everton,87.45,87.45,87.45,87.45,87.45,4.08,3.08,4.62,4.93,4.30
D,292,Mykolenko,4.9,4.9,Everton,83.85,79.20,79.20,79.20,79.20,3.27,2.31,3.46,3.87,3.18
D,293,O'Brien,4.9,4.9,Everton,85.95,83.70,83.70,83.70,83.70,3.07,2.17,3.35,3.77,3.08
D,294,Coleman,4.2,4.2,Everton,2.40,2.40,2.40,2.40,2.40,0.09,0.08,0.09,0.09,0.09
D,295,Keane,4.5,4.5,Everton,84.90,79.95,79.95,79.95,79.95,4.02,2.93,4.30,4.57,4.02
D,296,Patterson,4.4,4.4,Everton,5.25,5.25,5.25,5.25,5.25,0.21,0.19,0.21,0.24,0.22
D,298,Welch,3.8,3.8,Everton,0.60,0.60,0.60,0.60,0.60,0.02,0.02,0.03,0.02,0.03
M,299,Ndiaye,6.2,6.2,Everton,83.25,83.25,83.25,83.25,83.25,4.46,4.04,4.34,4.85,4.55
M,300,McNeil,5.5,5.5,Everton,62.25,62.25,62.25,62.25,62.25,2.74,2.48,2.69,2.92,2.76
M,301,Alcaraz,5.2,5.2,Everton,12.45,12.45,12.45,12.45,12.45,0.56,0.52,0.54,0.59,0.55
M,302,Gana,5.4,5.4,Everton,81.30,81.30,81.30,81.30,81.30,2.86,2.75,2.92,3.06,3.01
M,303,Garner,5.3,5.3,Everton,87.00,87.00,87.00,87.00,87.00,4.21,4.00,4.20,4.39,4.44
M,304,Iroegbunam,4.8,4.8,Everton,18.30,18.30,18.30,18.30,18.30,0.65,0.64,0.65,0.68,0.68
M,305,Armstrong,4.5,4.5,Everton,26.85,26.85,26.85,26.85,26.85,1.10,1.00,1.08,1.18,1.10
M,306,Bates,4.3,4.3,Everton,0.30,0.30,0.30,0.30,0.30,0.01,0.01,0.01,0.01,0.01
M,307,Ebere,4.4,4.4,Everton,0.30,0.30,0.30,0.30,0.30,0.01,0.01,0.01,0.01,0.01
F,310,Barry,5.7,5.7,Everton,34.20,27.90,27.90,27.90,27.90,1.65,1.29,1.37,1.47,1.38
F,311,Beto,5.0,5.0,Everton,64.20,71.70,71.70,71.70,71.70,3.12,3.06,3.29,3.64,3.34
G,314,Leno,4.9,4.9,Fulham,89.10,89.10,89.10,89.10,89.10,3.23,2.58,3.17,3.70,3.14
D,316,Robinson,4.9,4.9,Fulham,54.15,54.15,54.15,54.15,54.15,2.39,1.89,2.51,2.77,2.39
D,317,Andersen,4.5,4.5,Fulham,85.05,85.05,85.05,85.05,85.05,3.68,3.08,3.89,4.26,3.70
D,318,Bassey,4.4,4.4,Fulham,81.00,81.00,81.00,81.00,81.00,2.85,2.31,3.00,3.37,2.85
D,319,Castagne,4.3,4.3,Fulham,76.80,26.10,26.10,26.10,26.10,3.17,0.93,1.15,1.26,1.10
D,320,Diop,4.3,4.3,Fulham,7.05,7.05,7.05,7.05,7.05,0.29,0.25,0.29,0.32,0.29
D,321,J.Cuenca,4.3,4.3,Fulham,11.25,11.25,11.25,11.25,11.25,0.49,0.45,0.52,0.57,0.51
D,322,Tete,4.5,4.5,Fulham,19.05,70.20,70.20,70.20,70.20,0.83,2.32,3.05,3.41,2.89
D,323,Amissah,3.8,3.8,Fulham,1.50,1.50,1.50,1.50,1.50,0.06,0.06,0.06,0.06,0.06
M,324,Iwobi,6.3,6.3,Fulham,31.05,84.00,84.00,84.00,84.00,1.31,2.84,3.62,3.69,3.61
M,325,Smith Rowe,5.6,5.6,Fulham,64.80,64.80,64.80,64.80,64.80,3.14,2.46,3.24,3.28,3.18
M,326,Adama,5.1,5.1,West Ham,21.45,21.45,21.45,21.45,21.45,0.98,1.00,0.90,0.92,1.01
M,328,Sessegnon,5.4,5.4,Fulham,43.50,43.50,43.50,43.50,43.50,1.82,1.72,1.96,1.92,1.88
M,329,Wilson,6.0,6.0,Fulham,81.30,81.30,81.30,81.30,81.30,4.61,3.33,4.76,4.88,4.67
M,330,Berge,4.9,4.9,Fulham,72.90,79.80,79.80,79.80,79.80,2.43,2.32,2.66,2.74,2.68
M,331,Cairney,4.8,4.8,Fulham,31.20,9.60,9.60,9.60,9.60,1.25,0.34,0.39,0.41,0.40
M,332,Lukić,4.9,4.9,Fulham,63.90,24.30,24.30,24.30,24.30,2.55,0.84,1.01,0.99,1.00
M,335,King,4.4,4.4,Fulham,42.00,42.00,42.00,42.00,42.00,1.91,1.55,1.93,1.98,1.93
M,336,Reed,4.3,4.3,Fulham,1.50,1.50,1.50,1.50,1.50,0.06,0.06,0.06,0.06,0.06
F,337,Raúl,6.1,6.1,Fulham,27.60,27.60,27.60,27.60,27.60,1.59,1.21,1.65,1.65,1.60
F,338,Muniz,5.3,5.3,Fulham,66.90,66.90,66.90,66.90,66.90,3.34,2.56,3.38,3.41,3.32
G,339,Meslier,4.1,4.1,Leeds United,0.00,0.00,0.00,0.00,0.00,0.00,0.00,0.00,0.00,0.00
G,340,Cairns,3.9,3.9,Leeds United,0.00,0.00,0.00,0.00,0.00,0.00,0.00,0.00,0.00,0.00
G,341,Darlow,3.9,3.9,Leeds United,0.00,88.20,88.20,88.20,88.20,0.00,3.76,2.98,3.30,3.10
D,342,Bogle,4.4,4.4,Leeds United,0.00,82.50,82.50,82.50,82.50,0.00,4.50,3.22,3.32,3.23
D,343,Struijk,4.3,4.3,Leeds United,0.00,86.85,86.85,86.85,86.85,0.00,4.91,3.88,3.84,3.82
D,344,Bijol,3.9,3.9,Leeds United,0.00,30.75,30.75,30.75,30.75,0.00,1.80,1.49,1.48,1.46
D,345,Bornauw,3.8,3.8,Leeds United,0.00,3.00,3.00,3.00,3.00,0.00,0.12,0.11,0.11,0.11
D,346,Byram,3.7,3.7,Leeds United,0.00,1.50,1.50,1.50,1.50,0.00,0.05,0.05,0.05,0.05
D,347,Gudmundsson,3.8,3.8,Leeds United,0.00,83.25,83.25,83.25,83.25,0.00,4.59,3.36,3.44,3.35
D,348,Rodon,3.9,3.9,Leeds United,0.00,86.85,86.85,86.85,86.85,0.00,4.63,3.71,3.65,3.56
M,350,Aaronson,5.4,5.4,Leeds United,0.00,74.40,74.40,77.10,74.40,0.00,4.53,3.62,3.70,3.60
M,351,Gnonto,5.1,5.1,Leeds United,0.00,9.15,9.15,9.15,9.15,0.00,0.53,0.46,0.42,0.44
M,353,James,5.2,5.2,Leeds United,0.00,12.15,12.15,12.15,12.15,0.00,0.80,0.61,0.64,0.63
M,354,Ampadu,4.9,4.9,Leeds United,0.00,86.70,86.70,86.70,86.70,0.00,3.93,3.65,3.40,3.42
M,356,Gruev,4.7,4.7,Leeds United,0.00,31.50,31.50,31.50,31.50,0.00,1.23,1.10,1.09,1.08
M,358,Tanaka,4.8,4.8,Leeds United,0.00,33.60,33.60,33.60,33.60,0.00,1.75,1.53,1.49,1.49
F,362,Piroe,4.9,4.9,Leeds United,0.00,1.50,1.50,1.50,1.50,0.00,0.10,0.08,0.08,0.08
F,365,Nmecha,5.0,5.0,Leeds United,0.00,18.15,18.15,18.15,18.15,0.00,1.33,1.05,1.08,1.04
G,366,A.Becker,5.4,5.4,Liverpool,9.00,45.00,89.10,89.10,89.10,0.35,1.43,3.21,3.28,3.42
G,367,Mamardashvili,4.1,4.1,Liverpool,0.00,0.00,0.90,0.90,0.90,0.00,0.00,0.03,0.03,0.03
G,368,Pécsi,3.8,3.8,Liverpool,0.00,0.00,0.00,0.00,0.00,0.00,0.00,0.00,0.00,0.00
G,369,Woodman,3.9,3.9,Liverpool,81.00,45.00,0.00,0.00,0.00,3.28,1.39,0.00,0.00,0.00
D,370,Frimpong,5.7,5.7,Liverpool,61.35,61.35,61.35,61.35,61.35,3.39,2.37,2.75,2.72,3.17
D,371,Kerkez,5.6,5.6,Liverpool,53.40,53.40,53.40,53.40,53.40,2.78,1.99,2.30,2.24,2.59
D,372,Robertson,5.7,5.7,Liverpool,40.20,40.20,40.20,40.20,40.20,2.09,1.52,1.76,1.73,1.96
D,373,Virgil,6.2,6.2,Liverpool,87.45,87.45,87.45,87.45,87.45,4.73,3.54,3.71,3.88,4.43
D,374,Konaté,5.5,5.5,Liverpool,83.85,83.85,83.85,83.85,83.85,4.27,3.10,3.27,3.44,3.95
D,375,Bradley,4.9,4.9,Liverpool,0.00,0.00,0.00,0.00,0.00,0.00,0.00,0.00,0.00,0.00
D,376,Gomez,4.9,4.9,Liverpool,18.45,18.45,18.45,18.45,18.45,0.90,0.71,0.75,0.77,0.84
D,378,Nallo,3.7,3.7,Liverpool,0.30,0.30,0.30,0.30,0.30,0.01,0.01,0.01,0.01,0.01
D,379,R.Williams,3.7,3.7,Liverpool,0.30,0.30,0.30,0.30,0.30,0.01,0.01,0.01,0.01,0.01
D,380,Ramsay,3.7,3.7,Liverpool,0.30,0.30,0.30,0.30,0.30,0.01,0.01,0.01,0.01,0.01
M,381,M.Salah,14.0,14.0,Liverpool,79.05,79.05,79.05,79.05,79.05,5.66,4.52,5.00,4.62,5.34
M,382,Wirtz,8.3,8.3,Liverpool,77.70,77.70,77.70,77.70,77.70,4.84,3.94,4.39,4.11,4.63
M,384,Gakpo,7.3,7.3,Liverpool,75.75,75.75,75.75,75.75,75.75,4.69,3.79,4.27,3.95,4.54
M,385,Chiesa,6.3,6.3,Liverpool,6.90,6.90,6.90,6.90,6.90,0.41,0.34,0.41,0.37,0.40
M,386,Mac Allister,6.3,6.3,Liverpool,59.85,59.85,59.85,59.85,59.85,2.74,2.36,2.46,2.42,2.62
M,387,Szoboszlai,7.1,7.1,Liverpool,86.85,86.85,86.85,86.85,86.85,4.63,4.14,4.29,4.26,4.53
M,388,C.Jones,5.4,5.4,Liverpool,31.80,31.80,31.80,31.80,31.80,1.53,1.39,1.44,1.44,1.51
M,389,Elliott,5.1,5.1,Aston Villa,0.00,0.00,0.00,0.00,0.00,0.00,0.00,0.00,0.00,0.00
M,390,Gravenberch,5.5,5.5,Liverpool,83.25,83.25,83.25,83.25,83.25,3.04,2.80,2.88,2.85,2.99
M,391,Gannon-Doak,4.8,4.8,Bournemouth,0.00,10.95,10.95,10.95,10.95,0.00,0.60,0.54,0.51,0.55
M,392,Endo,4.9,4.9,Liverpool,0.00,0.00,0.00,0.00,0.00,0.00,0.00,0.00,0.00,0.00
M,393,Bajcetic,4.2,4.2,Liverpool,0.30,0.30,0.30,0.30,0.30,0.01,0.01,0.01,0.01,0.01
M,396,Nyoni,4.3,4.3,Liverpool,0.30,0.30,0.30,0.30,0.30,0.01,0.01,0.01,0.01,0.01
F,398,Danns,4.3,4.3,Liverpool,0.30,0.30,0.30,0.30,0.30,0.02,0.01,0.02,0.02,0.02
G,400,Ortega Moreno,4.7,4.7,Nott'm Forest,4.50,4.50,4.50,4.50,4.50,0.17,0.13,0.15,0.14,0.16
G,401,Bettinelli,3.8,3.8,Man City,0.00,0.00,0.00,0.00,0.00,0.00,0.00,0.00,0.00,0.00
D,402,Aït-Nouri,5.7,5.7,Man City,0.00,52.80,130.65,52.80,52.80,0.00,2.87,7.87,2.72,2.97
D,403,Gvardiol,5.8,5.8,Man City,0.00,0.00,0.00,0.00,0.00,0.00,0.00,0.00,0.00,0.00
D,405,Aké,5.2,5.2,Man City,0.00,9.75,25.95,9.75,9.75,0.00,0.45,1.27,0.43,0.45
D,406,Khusanov,5.4,5.4,Man City,0.00,43.95,64.50,43.95,43.95,0.00,2.08,3.15,1.93,2.09
D,407,Matheus N.,5.3,5.3,Man City,0.00,80.85,165.60,80.85,80.85,0.00,3.82,8.68,3.51,3.91
D,408,Rúben,5.5,5.5,Man City,0.00,68.25,150.30,68.25,68.25,0.00,3.10,7.29,2.84,3.05
D,409,Stones,5.4,5.4,Man City,0.00,3.00,6.00,3.00,3.00,0.00,0.11,0.24,0.12,0.12
D,410,Lewis,4.6,4.6,Man City,0.00,1.50,6.90,1.50,1.50,0.00,0.06,0.32,0.06,0.07
D,411,O'Reilly,5.1,5.1,Man City,0.00,81.15,158.40,81.15,81.15,0.00,4.41,9.64,4.15,4.62
M,413,Marmoush,8.3,8.3,Man City,0.00,18.00,58.80,18.00,18.00,0.00,1.17,4.10,1.18,1.24
M,414,Foden,8.0,8.0,Man City,0.00,20.10,38.10,20.10,20.10,0.00,1.27,2.65,1.30,1.35
M,415,Savinho,6.9,6.9,Man City,0.00,18.00,25.50,18.00,18.00,0.00,0.95,1.43,0.96,1.01
M,416,Bernardo,6.2,6.2,Man City,0.00,75.60,155.55,75.60,75.60,0.00,3.09,6.82,3.10,3.27
M,417,Cherki,6.4,6.4,Man City,0.00,71.25,111.45,71.25,71.25,0.00,4.31,7.43,4.41,4.58
M,418,Doku,6.4,6.4,Man City,0.00,48.15,73.95,48.15,48.15,0.00,2.54,4.22,2.53,2.68
M,419,Grealish,6.3,6.3,Everton,0.00,0.00,0.00,0.00,0.00,0.00,0.00,0.00,0.00,0.00
M,421,Rodrigo,6.3,6.3,Man City,0.00,81.00,161.25,81.00,81.00,0.00,4.00,8.07,4.04,4.10
M,422,Kovačić,5.8,5.8,Man City,0.00,3.00,3.00,3.00,3.00,0.00,0.12,0.12,0.11,0.12
M,423,N.Gonzalez,5.9,5.9,Man City,0.00,14.85,31.35,14.85,14.85,0.00,0.57,1.25,0.59,0.60
M,424,Bobb,5.1,5.1,Fulham,35.40,35.40,35.40,35.40,35.40,1.66,1.31,1.69,1.69,1.66
M,426,McAtee,5.0,5.0,Nott'm Forest,8.25,8.25,8.25,8.25,8.25,0.37,0.36,0.39,0.36,0.41
M,427,Reijnders,5.0,5.0,Man City,0.00,15.45,37.65,15.45,15.45,0.00,0.82,2.17,0.86,0.87
M,428,Nypan,5.0,5.0,Man City,0.00,0.00,0.00,0.00,0.00,0.00,0.00,0.00,0.00,0.00
F,430,Haaland,14.5,14.5,Man City,0.00,80.10,162.60,80.10,80.10,0.00,5.57,12.64,5.72,6.02
G,431,Bayindir,4.7,4.7,Man Utd,0.90,0.90,0.90,0.90,0.90,0.03,0.03,0.04,0.03,0.03
G,434,Heaton,3.8,3.8,Man Utd,0.00,0.00,0.00,0.00,0.00,0.00,0.00,0.00,0.00,0.00
G,435,Mee,3.9,3.9,Man Utd,0.00,0.00,0.00,0.00,0.00,0.00,0.00,0.00,0.00,0.00
D,436,De Ligt,4.9,4.9,Man Utd,0.00,0.00,0.00,0.00,0.00,0.00,0.00,0.00,0.00,0.00
D,437,Martinez,4.8,4.8,Man Utd,0.00,0.00,80.55,80.55,80.55,0.00,0.00,3.62,3.50,2.92
D,438,Mazraoui,4.9,4.9,Man Utd,20.85,20.85,20.85,20.85,20.85,0.89,0.79,0.86,0.86,0.80
D,439,D.Leon,4.1,4.1,Man Utd,0.00,0.00,0.00,0.00,0.00,0.00,0.00,0.00,0.00,0.00
D,440,Dalot,4.6,4.6,Man Utd,81.90,81.90,81.90,81.90,81.90,3.50,2.99,3.73,3.74,2.99
D,441,Dorgu,4.1,4.1,Man Utd,0.00,18.30,18.30,18.30,18.30,0.00,0.82,0.89,0.93,0.80
D,442,Maguire,4.4,4.4,Man Utd,83.25,83.25,79.80,79.80,79.80,3.62,3.16,3.69,3.69,3.02
D,443,Shaw,4.5,4.5,Man Utd,81.75,81.75,81.75,81.75,81.75,3.16,2.67,3.45,3.41,2.73
D,444,Yoro,4.1,4.1,Man Utd,80.55,80.55,23.40,23.40,23.40,3.30,2.86,1.06,1.06,0.93
D,446,Fredricson,3.7,3.7,Man Utd,0.00,0.00,0.00,0.00,0.00,0.00,0.00,0.00,0.00,0.00
D,447,Heaven,3.7,3.7,Man Utd,28.20,28.20,9.60,9.60,9.60,1.29,1.13,0.36,0.33,0.34
D,448,Malacia,3.7,3.7,Man Utd,0.60,0.60,0.60,0.60,0.60,0.02,0.02,0.02,0.02,0.02
M,449,B.Fernandes,10.3,10.3,Man Utd,87.60,87.60,87.60,87.60,87.60,5.98,5.63,5.63,6.04,5.24
M,450,Cunha,8.0,8.0,Man Utd,83.55,81.60,81.60,81.60,81.60,4.99,4.50,4.57,4.80,4.20
M,452,Amad,6.2,6.2,Man Utd,74.40,64.35,64.35,64.35,64.35,4.07,3.25,3.35,3.47,3.11
M,453,Garnacho,6.4,6.4,Chelsea,0.00,29.85,29.85,29.85,29.85,0.00,1.66,1.41,1.75,1.58
M,455,Mount,5.9,5.9,Man Utd,12.45,12.45,12.45,12.45,12.45,0.67,0.66,0.61,0.63,0.57
M,456,Sancho,5.8,5.8,Aston Villa,21.15,21.15,21.15,21.15,21.15,1.02,1.11,1.10,1.01,0.89
M,457,Casemiro,5.7,5.7,Man Utd,81.00,81.00,81.00,81.00,81.00,4.11,3.95,3.99,4.23,3.78
M,458,Mainoo,4.7,4.7,Man Utd,80.70,80.70,80.70,80.70,80.70,3.20,3.11,3.17,3.31,3.01
M,459,Ugarte,4.7,4.7,Man Utd,18.15,18.15,18.15,18.15,18.15,0.71,0.70,0.72,0.72,0.69
M,461,Fitzgerald,4.3,4.3,Man Utd,0.30,0.30,0.30,0.30,0.30,0.01,0.01,0.01,0.01,0.01
M,462,J.Fletcher,4.3,4.3,Man Utd,1.20,1.20,1.20,1.20,1.20,0.06,0.06,0.05,0.06,0.05
F,466,Zirkzee,5.8,5.8,Man Utd,3.00,3.00,3.00,3.00,3.00,0.16,0.16,0.17,0.16,0.15
F,467,Obi,4.2,4.2,Man Utd,0.60,0.60,0.60,0.60,0.60,0.03,0.03,0.03,0.03,0.03
G,469,Pope,5.0,5.0,Newcastle,4.50,4.50,4.50,4.50,4.50,0.12,0.14,0.15,0.16,0.14
G,470,Dúbravka,4.0,4.0,Burnley,0.00,89.10,89.10,89.10,89.10,0.00,2.56,3.08,2.18,3.65
G,471,Gillespie,3.9,3.9,Newcastle,0.00,0.00,0.00,0.00,0.00,0.00,0.00,0.00,0.00,0.00
D,473,Hall,5.4,5.4,Newcastle,81.30,81.30,81.30,81.30,81.30,2.38,3.35,3.32,3.90,3.27
D,474,Schär,5.2,5.2,Newcastle,0.00,0.00,0.00,0.00,0.00,0.00,0.00,0.00,0.00,0.00
D,475,Botman,4.9,4.9,Newcastle,74.55,74.55,74.55,74.55,74.55,2.59,3.19,3.27,3.59,3.18
D,476,Burn,5.0,5.0,Newcastle,44.40,44.40,44.40,44.40,44.40,1.48,1.75,1.79,1.97,1.76
D,477,Livramento,4.9,4.9,Newcastle,27.45,78.45,78.45,78.45,78.45,0.79,2.87,2.93,3.40,2.83
D,478,Trippier,4.9,4.9,Newcastle,74.85,25.65,25.65,25.65,25.65,2.05,1.12,1.12,1.26,1.11
D,479,Krafth,4.3,4.3,Newcastle,0.00,0.00,0.00,0.00,0.00,0.00,0.00,0.00,0.00,0.00
D,481,A.Murphy,3.8,3.8,Newcastle,0.00,0.00,0.00,0.00,0.00,0.00,0.00,0.00,0.00,0.00
D,483,Pivas,3.8,3.8,Newcastle,0.00,0.00,0.00,0.00,0.00,0.00,0.00,0.00,0.00,0.00
M,485,Gordon,7.4,7.4,Newcastle,27.90,60.30,60.30,60.30,60.30,1.32,3.79,3.44,4.25,3.52
M,486,Elanga,6.5,6.5,Newcastle,42.60,39.60,39.60,39.60,39.60,1.75,2.04,1.87,2.17,1.93
M,487,Barnes,6.1,6.1,Newcastle,70.20,63.30,63.30,63.30,63.30,2.86,3.30,3.05,3.62,3.15
M,488,Bruno G.,6.8,6.8,Newcastle,67.80,78.45,78.45,78.45,78.45,2.76,3.81,3.71,4.09,3.68
M,489,J.Murphy,5.9,5.9,Newcastle,31.65,28.35,28.35,28.35,28.35,1.32,1.51,1.41,1.62,1.44
M,490,Joelinton,5.9,5.9,Newcastle,0.00,44.70,44.70,44.70,44.70,0.00,1.85,1.87,1.98,1.80
M,491,Tonali,5.3,5.3,Newcastle,77.10,77.10,77.10,77.10,77.10,2.67,3.05,3.06,3.24,2.97
M,493,Longstaff,4.8,4.8,Leeds United,0.00,10.35,10.35,13.95,10.35,0.00,0.57,0.49,0.66,0.51
M,494,Willock,5.0,5.0,Newcastle,35.25,26.55,26.55,26.55,26.55,1.42,1.26,1.21,1.33,1.20
M,497,L.Miley,4.4,4.4,Newcastle,57.30,31.05,31.05,31.05,31.05,2.05,1.31,1.30,1.40,1.31
F,499,Isak,10.3,10.3,Liverpool,62.55,62.55,62.55,62.55,62.55,4.09,3.42,3.70,3.44,3.89
F,500,Osula,5.4,5.4,Newcastle,58.05,36.45,36.45,36.45,36.45,2.35,1.91,1.74,2.01,1.79
F,501,Neave,4.3,4.3,Newcastle,0.30,0.30,0.30,0.30,0.30,0.01,0.02,0.02,0.02,0.02
G,502,Sels,4.6,4.6,Nott'm Forest,85.50,85.50,85.50,85.50,85.50,3.31,2.66,3.22,2.86,3.23
D,505,Milenković,5.1,5.1,Nott'm Forest,87.45,87.45,87.45,87.45,87.45,3.67,2.66,3.51,2.97,3.64
D,506,Murillo,5.2,5.2,Nott'm Forest,40.20,82.05,82.05,82.05,82.05,1.93,2.77,3.60,3.10,3.73
D,507,Aina,4.7,4.7,Nott'm Forest,83.25,83.25,83.25,83.25,83.25,3.50,2.48,3.31,2.70,3.41
D,508,N.Williams,4.8,4.8,Nott'm Forest,83.10,83.10,83.10,83.10,83.10,3.73,2.64,3.56,2.79,3.66
D,510,Jair Cunha,4.2,4.2,Nott'm Forest,31.95,8.40,8.40,8.40,8.40,1.49,0.31,0.35,0.33,0.36
D,511,Morato,4.3,4.3,Nott'm Forest,31.95,9.60,9.60,9.60,9.60,1.65,0.39,0.46,0.43,0.47
D,513,Abbott,3.8,3.8,Nott'm Forest,1.50,1.50,1.50,1.50,1.50,0.06,0.05,0.06,0.05,0.06
D,514,Boly,3.8,3.8,Nott'm Forest,0.60,0.60,0.60,0.60,0.60,0.02,0.02,0.02,0.02,0.02
M,515,Gibbs-White,7.5,7.5,Nott'm Forest,81.75,81.75,81.75,81.75,81.75,4.16,3.87,4.46,3.76,4.52
M,516,Hudson-Odoi,5.7,5.7,Nott'm Forest,32.70,71.70,71.70,71.70,71.70,1.51,3.04,3.39,3.01,3.50
M,517,Anderson,5.6,5.6,Nott'm Forest,85.50,85.50,85.50,85.50,85.50,4.40,4.22,4.63,4.24,4.67
M,519,Dominguez,5.0,5.0,Nott'm Forest,32.70,32.70,32.70,32.70,32.70,1.44,1.39,1.51,1.39,1.54
M,521,Sangaré,4.9,4.9,Nott'm Forest,82.95,82.95,82.95,82.95,82.95,2.95,2.81,3.12,2.95,3.15
M,522,Yates,4.7,4.7,Nott'm Forest,9.00,9.00,9.00,9.00,9.00,0.35,0.36,0.37,0.35,0.41
M,523,Da Silva Moreira,4.5,4.5,Nott'm Forest,0.60,0.60,0.60,0.60,0.60,0.03,0.03,0.03,0.02,0.03
F,525,Wood,7.1,7.1,Nott'm Forest,31.80,31.80,31.80,31.80,31.80,1.71,1.62,1.79,1.54,1.81
F,526,Igor Jesus,5.8,5.8,Nott'm Forest,59.10,59.10,59.10,59.10,59.10,2.76,2.67,2.91,2.55,2.98
F,527,Awoniyi,5.2,5.2,Nott'm Forest,15.45,15.45,15.45,15.45,15.45,0.72,0.79,0.81,0.71,0.80
G,529,Moore,3.9,3.9,Sunderland,0.00,0.00,0.00,0.00,0.00,0.00,0.00,0.00,0.00,0.00
D,531,Ballard,4.7,4.7,Sunderland,66.75,83.85,83.85,83.85,83.85,3.46,4.71,3.83,4.31,3.60
D,532,Hume,4.5,4.5,Sunderland,65.10,65.10,65.10,65.10,65.10,2.76,2.91,2.28,2.53,2.21
D,535,Cirkin,4.0,4.0,Sunderland,6.90,6.90,6.90,6.90,6.90,0.27,0.28,0.24,0.25,0.24
D,539,O'Nien,4.0,4.0,Sunderland,39.45,1.50,1.50,1.50,1.50,1.73,0.06,0.05,0.06,0.05
D,541,Reinildo,3.8,3.8,Sunderland,73.95,73.95,73.95,73.95,73.95,2.79,3.00,2.34,2.70,2.20
M,544,Diarra,5.3,5.3,Sunderland,74.85,74.85,74.85,74.85,74.85,3.29,3.42,2.99,2.91,3.03
M,546,Aleksić,4.9,4.9,Sunderland,0.90,0.90,0.90,0.90,0.90,0.03,0.04,0.03,0.03,0.03
M,547,E.Le Fée,4.8,4.8,Sunderland,81.15,81.15,81.15,81.15,81.15,3.93,4.00,3.62,3.60,3.55
M,548,Mundle,4.9,4.9,Sunderland,0.00,0.00,0.00,0.00,0.00,0.00,0.00,0.00,0.00,0.00
M,550,Poveda,4.7,4.7,Sunderland,0.00,0.00,0.00,0.00,0.00,0.00,0.00,0.00,0.00,0.00
M,551,Rigg,4.7,4.7,Sunderland,42.75,6.75,6.75,6.75,6.75,1.69,0.29,0.29,0.26,0.27
M,552,Sadiki,4.9,4.9,Sunderland,83.25,83.25,83.25,83.25,83.25,2.75,2.83,2.56,2.59,2.54
M,553,Talbi,4.9,4.9,Sunderland,44.55,44.55,44.55,44.55,44.55,2.10,2.20,1.96,1.88,1.96
M,554,Ba,4.3,4.3,Sunderland,0.00,0.00,0.00,0.00,0.00,0.00,0.00,0.00,0.00,0.00
M,557,H.Jones,4.3,4.3,Sunderland,0.00,0.00,0.00,0.00,0.00,0.00,0.00,0.00,0.00,0.00
F,560,Isidor,5.0,5.0,Sunderland,15.45,15.45,15.45,15.45,15.45,0.83,0.87,0.76,0.71,0.79
F,561,Mayenda,5.2,5.2,Sunderland,9.75,9.75,9.75,9.75,9.75,0.44,0.46,0.43,0.40,0.42
F,562,Abdullahi,4.2,4.2,Sunderland,0.60,0.60,0.60,0.60,0.60,0.03,0.03,0.03,0.03,0.03
G,565,Vicario,4.7,4.7,Spurs,18.00,89.10,89.10,89.10,89.10,0.72,2.90,3.36,2.62,3.38
G,566,Austin,3.9,3.9,Spurs,0.00,0.00,0.00,0.00,0.00,0.00,0.00,0.00,0.00,0.00
G,567,Kinsky,3.9,3.9,Spurs,72.00,0.90,0.90,0.90,0.90,2.99,0.03,0.03,0.03,0.03
D,568,Pedro Porro,5.1,5.1,Spurs,82.50,82.50,82.50,82.50,82.50,4.51,3.15,3.98,2.62,4.05
D,569,Romero,5.0,5.0,Spurs,0.00,0.00,0.00,0.00,0.00,0.00,0.00,0.00,0.00,0.00
D,570,Danso,4.2,4.2,Spurs,69.60,69.60,69.60,69.60,69.60,3.90,3.06,3.71,2.68,3.78
D,571,Davies,4.3,4.3,Spurs,0.00,0.00,0.00,0.00,0.00,0.00,0.00,0.00,0.00,0.00
D,572,Dragusin,4.5,4.5,Spurs,20.70,20.70,20.70,20.70,20.70,1.10,0.90,1.05,0.80,1.06
D,573,Spence,4.1,4.1,Spurs,34.95,34.95,34.95,34.95,34.95,1.58,1.18,1.43,1.03,1.45
D,574,Udogie,4.3,4.3,Spurs,68.40,68.40,68.40,68.40,68.40,3.13,2.17,2.79,1.83,2.85
D,575,Van de Ven,4.4,4.4,Spurs,86.70,86.70,86.70,86.70,86.70,3.93,2.75,3.52,2.28,3.61
M,580,Johnson,6.5,6.5,Crystal Palace,33.45,33.45,63.75,33.45,33.45,1.32,1.43,2.70,1.38,1.26
M,581,Maddison,6.8,6.8,Spurs,9.60,9.60,9.60,9.60,9.60,0.54,0.49,0.50,0.44,0.50
M,582,Kudus,6.4,6.4,Spurs,0.00,0.00,0.00,0.00,0.00,0.00,0.00,0.00,0.00,0.00
M,583,Kulusevski,6.4,6.4,Spurs,0.00,0.00,0.00,0.00,0.00,0.00,0.00,0.00,0.00,0.00
M,584,Tel,6.2,6.2,Spurs,41.40,41.40,41.40,41.40,41.40,2.50,2.07,2.21,1.92,2.20
M,585,Bentancur,5.2,5.2,Spurs,53.70,53.70,53.70,53.70,53.70,2.42,2.26,2.20,2.08,2.33
M,586,Bergvall,5.2,5.2,Spurs,35.10,35.10,35.10,35.10,35.10,1.38,1.25,1.30,1.17,1.30
M,587,Bissouma,5.2,5.2,Spurs,42.00,42.00,42.00,42.00,42.00,1.71,1.64,1.56,1.51,1.67
M,588,Odobert,5.3,5.3,Spurs,0.00,0.00,0.00,0.00,0.00,0.00,0.00,0.00,0.00,0.00
M,591,Gray,4.8,4.8,Spurs,48.75,48.75,48.75,48.75,48.75,1.87,1.70,1.72,1.59,1.75
M,593,P.M.Sarr,4.5,4.5,Spurs,37.35,37.35,37.35,37.35,37.35,1.84,1.69,1.66,1.55,1.71
M,595,Olusesi,4.3,4.3,Spurs,0.30,0.30,0.30,0.30,0.30,0.02,0.01,0.01,0.01,0.01
F,596,Solanke,7.2,7.2,Spurs,82.65,82.65,82.65,82.65,82.65,5.16,4.19,4.47,3.82,4.45
F,597,Richarlison,6.3,6.3,Spurs,43.20,43.20,43.20,43.20,43.20,2.64,2.20,2.27,2.02,2.26
G,600,Areola,4.2,4.2,West Ham,1.80,1.80,1.80,1.80,1.80,0.07,0.05,0.05,0.05,0.07
D,603,Diouf,4.1,4.1,West Ham,84.75,84.75,84.75,84.75,84.75,3.46,2.86,2.54,2.62,3.42
D,605,Kilman,4.1,4.1,West Ham,3.00,3.00,3.00,3.00,3.00,0.11,0.11,0.11,0.11,0.11
D,606,Mavropanos,4.4,4.4,West Ham,79.20,79.20,79.20,79.20,79.20,4.12,3.63,3.26,3.39,4.08
D,608,Scarles,4.3,4.3,West Ham,7.35,7.35,7.35,7.35,7.35,0.34,0.31,0.29,0.31,0.33
D,609,Todibo,4.3,4.3,West Ham,27.15,27.15,27.15,27.15,27.15,1.10,0.98,0.90,0.92,1.07
D,610,Wan-Bissaka,4.1,4.1,West Ham,81.15,81.15,81.15,81.15,81.15,3.52,2.97,2.67,2.72,3.51
M,613,Souček,5.7,5.7,West Ham,77.10,77.10,77.10,77.10,77.10,3.42,3.18,2.86,3.19,3.29
M,614,Ward-Prowse,5.6,5.6,Burnley,0.00,49.50,49.50,49.50,49.50,0.00,1.99,2.12,1.77,2.38
M,615,Summerville,5.5,5.5,West Ham,79.20,79.20,79.20,79.20,79.20,3.85,3.59,3.05,3.53,3.78
M,623,Potts,4.3,4.3,West Ham,28.50,28.50,28.50,28.50,28.50,1.07,1.04,0.96,1.04,1.06
F,624,Bowen,7.7,7.7,West Ham,87.60,87.60,87.60,87.60,87.60,4.40,4.22,3.59,4.08,4.41
G,627,Johnstone,4.4,4.4,Wolves,0.00,0.00,0.00,0.00,0.00,0.00,0.00,0.00,0.00,0.00
G,628,José Sá,4.2,4.2,Wolves,45.00,89.10,89.10,89.10,89.10,1.22,3.31,2.55,2.88,3.26
G,629,Bentley,3.9,3.9,Wolves,45.00,0.90,0.90,0.90,0.90,1.22,0.03,0.03,0.03,0.03
G,630,King,3.9,3.9,Everton,0.00,0.00,0.00,0.00,0.00,0.00,0.00,0.00,0.00,0.00
D,632,Doherty,4.4,4.4,Wolves,28.50,12.45,12.45,12.45,12.45,1.11,0.55,0.45,0.52,0.57
D,633,H.Bueno,4.3,4.3,Wolves,81.60,77.55,77.55,77.55,77.55,2.84,3.31,2.23,2.96,3.36
D,634,Mosquera,4.3,4.3,Wolves,0.00,79.20,79.20,79.20,79.20,0.00,3.16,2.33,2.80,3.31
D,635,R.Gomes,4.4,4.4,Wolves,13.65,13.65,13.65,13.65,13.65,0.58,0.65,0.51,0.60,0.66
D,636,S.Bueno,4.4,4.4,Wolves,86.70,82.95,82.95,82.95,82.95,3.12,3.60,2.59,3.22,3.75
D,637,Toti,4.2,4.2,Wolves,83.25,23.25,23.25,23.25,23.25,2.69,0.90,0.73,0.83,0.92
D,640,Pedro Lima,4.0,4.0,Wolves,1.50,1.50,1.50,1.50,1.50,0.06,0.06,0.06,0.06,0.06
M,642,Hee Chan,5.6,5.6,Wolves,31.80,31.80,31.80,31.80,31.80,1.54,1.63,1.37,1.55,1.64
M,643,André,5.2,5.2,Wolves,78.45,78.45,78.45,78.45,78.45,3.11,2.96,2.86,2.90,3.21
M,644,Bellegarde,5.1,5.1,Wolves,62.55,59.55,59.55,59.55,59.55,2.57,2.54,2.22,2.44,2.62
M,646,J.Gomes,5.3,5.3,Wolves,78.45,78.45,78.45,78.45,78.45,3.30,3.22,3.02,3.14,3.46
M,651,Edozie,4.3,4.3,Wolves,0.00,0.00,0.00,0.00,0.00,0.00,0.00,0.00,0.00,0.00
M,652,Gonzalez,4.3,4.3,Wolves,0.60,0.60,0.60,0.60,0.60,0.02,0.03,0.02,0.03,0.03
F,654,Strand Larsen,5.9,5.9,Crystal Palace,43.80,43.80,112.80,43.80,43.80,1.87,2.02,4.73,1.93,1.74
F,657,Chiwome,4.4,4.4,Wolves,0.00,0.00,0.00,0.00,0.00,0.00,0.00,0.00,0.00,0.00
F,658,Fraser,4.2,4.2,Wolves,0.30,0.30,0.30,0.30,0.30,0.01,0.02,0.01,0.01,0.02
D,659,Walker-Peters,4.2,4.2,West Ham,13.35,13.35,13.35,13.35,13.35,0.64,0.57,0.52,0.53,0.64
M,660,Stach,4.8,4.8,Leeds United,0.00,80.70,80.70,80.70,80.70,0.00,4.99,4.11,4.03,3.99
F,661,Ekitiké,9.1,9.1,Liverpool,0.00,0.00,0.00,0.00,0.00,0.00,0.00,0.00,0.00,0.00
D,662,Mosquera,5.3,5.3,Arsenal,46.50,11.55,11.55,11.55,11.55,2.10,0.50,0.50,0.55,0.51
G,664,Lecomte,3.9,3.9,Fulham,0.90,0.90,0.90,0.90,0.90,0.03,0.03,0.03,0.04,0.03
G,665,Perri,4.4,4.4,Leeds United,0.00,1.80,1.80,1.80,1.80,0.00,0.07,0.06,0.06,0.06
F,666,Gyökeres,8.8,8.8,Arsenal,60.15,60.15,60.15,60.15,60.15,3.64,3.33,3.12,3.94,3.04
D,667,Aznou,4.2,4.2,Everton,0.30,0.30,0.30,0.30,0.30,0.01,0.01,0.01,0.01,0.01
M,668,Xhaka,5.1,5.1,Sunderland,76.35,76.35,76.35,76.35,76.35,3.34,3.40,3.11,3.16,3.05
M,669,Ndoye,5.5,5.5,Nott'm Forest,21.45,16.35,16.35,16.35,16.35,0.95,0.73,0.75,0.72,0.78
G,670,Roefs,4.8,4.8,Sunderland,89.10,89.10,89.10,89.10,89.10,3.72,3.78,3.24,3.23,3.10
F,671,Wilson,5.8,5.8,West Ham,15.45,15.45,15.45,15.45,15.45,0.82,0.77,0.67,0.75,0.77
D,672,Hato,4.6,4.6,Chelsea,0.00,40.80,40.80,40.80,40.80,0.00,1.83,1.48,1.95,1.93
M,673,J.Palhinha,5.5,5.5,Spurs,19.50,19.50,19.50,19.50,19.50,0.81,0.77,0.77,0.72,0.76
G,674,Ramsdale,4.8,4.8,Newcastle,85.50,85.50,85.50,85.50,85.50,2.17,2.79,3.01,3.12,2.72
G,675,Gunn,4.0,4.0,Nott'm Forest,0.00,0.00,0.00,0.00,0.00,0.00,0.00,0.00,0.00,0.00
M,676,Ugochukwu,5.0,5.0,Burnley,0.00,63.90,63.90,63.90,63.90,0.00,2.14,2.25,1.90,2.51
M,677,Guessand,6.2,6.2,Crystal Palace,40.50,40.50,81.00,40.50,40.50,1.77,1.90,3.71,1.87,1.70
G,679,Hermansen,4.2,4.2,West Ham,88.20,88.20,88.20,88.20,88.20,3.32,2.87,2.90,2.90,3.39
F,680,Broja,5.2,5.2,Burnley,0.00,15.30,15.30,15.30,15.30,0.00,0.69,0.73,0.60,0.84
F,681,Šeško,7.3,7.3,Man Utd,51.60,48.45,48.45,48.45,48.45,2.82,2.57,2.53,2.62,2.39
D,682,Møller Wolfe,4.2,4.2,Wolves,5.10,5.10,5.10,5.10,5.10,0.19,0.21,0.18,0.21,0.21
D,683,Alderete,4.1,4.1,Sunderland,61.50,83.85,83.85,83.85,83.85,2.98,4.34,3.55,4.02,3.31
D,684,Thiaw,5.1,5.1,Newcastle,82.65,82.65,82.65,82.65,82.65,2.86,3.54,3.63,3.98,3.58
D,685,Diakité,4.1,4.1,Bournemouth,0.00,7.35,7.35,7.35,7.35,0.00,0.29,0.26,0.25,0.27
M,686,Ngumoha,4.3,4.3,Liverpool,34.95,34.95,34.95,34.95,34.95,2.05,1.80,1.90,1.79,2.00
M,687,Rees-Dottin,4.3,4.3,Bournemouth,0.00,0.00,0.00,0.00,0.00,0.00,0.00,0.00,0.00,0.00
G,688,Wright,3.9,3.9,Aston Villa,0.00,0.00,0.00,0.00,0.00,0.00,0.00,0.00,0.00,0.00
M,689,Seung soo,4.3,4.3,Newcastle,0.30,0.30,0.30,0.30,0.30,0.01,0.02,0.02,0.02,0.02
M,690,Cardines,4.4,4.4,Crystal Palace,1.20,1.20,2.40,1.20,1.20,0.04,0.04,0.09,0.04,0.04
F,691,Calvert-Lewin,5.7,5.7,Leeds United,0.00,81.90,81.90,81.90,81.90,0.00,5.25,4.00,4.08,4.00
D,692,Leoni,4.9,4.9,Liverpool,0.00,0.00,0.00,0.00,0.00,0.00,0.00,0.00,0.00,0.00
M,693,Hutchinson,5.4,5.4,Nott'm Forest,66.00,56.25,56.25,56.25,56.25,3.05,2.44,2.74,2.37,2.79
D,694,Mukiele,4.5,4.5,Sunderland,82.95,82.95,82.95,82.95,82.95,3.74,4.07,3.25,3.70,3.02
D,695,Tchatchoua,4.4,4.4,Wolves,71.40,71.40,71.40,71.40,71.40,2.42,2.99,1.98,2.68,3.00
M,697,Adli,5.4,5.4,Bournemouth,0.00,39.60,39.60,39.60,39.60,0.00,2.27,1.98,1.86,2.00
M,698,Okafor,5.5,5.5,Leeds United,0.00,46.50,46.50,46.50,46.50,0.00,2.99,2.31,2.37,2.34
M,699,Douglas Luiz,4.9,4.9,Aston Villa,27.60,27.60,27.60,27.60,27.60,1.15,1.27,1.26,1.14,1.05
M,700,Dowman,4.2,4.2,Arsenal,18.00,8.10,8.10,8.10,8.10,1.04,0.45,0.44,0.53,0.41
M,702,Burrowes,4.3,4.3,Aston Villa,0.90,0.90,0.90,0.90,0.90,0.04,0.05,0.05,0.04,0.04
G,703,Proctor,3.9,3.9,Aston Villa,0.00,0.00,0.00,0.00,0.00,0.00,0.00,0.00,0.00,0.00
D,706,Justin,3.9,3.9,Leeds United,0.00,80.25,80.25,80.25,80.25,0.00,4.70,3.66,3.59,3.54
M,707,Dibling,5.3,5.3,Everton,12.45,12.45,12.45,12.45,12.45,0.58,0.54,0.56,0.64,0.56
M,708,M.Fernandes,5.5,5.5,West Ham,83.25,83.25,83.25,83.25,83.25,3.23,3.08,2.73,3.04,3.17
D,709,Krejčí,4.5,4.5,Wolves,80.25,84.75,84.75,84.75,84.75,3.09,3.82,2.81,3.43,3.97
D,710,Patterson,3.9,3.9,Aston Villa,0.30,0.30,0.30,0.30,0.30,0.01,0.01,0.01,0.01,0.01
M,711,Harriman-Annous,4.4,4.4,Arsenal,0.30,0.30,0.30,0.30,0.30,0.02,0.02,0.02,0.02,0.02
M,712,Yeremy,5.8,5.8,Crystal Palace,28.35,28.35,62.70,28.35,28.35,1.25,1.34,2.79,1.30,1.18
D,713,A.Jimenez,4.5,4.5,Bournemouth,0.00,79.05,79.05,79.05,79.05,0.00,3.67,2.90,2.25,2.97
F,714,Woltemade,6.7,6.7,Newcastle,23.70,23.70,23.70,23.70,23.70,1.09,1.34,1.26,1.45,1.35
G,715,John,4.0,4.0,Nott'm Forest,0.30,0.30,0.30,0.30,0.30,0.01,0.01,0.01,0.01,0.01
D,716,Savona,4.5,4.5,Nott'm Forest,0.00,0.00,0.00,0.00,0.00,0.00,0.00,0.00,0.00,0.00
M,717,Xavi,6.5,6.5,Spurs,54.90,54.90,54.90,54.90,54.90,3.16,2.67,2.83,2.44,2.79
M,718,S.Magassa,5.0,5.0,West Ham,25.80,25.80,25.80,25.80,25.80,0.97,0.92,0.86,0.94,0.93
D,719,Lindelöf,4.5,4.5,Aston Villa,12.15,12.15,12.15,12.15,12.15,0.43,0.45,0.47,0.42,0.37
F,720,Tolu,5.2,5.2,Wolves,34.20,34.20,34.20,34.20,34.20,1.63,1.64,1.47,1.65,1.67
D,721,Milosavljević,4.4,4.4,Bournemouth,0.00,5.55,5.55,5.55,5.55,0.00,0.26,0.23,0.21,0.23
M,722,Florentino,5.0,5.0,Burnley,0.00,23.25,23.25,23.25,23.25,0.00,0.86,0.92,0.82,0.94
D,723,Canvot,4.5,4.5,Crystal Palace,69.60,69.60,80.70,69.60,69.60,2.67,2.97,4.13,3.23,2.93
D,724,Geertruida,4.5,4.5,Sunderland,12.75,12.75,12.75,12.75,12.75,0.54,0.56,0.49,0.51,0.49
D,725,Hincapie,5.1,5.1,Arsenal,70.20,73.95,73.95,73.95,73.95,3.53,3.90,3.77,4.59,4.16
F,726,Kolo Muani,6.9,6.9,Spurs,56.25,56.25,56.25,56.25,56.25,2.72,2.29,2.46,2.20,2.40
M,727,Chukwueze,5.3,5.3,Fulham,46.20,46.20,46.20,46.20,46.20,2.41,1.87,2.47,2.52,2.43
M,728,Röhl,5.0,5.0,Everton,12.45,12.45,12.45,12.45,12.45,0.56,0.50,0.53,0.58,0.54
F,730,Brobbey,5.3,5.3,Sunderland,79.35,79.35,79.35,79.35,79.35,3.57,3.75,3.26,3.07,3.29
M,731,Kevin,5.7,5.7,Fulham,0.00,0.00,0.00,0.00,0.00,0.00,0.00,0.00,0.00,0.00
F,732,Uche,5.5,5.5,Crystal Palace,5.70,5.70,11.40,5.70,5.70,0.25,0.26,0.55,0.26,0.25
G,733,Lammens,5.1,5.1,Man Utd,89.10,89.10,89.10,89.10,89.10,3.19,2.85,3.67,3.72,3.10
M,734,Bakwa,5.9,5.9,Nott'm Forest,30.90,11.85,11.85,11.85,11.85,1.33,0.53,0.57,0.51,0.57
M,735,Traoré,5.5,5.5,Sunderland,8.85,17.25,17.25,17.25,17.25,0.41,0.85,0.77,0.74,0.77
G,736,Donnarumma,5.6,5.6,Man City,0.00,88.20,177.30,88.20,88.20,0.00,3.28,7.34,3.17,3.60
F,737,Kusi-Asare,4.5,4.5,Fulham,3.00,3.00,3.00,3.00,3.00,0.15,0.13,0.18,0.16,0.18
G,738,Fabianski,4.5,4.5,West Ham,0.00,0.00,0.00,0.00,0.00,0.00,0.00,0.00,0.00,0.00
M,742,McAidoo,4.5,4.5,Man City,0.00,0.30,0.60,0.30,0.30,0.00,0.01,0.03,0.01,0.01
M,743,Emenalo,4.5,4.5,Chelsea,0.00,0.00,0.00,0.00,0.00,0.00,0.00,0.00,0.00,0.00
M,744,Oriola,4.5,4.5,Brighton,0.00,0.00,0.00,0.00,0.00,0.00,0.00,0.00,0.00,0.00
D,745,Byfield,4.0,4.0,Spurs,0.00,0.00,0.00,0.00,0.00,0.00,0.00,0.00,0.00,0.00
M,746,Morrison,4.5,4.5,Liverpool,0.00,0.00,0.00,0.00,0.00,0.00,0.00,0.00,0.00,0.00
D,747,Mayers,4.0,4.0,West Ham,1.50,1.50,1.50,1.50,1.50,0.06,0.06,0.05,0.05,0.06
M,748,Dasilva,4.9,4.9,Brentford,0.00,0.00,0.00,0.00,0.00,0.00,0.00,0.00,0.00,0.00
F,749,Mané,4.3,4.3,Wolves,76.05,65.40,65.40,65.40,65.40,2.66,2.36,2.11,2.33,2.36
D,750,Rowswell,4.0,4.0,Spurs,0.00,0.00,0.00,0.00,0.00,0.00,0.00,0.00,0.00,0.00
D,752,Golambeckis,4.0,4.0,West Ham,0.00,0.00,0.00,0.00,0.00,0.00,0.00,0.00,0.00,0.00
G,753,Ruddy,4.0,4.0,Newcastle,0.00,0.00,0.00,0.00,0.00,0.00,0.00,0.00,0.00,0.00
M,754,George Hemmings,4.5,4.5,Aston Villa,1.50,1.50,1.50,1.50,1.50,0.07,0.07,0.07,0.06,0.06
M,755,Lacey,4.5,4.5,Man Utd,1.50,1.50,1.50,1.50,1.50,0.07,0.07,0.07,0.07,0.06
M,756,DaCosta,4.5,4.5,Bournemouth,0.00,0.30,0.30,0.30,0.30,0.00,0.01,0.01,0.01,0.01
G,757,Hollingshead,4.0,4.0,Aston Villa,0.00,0.00,0.00,0.00,0.00,0.00,0.00,0.00,0.00,0.00
M,758,Mohamadou Kanté,4.5,4.5,West Ham,6.00,6.00,6.00,6.00,6.00,0.21,0.20,0.20,0.20,0.21
D,759,Salmon,4.0,4.0,Arsenal,0.00,0.00,0.00,0.00,0.00,0.00,0.00,0.00,0.00,0.00
D,760,Lucky,4.0,4.0,Liverpool,0.30,0.30,0.30,0.30,0.30,0.01,0.01,0.01,0.01,0.01
D,761,Simmonds,4.0,4.0,Brighton,0.00,0.30,0.30,0.30,0.30,0.00,0.01,0.01,0.01,0.01
M,762,Drakes-Thomas,4.5,4.5,Crystal Palace,1.20,1.20,2.40,1.20,1.20,0.06,0.06,0.11,0.06,0.05
M,763,Gray,4.5,4.5,Man City,0.00,0.30,0.60,0.30,0.30,0.00,0.01,0.02,0.01,0.01
M,764,Heskey,4.5,4.5,Man City,0.00,0.30,0.60,0.30,0.30,0.00,0.01,0.03,0.01,0.01
D,765,Shahar,4.0,4.0,Newcastle,0.00,0.00,0.00,0.00,0.00,0.00,0.00,0.00,0.00,0.00
D,766,Olagunju,4.0,4.0,Wolves,0.30,0.30,0.30,0.30,0.30,0.01,0.01,0.01,0.01,0.01
M,767,Rawlings,4.5,4.5,Wolves,0.00,0.00,0.00,0.00,0.00,0.00,0.00,0.00,0.00,0.00
D,768,Leon Routh,4.0,4.0,Aston Villa,0.30,0.30,0.30,0.30,0.30,0.01,0.01,0.01,0.01,0.01
M,769,Bendito Mantato,4.5,4.5,Man Utd,0.00,0.00,0.00,0.00,0.00,0.00,0.00,0.00,0.00,0.00
M,770,Ridgeon,4.5,4.5,Fulham,0.30,0.30,0.30,0.30,0.30,0.01,0.01,0.01,0.01,0.01
M,771,Fletcher,4.4,4.4,Man Utd,0.30,0.30,0.30,0.30,0.30,0.01,0.01,0.01,0.01,0.01
M,772,Alabi,4.5,4.5,Newcastle,0.00,0.00,0.00,0.00,0.00,0.00,0.00,0.00,0.00,0.00
D,773,Benamar,4.0,4.0,Crystal Palace,0.00,0.00,0.00,0.00,0.00,0.00,0.00,0.00,0.00,0.00
D,774,Jenson Jones,4.0,4.0,Sunderland,0.00,0.00,0.00,0.00,0.00,0.00,0.00,0.00,0.00,0.00
M,776,Pimlott,4.5,4.5,Burnley,0.00,0.00,0.00,0.00,0.00,0.00,0.00,0.00,0.00,0.00
M,778,Sutherland,4.5,4.5,Wolves,0.00,0.00,0.00,0.00,0.00,0.00,0.00,0.00,0.00,0.00
F,779,Graham,4.5,4.5,Everton,0.00,0.00,0.00,0.00,0.00,0.00,0.00,0.00,0.00,0.00
F,780,Casey,4.5,4.5,Crystal Palace,0.30,0.30,0.60,0.30,0.30,0.01,0.01,0.03,0.01,0.01
D,781,Carroll,4.0,4.0,Aston Villa,0.30,0.30,0.30,0.30,0.30,0.01,0.01,0.01,0.01,0.01
G,782,Forster,4.0,4.0,Bournemouth,0.00,0.00,0.00,0.00,0.00,0.00,0.00,0.00,0.00,0.00
M,783,Groß,5.5,5.5,Brighton,0.00,85.35,85.35,85.35,85.35,0.00,3.95,4.60,3.74,3.87
M,784,Brierley,4.5,4.5,Burnley,0.00,0.00,0.00,0.00,0.00,0.00,0.00,0.00,0.00,0.00
F,785,Pablo,5.4,5.4,West Ham,61.20,61.20,61.20,61.20,61.20,2.52,2.48,2.21,2.41,2.55
G,786,McNally,4.0,4.0,Fulham,0.00,0.00,0.00,0.00,0.00,0.00,0.00,0.00,0.00,0.00
M,787,Chambers,4.4,4.4,Leeds United,0.00,0.00,0.00,0.00,0.00,0.00,0.00,0.00,0.00,0.00
D,788,Kukonki,4.0,4.0,Man Utd,0.00,0.00,0.00,0.00,0.00,0.00,0.00,0.00,0.00,0.00
G,789,Merrick,4.0,4.0,Chelsea,0.00,0.00,0.00,0.00,0.00,0.00,0.00,0.00,0.00,0.00
M,790,Williams-Barnett,4.5,4.5,Spurs,0.00,0.00,0.00,0.00,0.00,0.00,0.00,0.00,0.00,0.00
F,791,Taty,5.5,5.5,West Ham,76.20,76.20,76.20,76.20,76.20,3.56,3.40,2.86,3.25,3.52
M,792,Alysson,5.0,5.0,Aston Villa,9.75,9.75,9.75,9.75,9.75,0.44,0.51,0.48,0.45,0.40
D,793,King,4.0,4.0,Crystal Palace,0.00,0.00,0.00,0.00,0.00,0.00,0.00,0.00,0.00,0.00
D,794,Alleyne,3.9,3.9,Man City,0.00,0.00,0.00,0.00,0.00,0.00,0.00,0.00,0.00,0.00
M,795,Howell,4.5,4.5,Brighton,0.00,3.75,3.75,3.75,3.75,0.00,0.19,0.21,0.19,0.19
M,796,Gallagher,5.0,5.0,Spurs,57.30,57.30,57.30,57.30,57.30,2.60,2.23,2.32,2.05,2.33
F,797,Furo,4.5,4.5,Brentford,0.00,0.00,0.00,0.00,0.00,0.00,0.00,0.00,0.00,0.00
M,799,Stevens,4.5,4.5,Bournemouth,0.00,0.30,0.30,0.30,0.30,0.00,0.01,0.01,0.01,0.01
M,800,Jocelin.T,4.9,4.9,Sunderland,0.00,0.00,0.00,0.00,0.00,0.00,0.00,0.00,0.00,0.00
M,801,Tóth.A,4.9,4.9,Bournemouth,0.00,8.40,8.40,8.40,8.40,0.00,0.40,0.35,0.33,0.33
M,802,Lamadrid,5.0,5.0,West Ham,1.50,1.50,1.50,1.50,1.50,0.07,0.07,0.07,0.07,0.07
G,803,Sharman-Lowe,4.0,4.0,Chelsea,0.00,0.00,0.00,0.00,0.00,0.00,0.00,0.00,0.00,0.00
D,804,Souza,4.0,4.0,Spurs,1.50,1.50,1.50,1.50,1.50,0.05,0.05,0.05,0.05,0.05
F,805,Lucca,5.4,5.4,Nott'm Forest,18.00,18.00,18.00,18.00,18.00,0.90,0.85,0.93,0.84,0.94
G,806,Mandas,4.0,4.0,Bournemouth,0.00,0.90,0.90,0.90,0.90,0.00,0.03,0.03,0.03,0.03
M,807,Rayan,5.5,5.5,Bournemouth,0.00,68.10,68.10,68.10,68.10,0.00,3.86,3.33,3.06,3.27
F,808,Abraham,5.8,5.8,Aston Villa,24.30,24.30,24.30,24.30,24.30,1.32,1.43,1.43,1.27,1.16
M,809,Abbey,4.5,4.5,Wolves,0.00,0.00,0.00,0.00,0.00,0.00,0.00,0.00,0.00,0.00
M,810,Bentt,4.5,4.5,Brentford,0.00,0.00,0.00,0.00,0.00,0.00,0.00,0.00,0.00,0.00
M,811,Kyerematen,4.5,4.5,Spurs,0.30,0.30,0.30,0.30,0.30,0.01,0.01,0.01,0.01,0.01
G,812,Ellborg,4.0,4.0,Sunderland,0.90,0.90,0.90,0.90,0.90,0.03,0.03,0.03,0.03,0.03
M,813,Angulo,5.0,5.0,Sunderland,17.70,42.75,42.75,42.75,42.75,0.79,1.94,1.75,1.69,1.74
D,814,Netz,4.5,4.5,Nott'm Forest,9.45,9.45,9.45,9.45,9.45,0.35,0.33,0.34,0.32,0.36
D,815,Disasi,4.5,4.5,West Ham,82.95,82.95,82.95,82.95,82.95,3.13,2.56,2.31,2.35,3.10
M,816,Angel,4.7,4.7,Wolves,54.75,65.85,65.85,65.85,65.85,2.22,2.82,2.43,2.72,2.85
F,817,Armstrong,5.2,5.2,Wolves,78.45,78.45,78.45,78.45,78.45,3.45,3.57,3.07,3.52,3.64
F,818,Wilson,4.5,4.5,Spurs,0.90,0.90,0.90,0.90,0.90,0.04,0.03,0.03,0.03,0.03
D,819,Shield,4.0,4.0,Brentford,0.90,0.90,0.90,0.90,0.90,0.04,0.03,0.03,0.04,0.03
M,820,McMahon-Brown,4.5,4.5,Burnley,0.00,0.00,0.00,0.00,0.00,0.00,0.00,0.00,0.00,0.00
M,821,Whittaker,4.5,4.5,Sunderland,0.00,0.00,0.00,0.00,0.00,0.00,0.00,0.00,0.00,0.00
M,822,Jones,4.5,4.5,Sunderland,0.00,0.00,0.00,0.00,0.00,0.00,0.00,0.00,0.00,0.00
D,823,Stephenson,4.0,4.0,Brentford,0.00,0.00,0.00,0.00,0.00,0.00,0.00,0.00,0.00,0.00
D,824,McManus,4.0,4.0,Brentford,0.00,0.00,0.00,0.00,0.00,0.00,0.00,0.00,0.00,0.00
G,825,Herrick,4.0,4.0,West Ham,0.00,0.00,0.00,0.00,0.00,0.00,0.00,0.00,0.00,0.00
M,826,Owen,4.5,4.5,Brentford,0.00,0.00,0.00,0.00,0.00,0.00,0.00,0.00,0.00,0.00
M,827,Thwaites,4.5,4.5,Man Utd,0.00,0.00,0.00,0.00,0.00,0.00,0.00,0.00,0.00,0.00
G,828,Brooks,4.0,4.0,Wolves,0.00,0.00,0.00,0.00,0.00,0.00,0.00,0.00,0.00,0.00
M,829,Derry,4.5,4.5,Chelsea,0.00,0.00,0.00,0.00,0.00,0.00,0.00,0.00,0.00,0.00