Pos,ID,Name,BV,SV,Team,30_xMins,31_xMins,32_xMins,33_xMins,34_xMins,35_xMins,36_xMins,37_xMins,38_xMins,30_eo,31_eo,32_eo,33_eo,34_eo,35_eo,36_eo,37_eo,38_eo
G,1,Raya,6.0,6.0,Arsenal,89.10,0.00,89.10,178.20,0.00,89.10,89.10,89.10,89.10,0.54,0.00,0.55,0.55,0.00,0.55,0.55,0.55,0.55
G,2,Arrizabalaga,4.1,4.1,Arsenal,1.20,0.00,1.20,2.40,0.00,1.20,1.20,1.20,1.20,0.00,0.00,0.00,0.00,0.00,0.00,0.00,0.00,0.00
G,4,Setford,3.9,3.9,Arsenal,0.00,0.00,0.00,0.00,0.00,0.00,0.00,0.00,0.00,0.00,0.00,0.00,0.00,0.00,0.00,0.00,0.00,0.00
D,5,Gabriel,7.1,7.1,Arsenal,84.45,0.00,84.45,168.90,0.00,84.45,84.45,84.45,84.45,1.02,0.00,1.00,1.00,0.00,1.00,1.00,1.00,1.00
D,6,Saliba,6.1,6.1,Arsenal,84.45,0.00,84.45,168.90,0.00,84.45,84.45,84.45,84.45,0.03,0.00,0.03,0.03,0.00,0.03,0.03,0.03,0.03
D,7,Calafiori,5.6,5.6,Arsenal,22.20,0.00,22.20,44.40,0.00,22.20,22.20,22.20,22.20,0.00,0.00,0.00,0.00,0.00,0.00,0.00,0.00,0.00
D,8,J.Timber,6.3,6.3,Arsenal,82.50,0.00,82.50,165.00,0.00,82.50,82.50,82.50,82.50,0.28,0.00,0.31,0.31,0.00,0.31,0.31,0.31,0.31
D,10,Lewis-Skelly,5.1,5.1,Arsenal,9.45,0.00,9.45,18.90,0.00,9.45,9.45,9.45,9.45,0.00,0.00,0.00,0.00,0.00,0.00,0.00,0.00,0.00
D,11,White,5.1,5.1,Arsenal,4.65,0.00,4.65,9.30,0.00,4.65,4.65,4.65,4.65,0.00,0.00,0.00,0.00,0.00,0.00,0.00,0.00,0.00
D,13,Clarke,3.8,3.8,Arsenal,0.00,0.00,0.00,0.00,0.00,0.00,0.00,0.00,0.00,0.00,0.00,0.00,0.00,0.00,0.00,0.00,0.00,0.00
D,15,Nichols,3.7,3.7,Arsenal,0.00,0.00,0.00,0.00,0.00,0.00,0.00,0.00,0.00,0.00,0.00,0.00,0.00,0.00,0.00,0.00,0.00,0.00
M,16,Saka,9.8,9.8,Arsenal,77.10,0.00,77.10,154.20,0.00,77.10,77.10,77.10,77.10,0.01,0.00,0.02,0.02,0.00,0.02,0.02,0.02,0.02
M,17,Ødegaard,7.8,7.8,Arsenal,46.50,0.00,63.30,126.60,0.00,63.30,63.30,63.30,63.30,0.00,0.00,0.00,0.00,0.00,0.00,0.00,0.00,0.00
M,18,Madueke,6.8,6.8,Arsenal,26.40,0.00,26.40,52.80,0.00,26.40,26.40,26.40,26.40,0.00,0.00,0.00,0.00,0.00,0.00,0.00,0.00,0.00
M,19,Martinelli,6.8,6.8,Arsenal,19.20,0.00,19.20,38.40,0.00,19.20,19.20,19.20,19.20,0.00,0.00,0.00,0.00,0.00,0.00,0.00,0.00,0.00
M,20,Trossard,6.7,6.7,Arsenal,60.60,0.00,60.60,121.20,0.00,60.60,60.60,60.60,60.60,0.01,0.00,0.01,0.01,0.00,0.01,0.01,0.01,0.01
M,21,Rice,7.5,7.5,Arsenal,75.75,0.00,84.00,168.00,0.00,84.00,84.00,84.00,84.00,0.50,0.00,0.34,0.34,0.00,0.34,0.34,0.34,0.34
M,22,Merino,5.4,5.4,Arsenal,0.00,0.00,0.00,0.00,0.00,0.00,0.00,0.00,0.00,0.00,0.00,0.00,0.00,0.00,0.00,0.00,0.00,0.00
M,24,Nørgaard,5.1,5.1,Arsenal,11.10,0.00,4.65,9.30,0.00,4.65,4.65,4.65,4.65,0.00,0.00,0.00,0.00,0.00,0.00,0.00,0.00,0.00
M,26,Zubimendi,5.2,5.2,Arsenal,83.25,0.00,83.25,166.50,0.00,83.25,83.25,83.25,83.25,0.00,0.00,0.00,0.00,0.00,0.00,0.00,0.00,0.00
M,27,Nelson,4.8,4.8,Brentford,4.20,4.20,4.20,4.20,4.20,4.20,4.20,4.20,4.20,0.00,0.00,0.00,0.00,0.00,0.00,0.00,0.00,0.00
F,30,Havertz,7.3,7.3,Arsenal,32.70,0.00,32.70,65.40,0.00,32.70,32.70,32.70,32.70,0.00,0.00,0.00,0.00,0.00,0.00,0.00,0.00,0.00
F,31,G.Jesus,6.4,6.4,Arsenal,27.15,0.00,27.15,54.30,0.00,27.15,27.15,27.15,27.15,0.00,0.00,0.00,0.00,0.00,0.00,0.00,0.00,0.00
G,32,Martinez,5.1,5.1,Aston Villa,89.10,89.10,89.10,89.10,89.10,89.10,89.10,89.10,89.10,0.00,0.00,0.00,0.00,0.00,0.00,0.00,0.00,0.00
G,33,M.Bizot,4.2,4.2,Aston Villa,0.90,0.90,0.90,0.90,0.90,0.90,0.90,0.90,0.90,0.00,0.00,0.00,0.00,0.00,0.00,0.00,0.00,0.00
D,36,Cash,4.8,4.8,Aston Villa,84.00,84.00,84.00,84.00,84.00,84.00,84.00,84.00,84.00,0.01,0.02,0.02,0.02,0.02,0.02,0.02,0.02,0.02
D,37,Digne,4.5,4.5,Aston Villa,22.65,22.65,22.65,22.65,22.65,22.65,22.65,22.65,22.65,0.00,0.00,0.00,0.00,0.00,0.00,0.00,0.00,0.00
D,38,Konsa,4.4,4.4,Aston Villa,84.75,84.75,84.75,84.75,84.75,84.75,84.75,84.75,84.75,0.00,0.00,0.00,0.00,0.00,0.00,0.00,0.00,0.00
D,39,Maatsen,4.2,4.2,Aston Villa,73.20,73.20,73.20,73.20,73.20,73.20,73.20,73.20,73.20,0.00,0.00,0.00,0.00,0.00,0.00,0.00,0.00,0.00
D,40,Mings,4.3,4.3,Aston Villa,76.95,76.95,76.95,76.95,76.95,76.95,76.95,76.95,76.95,0.00,0.00,0.00,0.00,0.00,0.00,0.00,0.00,0.00
D,41,Pau,4.3,4.3,Aston Villa,15.15,15.15,15.15,15.15,15.15,15.15,15.15,15.15,15.15,0.00,0.00,0.00,0.00,0.00,0.00,0.00,0.00,0.00
D,42,A.García,3.9,3.9,Aston Villa,0.00,0.00,0.00,0.00,0.00,0.00,0.00,0.00,0.00,0.00,0.00,0.00,0.00,0.00,0.00,0.00,0.00,0.00
D,44,Bogarde,4.0,4.0,Aston Villa,56.40,42.60,15.60,15.60,15.60,15.60,15.60,15.60,15.60,0.00,0.00,0.00,0.00,0.00,0.00,0.00,0.00,0.00
M,47,Rogers,7.6,7.6,Aston Villa,85.35,85.35,85.35,85.35,85.35,85.35,85.35,85.35,85.35,0.00,0.10,0.10,0.10,0.10,0.10,0.10,0.10,0.10
M,48,Tielemans,5.9,5.9,Aston Villa,0.00,0.00,84.00,84.00,84.00,84.00,84.00,84.00,84.00,0.00,0.00,0.00,0.00,0.00,0.00,0.00,0.00,0.00
M,49,Bailey,5.5,5.5,Aston Villa,62.25,12.90,12.90,12.90,12.90,12.90,12.90,12.90,12.90,0.00,0.00,0.00,0.00,0.00,0.00,0.00,0.00,0.00
M,50,Buendía,5.3,5.3,Aston Villa,79.05,75.45,38.40,38.40,38.40,38.40,38.40,38.40,38.40,0.00,0.00,0.00,0.00,0.00,0.00,0.00,0.00,0.00
M,52,J.Ramsey,5.3,5.3,Newcastle,33.00,33.00,26.10,52.20,0.00,26.10,26.10,26.10,26.10,0.00,0.00,0.00,0.00,0.00,0.00,0.00,0.00,0.00
M,54,McGinn,5.4,5.4,Aston Villa,0.00,0.00,75.45,75.45,75.45,75.45,75.45,75.45,75.45,0.00,0.00,0.00,0.00,0.00,0.00,0.00,0.00,0.00
M,55,Barkley,4.8,4.8,Aston Villa,12.45,12.45,12.45,12.45,12.45,12.45,12.45,12.45,12.45,0.00,0.00,0.00,0.00,0.00,0.00,0.00,0.00,0.00
M,58,Kamara,4.9,4.9,Aston Villa,0.00,0.00,0.00,0.00,0.00,0.00,0.00,0.00,0.00,0.00,0.00,0.00,0.00,0.00,0.00,0.00,0.00,0.00
M,59,Onana,4.8,4.8,Aston Villa,79.80,79.80,28.50,28.50,28.50,28.50,28.50,28.50,28.50,0.00,0.00,0.00,0.00,0.00,0.00,0.00,0.00,0.00
F,64,Watkins,8.5,8.5,Aston Villa,77.10,77.10,77.10,77.10,77.10,77.10,77.10,77.10,77.10,0.01,0.01,0.01,0.01,0.01,0.01,0.01,0.01,0.01
G,67,Petrović,4.5,4.5,Bournemouth,89.10,89.10,89.10,89.10,89.10,89.10,89.10,89.10,89.10,0.02,0.02,0.02,0.02,0.02,0.02,0.02,0.02,0.02
G,69,McKenna,3.9,3.9,Bournemouth,0.00,0.00,0.00,0.00,0.00,0.00,0.00,0.00,0.00,0.00,0.00,0.00,0.00,0.00,0.00,0.00,0.00,0.00
D,72,Senesi,4.9,4.9,Bournemouth,86.70,86.70,86.70,86.70,86.70,86.70,86.70,86.70,86.70,0.25,0.25,0.25,0.25,0.25,0.25,0.25,0.25,0.25
D,73,Smith,4.4,4.4,Bournemouth,22.20,22.20,18.90,18.90,18.90,18.90,18.90,18.90,18.90,0.00,0.00,0.00,0.00,0.00,0.00,0.00,0.00,0.00
D,74,Truffert,4.6,4.6,Bournemouth,86.70,86.70,86.70,86.70,86.70,86.70,86.70,86.70,86.70,0.01,0.01,0.01,0.01,0.01,0.01,0.01,0.01,0.01
D,75,Akinmboni,3.8,3.8,Bournemouth,0.00,0.00,0.00,0.00,0.00,0.00,0.00,0.00,0.00,0.00,0.00,0.00,0.00,0.00,0.00,0.00,0.00,0.00
D,76,Bevan,3.8,3.8,Bournemouth,0.00,0.00,0.00,0.00,0.00,0.00,0.00,0.00,0.00,0.00,0.00,0.00,0.00,0.00,0.00,0.00,0.00,0.00
D,77,Hill,4.1,4.1,Bournemouth,84.00,84.00,84.00,84.00,84.00,84.00,84.00,84.00,84.00,0.14,0.16,0.16,0.16,0.16,0.16,0.16,0.16,0.16
D,80,Soler,4.0,4.0,Bournemouth,1.65,1.65,1.65,1.65,1.65,1.65,1.65,1.65,1.65,0.00,0.00,0.00,0.00,0.00,0.00,0.00,0.00,0.00
M,81,Kluivert,7.0,7.0,Bournemouth,0.00,0.00,54.60,54.60,54.60,54.60,54.60,54.60,54.60,0.00,0.00,0.00,0.00,0.00,0.00,0.00,0.00,0.00
M,82,Semenyo,8.2,8.2,Man City,81.60,0.00,81.60,163.20,0.00,81.60,161.85,81.60,81.60,0.18,0.00,0.20,0.20,0.00,0.20,0.20,0.20,0.20
M,83,O.Dango,6.0,6.0,Brentford,77.40,77.40,77.40,77.40,77.40,77.40,77.40,77.40,77.40,0.32,0.32,0.32,0.32,0.32,0.32,0.32,0.32,0.32
M,84,Tavernier,5.3,5.3,Bournemouth,79.05,79.05,75.15,75.15,75.15,75.15,75.15,75.15,75.15,0.08,0.09,0.09,0.09,0.09,0.09,0.09,0.09,0.09
M,85,Adams,4.9,4.9,Bournemouth,81.90,81.90,74.85,74.85,74.85,74.85,74.85,74.85,74.85,0.00,0.00,0.00,0.00,0.00,0.00,0.00,0.00,0.00
M,86,Brooks,5.0,5.0,Bournemouth,34.35,34.35,37.50,37.50,37.50,37.50,37.50,37.50,37.50,0.00,0.00,0.00,0.00,0.00,0.00,0.00,0.00,0.00
M,87,Christie,4.9,4.9,Bournemouth,25.80,25.80,18.90,18.90,18.90,18.90,18.90,18.90,18.90,0.00,0.00,0.00,0.00,0.00,0.00,0.00,0.00,0.00
M,88,Cook,4.9,4.9,Bournemouth,0.00,0.00,17.85,17.85,17.85,17.85,17.85,17.85,17.85,0.00,0.00,0.00,0.00,0.00,0.00,0.00,0.00,0.00
M,90,Scott,5.1,5.1,Bournemouth,81.90,81.90,72.60,72.60,72.60,72.60,72.60,72.60,72.60,0.00,0.00,0.00,0.00,0.00,0.00,0.00,0.00,0.00
F,97,Evanilson,6.8,6.8,Bournemouth,70.65,70.65,70.65,70.65,70.65,70.65,70.65,70.65,70.65,0.03,0.02,0.02,0.02,0.02,0.02,0.02,0.02,0.02
F,98,Enes Ünal,5.4,5.4,Bournemouth,9.00,9.00,9.00,9.00,9.00,9.00,9.00,9.00,9.00,0.00,0.00,0.00,0.00,0.00,0.00,0.00,0.00,0.00
F,100,Kroupi.Jr,4.7,4.7,Bournemouth,42.60,42.60,33.00,33.00,33.00,33.00,33.00,33.00,33.00,0.00,0.05,0.05,0.05,0.05,0.05,0.05,0.05,0.05
G,101,Kelleher,4.7,4.7,Brentford,89.10,89.10,89.10,89.10,89.10,89.10,89.10,89.10,89.10,0.18,0.15,0.15,0.15,0.15,0.15,0.15,0.15,0.15
G,102,Balcombe,3.9,3.9,Brentford,0.00,0.00,0.00,0.00,0.00,0.00,0.00,0.00,0.00,0.00,0.00,0.00,0.00,0.00,0.00,0.00,0.00,0.00
G,104,Eyestone,3.9,3.9,Brentford,0.00,0.00,0.00,0.00,0.00,0.00,0.00,0.00,0.00,0.00,0.00,0.00,0.00,0.00,0.00,0.00,0.00,0.00
G,105,Valdimarsson,3.9,3.9,Brentford,0.90,0.90,0.90,0.90,0.90,0.90,0.90,0.90,0.90,0.00,0.00,0.00,0.00,0.00,0.00,0.00,0.00,0.00
D,106,Collins,4.9,4.9,Brentford,23.70,23.70,23.70,23.70,23.70,23.70,23.70,23.70,23.70,0.00,0.00,0.00,0.00,0.00,0.00,0.00,0.00,0.00
D,107,Lewis-Potter,4.8,4.8,Brentford,40.80,40.80,33.90,33.90,33.90,33.90,33.90,33.90,33.90,0.00,0.00,0.00,0.00,0.00,0.00,0.00,0.00,0.00
D,108,Ajer,4.4,4.4,Brentford,80.25,80.25,80.25,80.25,80.25,80.25,80.25,80.25,80.25,0.01,0.01,0.01,0.01,0.01,0.01,0.01,0.01,0.01
D,109,Henry,4.3,4.3,Brentford,81.60,81.60,75.15,75.15,75.15,75.15,75.15,75.15,75.15,0.00,0.00,0.00,0.00,0.00,0.00,0.00,0.00,0.00
D,110,Kayode,4.5,4.5,Brentford,82.65,82.65,82.65,82.65,82.65,82.65,82.65,82.65,82.65,0.01,0.01,0.01,0.01,0.01,0.01,0.01,0.01,0.01
D,111,Pinnock,4.2,4.2,Brentford,1.50,1.50,1.50,1.50,1.50,1.50,1.50,1.50,1.50,0.00,0.00,0.00,0.00,0.00,0.00,0.00,0.00,0.00
D,113,Van den Berg,4.5,4.5,Brentford,79.95,79.95,79.95,79.95,79.95,79.95,79.95,79.95,79.95,0.02,0.02,0.02,0.02,0.02,0.02,0.02,0.02,0.02
D,116,Hickey,4.0,4.0,Brentford,0.00,0.00,20.85,20.85,20.85,20.85,20.85,20.85,20.85,0.00,0.00,0.00,0.00,0.00,0.00,0.00,0.00,0.00
M,119,Mbeumo,8.7,8.7,Man Utd,80.40,80.40,78.45,78.45,78.45,78.45,78.45,78.45,78.45,0.35,0.36,0.36,0.36,0.36,0.36,0.36,0.36,0.36
M,120,Schade,6.9,6.9,Brentford,78.75,78.75,78.75,78.75,78.75,78.75,78.75,78.75,78.75,0.06,0.06,0.06,0.06,0.06,0.06,0.06,0.06,0.06
M,121,Damsgaard,5.6,5.6,Brentford,78.75,78.75,43.80,43.80,43.80,43.80,43.80,43.80,43.80,0.00,0.00,0.00,0.00,0.00,0.00,0.00,0.00,0.00
M,122,Milambo,5.2,5.2,Brentford,0.00,0.00,0.00,0.00,0.00,0.00,0.00,0.00,0.00,0.00,0.00,0.00,0.00,0.00,0.00,0.00,0.00,0.00
M,123,Carvalho,4.7,4.7,Brentford,0.00,0.00,0.00,0.00,0.00,0.00,0.00,0.00,0.00,0.00,0.00,0.00,0.00,0.00,0.00,0.00,0.00,0.00
M,124,Henderson,5.0,5.0,Brentford,60.75,60.75,25.05,25.05,25.05,25.05,25.05,25.05,25.05,0.00,0.00,0.00,0.00,0.00,0.00,0.00,0.00,0.00
M,125,Janelt,4.9,4.9,Brentford,0.00,0.00,79.20,79.20,79.20,79.20,79.20,79.20,79.20,0.00,0.00,0.00,0.00,0.00,0.00,0.00,0.00,0.00
M,126,Jensen,4.9,4.9,Brentford,81.90,81.90,69.30,69.30,69.30,69.30,69.30,69.30,69.30,0.00,0.00,0.00,0.00,0.00,0.00,0.00,0.00,0.00
M,129,Yarmoliuk,5.0,5.0,Brentford,79.80,79.80,78.45,78.45,78.45,78.45,78.45,78.45,78.45,0.00,0.00,0.00,0.00,0.00,0.00,0.00,0.00,0.00
M,130,Donovan,4.4,4.4,Brentford,3.00,3.00,3.00,3.00,3.00,3.00,3.00,3.00,3.00,0.00,0.00,0.00,0.00,0.00,0.00,0.00,0.00,0.00
F,135,Wissa,7.3,7.3,Newcastle,44.55,44.55,40.80,81.60,0.00,40.80,40.80,40.80,40.80,0.00,0.00,0.00,0.00,0.00,0.00,0.00,0.00,0.00
F,136,Thiago,7.2,7.2,Brentford,83.40,83.40,83.40,83.40,83.40,83.40,83.40,83.40,83.40,0.78,0.76,0.76,0.76,0.76,0.76,0.76,0.76,0.76
G,138,Steele,4.2,4.2,Brighton,0.90,0.90,0.90,1.80,0.00,0.90,0.90,0.90,0.90,0.00,0.00,0.00,0.00,0.00,0.00,0.00,0.00,0.00
G,139,Verbruggen,4.5,4.5,Brighton,89.10,89.10,89.10,178.20,0.00,89.10,89.10,89.10,89.10,0.07,0.06,0.06,0.06,0.00,0.06,0.06,0.06,0.06
G,140,McGill,3.9,3.9,Brighton,0.00,0.00,0.00,0.00,0.00,0.00,0.00,0.00,0.00,0.00,0.00,0.00,0.00,0.00,0.00,0.00,0.00,0.00
D,143,Boscagli,4.2,4.2,Brighton,5.85,5.85,5.85,11.70,0.00,5.85,5.85,5.85,5.85,0.00,0.00,0.00,0.00,0.00,0.00,0.00,0.00,0.00
D,145,De Cuyper,4.3,4.3,Brighton,15.75,15.75,15.75,31.50,0.00,15.75,15.75,15.75,15.75,0.00,0.00,0.00,0.00,0.00,0.00,0.00,0.00,0.00
D,146,Dunk,4.5,4.5,Brighton,84.45,84.45,84.45,168.90,0.00,84.45,84.45,84.45,84.45,0.00,0.00,0.00,0.00,0.00,0.00,0.00,0.00,0.00
D,148,F.Kadıoğlu,4.4,4.4,Brighton,84.75,84.75,84.75,169.50,0.00,84.75,84.75,84.75,84.75,0.00,0.00,0.00,0.00,0.00,0.00,0.00,0.00,0.00
D,149,Igor,4.5,4.5,Brighton,3.60,3.60,3.60,7.20,0.00,3.60,3.60,3.60,3.60,0.00,0.00,0.00,0.00,0.00,0.00,0.00,0.00,0.00
D,151,Van Hecke,4.4,4.4,Brighton,86.70,86.70,86.70,173.40,0.00,86.70,86.70,86.70,86.70,0.05,0.03,0.03,0.03,0.00,0.03,0.03,0.03,0.03
D,152,Veltman,4.3,4.3,Brighton,39.90,39.90,39.90,79.80,0.00,39.90,39.90,39.90,39.90,0.00,0.00,0.00,0.00,0.00,0.00,0.00,0.00,0.00
D,153,Webster,4.4,4.4,Brighton,0.00,0.00,0.00,0.00,0.00,0.00,0.00,0.00,0.00,0.00,0.00,0.00,0.00,0.00,0.00,0.00,0.00,0.00
D,156,Tasker,3.8,3.8,Brighton,0.30,0.30,0.30,0.60,0.00,0.30,0.30,0.30,0.30,0.00,0.00,0.00,0.00,0.00,0.00,0.00,0.00,0.00
M,157,Mitoma,6.1,6.1,Brighton,81.90,81.90,81.90,163.80,0.00,81.90,81.90,81.90,81.90,0.00,0.00,0.00,0.00,0.00,0.00,0.00,0.00,0.00
M,158,Georginio,5.6,5.6,Brighton,28.95,28.95,28.95,57.90,0.00,28.95,28.95,28.95,28.95,0.00,0.00,0.00,0.00,0.00,0.00,0.00,0.00,0.00
M,159,March,5.8,5.8,Brighton,3.00,3.00,3.00,6.00,0.00,3.00,3.00,3.00,3.00,0.00,0.00,0.00,0.00,0.00,0.00,0.00,0.00,0.00
M,160,Minteh,5.5,5.5,Brighton,24.45,24.45,24.45,48.90,0.00,24.45,24.45,24.45,24.45,0.00,0.00,0.00,0.00,0.00,0.00,0.00,0.00,0.00
M,163,Hinshelwood,5.1,5.1,Brighton,55.65,55.65,55.65,111.30,0.00,55.65,55.65,55.65,55.65,0.00,0.00,0.00,0.00,0.00,0.00,0.00,0.00,0.00
M,164,O'Riley,5.5,5.5,Brighton,16.05,16.05,16.05,32.10,0.00,16.05,16.05,16.05,16.05,0.00,0.00,0.00,0.00,0.00,0.00,0.00,0.00,0.00
M,166,Ayari,4.8,4.8,Brighton,42.60,42.60,42.60,85.20,0.00,42.60,42.60,42.60,42.60,0.00,0.00,0.00,0.00,0.00,0.00,0.00,0.00,0.00
M,167,Baleba,4.5,4.5,Brighton,51.30,51.30,51.30,102.60,0.00,51.30,51.30,51.30,51.30,0.00,0.00,0.00,0.00,0.00,0.00,0.00,0.00,0.00
M,168,Buonanotte,4.6,4.6,Leeds United,10.20,10.20,10.20,10.20,10.20,10.20,10.20,0.00,10.20,0.00,0.00,0.00,0.00,0.00,0.00,0.00,0.00,0.00
M,169,Gomez,4.9,4.9,Brighton,68.70,68.70,68.70,137.40,0.00,68.70,68.70,68.70,68.70,0.00,0.00,0.00,0.00,0.00,0.00,0.00,0.00,0.00
M,170,Milner,4.9,4.9,Brighton,20.10,20.10,20.10,40.20,0.00,20.10,20.10,20.10,20.10,0.00,0.00,0.00,0.00,0.00,0.00,0.00,0.00,0.00
M,173,Wieffer,4.9,4.9,Brighton,48.75,48.75,48.75,97.50,0.00,48.75,48.75,48.75,48.75,0.00,0.00,0.00,0.00,0.00,0.00,0.00,0.00,0.00
F,178,Welbeck,6.1,6.1,Brighton,77.10,77.10,77.10,154.20,0.00,77.10,77.10,77.10,77.10,0.00,0.00,0.00,0.00,0.00,0.00,0.00,0.00,0.00
F,180,Tzimas,5.2,5.2,Brighton,0.00,0.00,0.00,0.00,0.00,0.00,0.00,0.00,0.00,0.00,0.00,0.00,0.00,0.00,0.00,0.00,0.00,0.00
F,181,Kostoulas,4.8,4.8,Brighton,16.50,16.50,16.50,33.00,0.00,16.50,16.50,16.50,16.50,0.00,0.00,0.00,0.00,0.00,0.00,0.00,0.00,0.00
G,182,Trafford,4.5,4.5,Man City,0.90,0.00,0.90,1.80,0.00,0.90,1.80,0.90,0.90,0.00,0.00,0.00,0.00,0.00,0.00,0.00,0.00,0.00
G,183,Weiss,4.3,4.3,Burnley,0.90,0.90,0.90,1.80,0.00,0.90,0.90,0.90,0.90,0.00,0.00,0.00,0.00,0.00,0.00,0.00,0.00,0.00
G,185,Hladký,3.9,3.9,Burnley,0.00,0.00,0.00,0.00,0.00,0.00,0.00,0.00,0.00,0.00,0.00,0.00,0.00,0.00,0.00,0.00,0.00,0.00
D,186,Roberts,4.4,4.4,Burnley,0.00,0.00,0.00,0.00,0.00,0.00,0.00,0.00,0.00,0.00,0.00,0.00,0.00,0.00,0.00,0.00,0.00,0.00
D,187,Walker,4.4,4.4,Burnley,52.95,52.95,52.95,105.90,0.00,52.95,52.95,52.95,52.95,0.00,0.00,0.00,0.00,0.00,0.00,0.00,0.00,0.00
D,190,Ekdal,3.9,3.9,Burnley,4.80,4.80,4.80,9.60,0.00,4.80,4.80,4.80,4.80,0.00,0.00,0.00,0.00,0.00,0.00,0.00,0.00,0.00
D,191,Estève,3.9,3.9,Burnley,87.45,87.45,87.45,174.90,0.00,87.45,87.45,87.45,87.45,0.03,0.04,0.04,0.04,0.00,0.04,0.04,0.04,0.04
D,192,Hartman,4.0,4.0,Burnley,3.00,3.00,3.00,6.00,0.00,3.00,3.00,3.00,3.00,0.00,0.00,0.00,0.00,0.00,0.00,0.00,0.00,0.00
D,193,Humphreys,3.9,3.9,Burnley,82.95,82.95,82.95,165.90,0.00,82.95,82.95,82.95,82.95,0.00,0.00,0.00,0.00,0.00,0.00,0.00,0.00,0.00
D,194,Jordan,3.9,3.9,Burnley,0.00,0.00,0.00,0.00,0.00,0.00,0.00,0.00,0.00,0.00,0.00,0.00,0.00,0.00,0.00,0.00,0.00,0.00
D,195,Lucas Pires,3.8,3.8,Burnley,46.95,46.95,46.95,93.90,0.00,46.95,46.95,46.95,46.95,0.00,0.00,0.00,0.00,0.00,0.00,0.00,0.00,0.00
D,198,Tuanzebe,3.9,3.9,Burnley,71.70,71.70,71.70,143.40,0.00,71.70,71.70,71.70,71.70,0.00,0.00,0.00,0.00,0.00,0.00,0.00,0.00,0.00
D,199,Worrall,3.8,3.8,Burnley,45.45,45.45,45.45,90.90,0.00,45.45,45.45,45.45,45.45,0.00,0.00,0.00,0.00,0.00,0.00,0.00,0.00,0.00
M,200,Anthony,5.0,5.0,Burnley,75.75,75.75,75.75,151.50,0.00,75.75,75.75,75.75,75.75,0.00,0.00,0.00,0.00,0.00,0.00,0.00,0.00,0.00
M,202,Bruun Larsen,5.3,5.3,Burnley,6.75,6.75,6.75,13.50,0.00,6.75,6.75,6.75,6.75,0.00,0.00,0.00,0.00,0.00,0.00,0.00,0.00,0.00
M,203,Boateng,4.7,4.7,Burnley,0.00,0.00,0.00,0.00,0.00,0.00,0.00,0.00,0.00,0.00,0.00,0.00,0.00,0.00,0.00,0.00,0.00,0.00
M,205,Cullen,4.9,4.9,Burnley,0.00,0.00,0.00,0.00,0.00,0.00,0.00,0.00,0.00,0.00,0.00,0.00,0.00,0.00,0.00,0.00,0.00,0.00
M,206,Edwards,4.7,4.7,Burnley,73.80,73.80,73.80,147.60,0.00,73.80,73.80,73.80,73.80,0.00,0.00,0.00,0.00,0.00,0.00,0.00,0.00,0.00
M,207,Hannibal,4.7,4.7,Burnley,58.65,58.65,58.65,117.30,0.00,58.65,58.65,58.65,58.65,0.00,0.00,0.00,0.00,0.00,0.00,0.00,0.00,0.00
M,209,Laurent,4.8,4.8,Burnley,72.60,72.60,72.60,145.20,0.00,72.60,72.60,72.60,72.60,0.00,0.00,0.00,0.00,0.00,0.00,0.00,0.00,0.00
M,210,Tchaouna,4.9,4.9,Burnley,18.00,18.00,18.00,36.00,0.00,18.00,18.00,18.00,18.00,0.00,0.00,0.00,0.00,0.00,0.00,0.00,0.00,0.00
M,214,Trésor,4.4,4.4,Burnley,5.70,5.70,5.70,11.40,0.00,5.70,5.70,5.70,5.70,0.00,0.00,0.00,0.00,0.00,0.00,0.00,0.00,0.00
F,215,Flemming,5.3,5.3,Burnley,60.15,60.15,60.15,120.30,0.00,60.15,60.15,60.15,60.15,0.00,0.00,0.00,0.00,0.00,0.00,0.00,0.00,0.00
F,216,Amdouni,4.8,4.8,Burnley,0.00,0.00,0.00,0.00,0.00,0.00,0.00,0.00,0.00,0.00,0.00,0.00,0.00,0.00,0.00,0.00,0.00,0.00
F,217,Foster,4.9,4.9,Burnley,24.00,24.00,24.00,48.00,0.00,24.00,24.00,24.00,24.00,0.00,0.00,0.00,0.00,0.00,0.00,0.00,0.00,0.00
F,218,Barnes,4.2,4.2,Burnley,1.50,1.50,1.50,3.00,0.00,1.50,1.50,1.50,1.50,0.00,0.00,0.00,0.00,0.00,0.00,0.00,0.00,0.00
G,220,Sánchez,4.9,4.9,Chelsea,89.10,89.10,89.10,178.20,0.00,89.10,89.10,89.10,89.10,0.04,0.04,0.04,0.04,0.00,0.04,0.04,0.04,0.04
G,221,Jörgensen,4.3,4.3,Chelsea,0.00,0.00,0.00,0.00,0.00,0.00,0.00,0.00,0.00,0.00,0.00,0.00,0.00,0.00,0.00,0.00,0.00,0.00
G,223,Slonina,3.9,3.9,Chelsea,0.00,0.00,0.00,0.00,0.00,0.00,0.00,0.00,0.00,0.00,0.00,0.00,0.00,0.00,0.00,0.00,0.00,0.00
D,224,Cucurella,6.0,6.0,Chelsea,83.40,83.40,83.40,166.80,0.00,83.40,83.40,83.40,83.40,0.01,0.00,0.00,0.00,0.00,0.00,0.00,0.00,0.00
D,225,James,5.6,5.6,Chelsea,67.65,67.65,67.65,135.30,0.00,67.65,67.65,67.65,67.65,0.00,0.00,0.00,0.00,0.00,0.00,0.00,0.00,0.00
D,226,Chalobah,5.6,5.6,Chelsea,85.95,85.95,85.95,171.90,0.00,85.95,85.95,85.95,85.95,0.13,0.13,0.13,0.13,0.00,0.13,0.13,0.13,0.13
D,227,Colwill,4.7,4.7,Chelsea,0.00,0.00,0.00,0.00,0.00,0.00,0.00,0.00,0.00,0.00,0.00,0.00,0.00,0.00,0.00,0.00,0.00,0.00
D,228,Gusto,4.9,4.9,Chelsea,42.90,42.90,42.90,85.80,0.00,42.90,42.90,42.90,42.90,0.00,0.00,0.00,0.00,0.00,0.00,0.00,0.00,0.00
D,229,B.Badiashile,4.4,4.4,Chelsea,11.25,11.25,11.25,22.50,0.00,11.25,11.25,11.25,11.25,0.00,0.00,0.00,0.00,0.00,0.00,0.00,0.00,0.00
D,230,Fofana,4.4,4.4,Chelsea,43.95,43.95,43.95,87.90,0.00,43.95,43.95,43.95,43.95,0.00,0.00,0.00,0.00,0.00,0.00,0.00,0.00,0.00
D,231,M.Sarr,4.5,4.5,Chelsea,7.05,7.05,7.05,14.10,0.00,7.05,7.05,7.05,7.05,0.00,0.00,0.00,0.00,0.00,0.00,0.00,0.00,0.00
D,232,Tosin,4.0,4.0,Chelsea,14.25,14.25,14.25,28.50,0.00,14.25,14.25,14.25,14.25,0.00,0.00,0.00,0.00,0.00,0.00,0.00,0.00,0.00
D,233,Acheampong,3.7,3.7,Chelsea,7.05,7.05,7.05,14.10,0.00,7.05,7.05,7.05,7.05,0.00,0.00,0.00,0.00,0.00,0.00,0.00,0.00,0.00
M,235,Palmer,10.6,10.6,Chelsea,77.10,77.10,77.10,154.20,0.00,77.10,77.10,77.10,77.10,0.06,0.06,0.06,0.06,0.00,0.06,0.06,0.06,0.06
M,236,Neto,7.0,7.0,Chelsea,77.10,77.10,77.10,154.20,0.00,77.10,77.10,77.10,77.10,0.01,0.00,0.00,0.00,0.00,0.00,0.00,0.00,0.00
M,237,Enzo,6.7,6.7,Chelsea,84.00,84.00,84.00,168.00,0.00,84.00,84.00,84.00,84.00,0.17,0.17,0.17,0.17,0.00,0.17,0.17,0.17,0.17
M,238,Estêvão,6.4,6.4,Chelsea,36.15,36.15,31.35,62.70,0.00,31.35,31.35,31.35,31.35,0.00,0.00,0.00,0.00,0.00,0.00,0.00,0.00,0.00
M,239,Gittens,6.0,6.0,Chelsea,0.00,0.00,11.25,22.50,0.00,11.25,11.25,11.25,11.25,0.00,0.00,0.00,0.00,0.00,0.00,0.00,0.00,0.00
M,241,Caicedo,5.7,5.7,Chelsea,84.00,84.00,84.00,168.00,0.00,84.00,84.00,84.00,84.00,0.00,0.00,0.00,0.00,0.00,0.00,0.00,0.00,0.00
M,242,Dewsbury-Hall,5.1,5.1,Everton,82.35,82.35,82.35,82.35,82.35,82.35,82.35,82.35,82.35,0.01,0.02,0.02,0.02,0.02,0.02,0.02,0.02,0.02
M,243,George,4.8,4.8,Everton,30.90,0.00,27.45,27.45,27.45,27.45,27.45,27.45,27.45,0.00,0.00,0.00,0.00,0.00,0.00,0.00,0.00,0.00
M,244,Lavia,4.9,4.9,Chelsea,10.35,10.35,10.35,20.70,0.00,10.35,10.35,10.35,10.35,0.00,0.00,0.00,0.00,0.00,0.00,0.00,0.00,0.00
M,245,Mudryk,4.9,4.9,Chelsea,0.00,0.00,0.00,0.00,0.00,0.00,0.00,0.00,0.00,0.00,0.00,0.00,0.00,0.00,0.00,0.00,0.00,0.00
M,246,Andrey Santos,4.5,4.5,Chelsea,62.40,62.40,62.40,124.80,0.00,62.40,62.40,62.40,62.40,0.00,0.00,0.00,0.00,0.00,0.00,0.00,0.00,0.00
M,247,D.Essugo,4.3,4.3,Chelsea,0.00,0.00,0.00,0.00,0.00,0.00,0.00,0.00,0.00,0.00,0.00,0.00,0.00,0.00,0.00,0.00,0.00,0.00
F,249,João Pedro,7.6,7.6,Chelsea,73.35,73.35,73.35,146.70,0.00,73.35,73.35,73.35,73.35,0.09,0.09,0.09,0.09,0.00,0.09,0.09,0.09,0.09
F,250,Delap,6.2,6.2,Chelsea,31.20,31.20,31.20,62.40,0.00,31.20,31.20,31.20,31.20,0.00,0.00,0.00,0.00,0.00,0.00,0.00,0.00,0.00
F,252,Marc Guiu,4.1,4.1,Chelsea,1.50,1.50,1.50,3.00,0.00,1.50,1.50,1.50,1.50,0.00,0.00,0.00,0.00,0.00,0.00,0.00,0.00,0.00
G,253,Henderson,5.0,5.0,Crystal Palace,89.10,0.00,89.10,178.20,0.00,89.10,178.20,89.10,89.10,0.01,0.00,0.01,0.01,0.00,0.01,0.01,0.01,0.01
G,254,Benitez,4.0,4.0,Crystal Palace,0.90,0.00,0.90,1.80,0.00,0.90,1.80,0.90,0.90,0.00,0.00,0.00,0.00,0.00,0.00,0.00,0.00,0.00
G,255,Matthews,3.9,3.9,Crystal Palace,0.00,0.00,0.00,0.00,0.00,0.00,0.00,0.00,0.00,0.00,0.00,0.00,0.00,0.00,0.00,0.00,0.00,0.00
D,256,Muñoz,5.9,5.9,Crystal Palace,87.45,0.00,87.45,174.90,0.00,87.45,174.90,87.45,87.45,0.16,0.00,0.17,0.17,0.00,0.17,0.17,0.17,0.17
D,257,Lacroix,5.1,5.1,Crystal Palace,86.10,0.00,86.10,172.20,0.00,86.10,172.20,86.10,86.10,0.11,0.00,0.06,0.06,0.00,0.06,0.06,0.06,0.06
D,258,Mitchell,5.0,5.0,Crystal Palace,85.20,0.00,85.20,170.40,0.00,85.20,170.40,85.20,85.20,0.00,0.00,0.00,0.00,0.00,0.00,0.00,0.00,0.00
D,259,Sosa,4.8,4.8,Crystal Palace,5.40,0.00,5.40,10.80,0.00,5.40,10.80,5.40,5.40,0.00,0.00,0.00,0.00,0.00,0.00,0.00,0.00,0.00
D,260,Guéhi,5.2,5.2,Man City,82.65,0.00,82.65,165.30,0.00,82.65,155.85,82.65,82.65,0.08,0.00,0.08,0.08,0.00,0.08,0.08,0.08,0.08
D,261,Richards,4.4,4.4,Crystal Palace,84.60,0.00,84.60,169.20,0.00,84.60,169.20,84.60,84.60,0.07,0.00,0.07,0.07,0.00,0.07,0.07,0.07,0.07
D,262,Chadi Riad,4.0,4.0,Crystal Palace,46.50,0.00,46.50,93.00,0.00,46.50,93.00,46.50,46.50,0.00,0.00,0.00,0.00,0.00,0.00,0.00,0.00,0.00
D,263,Clyne,3.8,3.8,Crystal Palace,3.15,0.00,3.15,6.30,0.00,3.15,6.30,3.15,3.15,0.00,0.00,0.00,0.00,0.00,0.00,0.00,0.00,0.00
D,265,Kporha,4.0,4.0,Crystal Palace,0.00,0.00,0.00,0.00,0.00,0.00,0.00,0.00,0.00,0.00,0.00,0.00,0.00,0.00,0.00,0.00,0.00,0.00
M,266,Eze,7.2,7.2,Arsenal,44.85,0.00,28.80,57.60,0.00,28.80,28.80,28.80,28.80,0.00,0.00,0.00,0.00,0.00,0.00,0.00,0.00,0.00
M,267,Sarr,6.3,6.3,Crystal Palace,82.20,0.00,82.20,164.40,0.00,82.20,164.40,82.20,82.20,0.08,0.00,0.08,0.08,0.00,0.08,0.08,0.08,0.08
M,268,Doucouré,4.9,4.9,Crystal Palace,0.00,0.00,0.00,0.00,0.00,0.00,0.00,0.00,0.00,0.00,0.00,0.00,0.00,0.00,0.00,0.00,0.00,0.00
M,270,Hughes,4.7,4.7,Crystal Palace,33.75,0.00,33.75,67.50,0.00,33.75,67.50,33.75,33.75,0.00,0.00,0.00,0.00,0.00,0.00,0.00,0.00,0.00
M,271,Kamada,5.0,5.0,Crystal Palace,40.95,0.00,40.95,81.90,0.00,40.95,81.90,40.95,40.95,0.00,0.00,0.00,0.00,0.00,0.00,0.00,0.00,0.00
M,272,Lerma,4.9,4.9,Crystal Palace,68.70,0.00,68.70,137.40,0.00,68.70,137.40,68.70,68.70,0.00,0.00,0.00,0.00,0.00,0.00,0.00,0.00,0.00
M,273,Wharton,5.0,5.0,Crystal Palace,82.50,0.00,82.50,165.00,0.00,82.50,165.00,82.50,82.50,0.00,0.00,0.00,0.00,0.00,0.00,0.00,0.00,0.00
M,274,Agbinone,4.3,4.3,Crystal Palace,0.30,0.00,0.30,0.60,0.00,0.30,0.60,0.30,0.30,0.00,0.00,0.00,0.00,0.00,0.00,0.00,0.00,0.00
M,276,Devenny,4.3,4.3,Crystal Palace,9.15,0.00,9.15,18.30,0.00,9.15,18.30,9.15,9.15,0.00,0.00,0.00,0.00,0.00,0.00,0.00,0.00,0.00
M,281,Rodney,4.4,4.4,Crystal Palace,0.30,0.00,0.30,0.60,0.00,0.30,0.60,0.30,0.30,0.00,0.00,0.00,0.00,0.00,0.00,0.00,0.00,0.00
F,283,Mateta,7.5,7.5,Crystal Palace,36.45,0.00,36.45,72.90,0.00,36.45,72.90,36.45,36.45,0.00,0.00,0.00,0.00,0.00,0.00,0.00,0.00,0.00
F,284,Nketiah,5.4,5.4,Crystal Palace,0.00,0.00,0.00,0.00,0.00,0.00,6.00,0.00,0.00,0.00,0.00,0.00,0.00,0.00,0.00,0.00,0.00,0.00
F,286,Marsh,4.4,4.4,Crystal Palace,0.30,0.00,0.30,0.60,0.00,0.30,0.60,0.30,0.30,0.00,0.00,0.00,0.00,0.00,0.00,0.00,0.00,0.00
G,287,Pickford,5.6,5.6,Everton,89.10,89.10,89.10,89.10,89.10,89.10,89.10,89.10,89.10,0.01,0.02,0.02,0.02,0.02,0.02,0.02,0.02,0.02
G,288,Travers,4.3,4.3,Everton,0.90,0.90,0.90,0.90,0.90,0.90,0.90,0.90,0.90,0.00,0.00,0.00,0.00,0.00,0.00,0.00,0.00,0.00
D,290,Branthwaite,5.3,5.3,Everton,81.30,81.30,81.30,81.30,81.30,81.30,81.30,81.30,81.30,0.00,0.00,0.00,0.00,0.00,0.00,0.00,0.00,0.00
D,291,Tarkowski,5.7,5.7,Everton,87.45,87.45,87.45,87.45,87.45,87.45,87.45,87.45,87.45,0.00,0.10,0.10,0.10,0.10,0.10,0.10,0.10,0.10
D,292,Mykolenko,4.9,4.9,Everton,75.15,75.15,75.15,75.15,75.15,75.15,75.15,75.15,75.15,0.00,0.00,0.00,0.00,0.00,0.00,0.00,0.00,0.00
D,293,O'Brien,4.9,4.9,Everton,83.70,83.70,83.70,83.70,83.70,83.70,83.70,83.70,83.70,0.00,0.00,0.00,0.00,0.00,0.00,0.00,0.00,0.00
D,294,Coleman,4.2,4.2,Everton,2.40,2.40,2.40,2.40,2.40,2.40,2.40,2.40,2.40,0.00,0.00,0.00,0.00,0.00,0.00,0.00,0.00,0.00
D,295,Keane,4.6,4.6,Everton,17.25,17.25,17.25,17.25,17.25,17.25,17.25,17.25,17.25,0.00,0.00,0.00,0.00,0.00,0.00,0.00,0.00,0.00
D,296,Patterson,4.4,4.4,Everton,5.25,5.25,5.25,5.25,5.25,5.25,5.25,5.25,5.25,0.00,0.00,0.00,0.00,0.00,0.00,0.00,0.00,0.00
D,298,Welch,3.8,3.8,Everton,0.60,0.60,0.60,0.60,0.60,0.60,0.60,0.60,0.60,0.00,0.00,0.00,0.00,0.00,0.00,0.00,0.00,0.00
M,299,Ndiaye,6.2,6.2,Everton,83.25,83.25,83.25,83.25,83.25,83.25,83.25,83.25,83.25,0.00,0.09,0.09,0.09,0.09,0.09,0.09,0.09,0.09
M,300,McNeil,5.5,5.5,Everton,28.50,28.50,28.50,28.50,28.50,28.50,28.50,28.50,28.50,0.00,0.00,0.00,0.00,0.00,0.00,0.00,0.00,0.00
M,301,Alcaraz,5.2,5.2,Everton,0.00,0.00,12.45,12.45,12.45,12.45,12.45,12.45,12.45,0.00,0.00,0.00,0.00,0.00,0.00,0.00,0.00,0.00
M,302,Gana,5.4,5.4,Everton,80.40,80.40,80.40,80.40,80.40,80.40,80.40,80.40,80.40,0.00,0.00,0.00,0.00,0.00,0.00,0.00,0.00,0.00
M,303,Garner,5.2,5.2,Everton,87.00,87.00,87.00,87.00,87.00,87.00,87.00,87.00,87.00,0.00,0.02,0.02,0.02,0.02,0.02,0.02,0.02,0.02
M,304,Iroegbunam,4.8,4.8,Everton,15.60,15.60,15.60,15.60,15.60,15.60,15.60,15.60,15.60,0.00,0.00,0.00,0.00,0.00,0.00,0.00,0.00,0.00
M,305,Armstrong,4.5,4.5,Everton,55.65,77.85,45.00,45.00,45.00,45.00,45.00,45.00,45.00,0.00,0.00,0.00,0.00,0.00,0.00,0.00,0.00,0.00
M,306,Bates,4.3,4.3,Everton,0.30,0.30,0.30,0.30,0.30,0.30,0.30,0.30,0.30,0.00,0.00,0.00,0.00,0.00,0.00,0.00,0.00,0.00
M,307,Ebere,4.4,4.4,Everton,0.30,0.30,0.30,0.30,0.30,0.30,0.30,0.30,0.30,0.00,0.00,0.00,0.00,0.00,0.00,0.00,0.00,0.00
F,310,Barry,5.7,5.7,Everton,72.15,72.15,72.15,72.15,72.15,72.15,72.15,72.15,72.15,0.00,0.00,0.00,0.00,0.00,0.00,0.00,0.00,0.00
F,311,Beto,5.0,5.0,Everton,27.30,27.30,27.30,27.30,27.30,27.30,27.30,27.30,27.30,0.00,0.00,0.00,0.00,0.00,0.00,0.00,0.00,0.00
G,314,Leno,4.9,4.9,Fulham,89.10,89.10,89.10,89.10,89.10,89.10,89.10,89.10,89.10,0.01,0.01,0.01,0.01,0.01,0.01,0.01,0.01,0.01
D,316,Robinson,4.9,4.9,Fulham,14.10,14.10,14.10,14.10,14.10,14.10,14.10,14.10,14.10,0.00,0.00,0.00,0.00,0.00,0.00,0.00,0.00,0.00
D,317,Andersen,4.5,4.5,Fulham,87.45,87.45,87.45,87.45,87.45,87.45,87.45,87.45,87.45,0.30,0.20,0.20,0.20,0.20,0.20,0.20,0.20,0.20
D,318,Bassey,4.4,4.4,Fulham,81.00,81.00,81.00,81.00,81.00,81.00,81.00,81.00,81.00,0.00,0.00,0.00,0.00,0.00,0.00,0.00,0.00,0.00
D,319,Castagne,4.3,4.3,Fulham,18.15,18.15,18.15,18.15,18.15,18.15,18.15,18.15,18.15,0.00,0.00,0.00,0.00,0.00,0.00,0.00,0.00,0.00
D,320,Diop,4.3,4.3,Fulham,3.90,3.90,3.90,3.90,3.90,3.90,3.90,3.90,3.90,0.00,0.00,0.00,0.00,0.00,0.00,0.00,0.00,0.00
D,321,J.Cuenca,4.3,4.3,Fulham,11.25,11.25,11.25,11.25,11.25,11.25,11.25,11.25,11.25,0.00,0.00,0.00,0.00,0.00,0.00,0.00,0.00,0.00
D,322,Tete,4.5,4.5,Fulham,78.30,78.30,78.30,78.30,78.30,78.30,78.30,78.30,78.30,0.00,0.00,0.00,0.00,0.00,0.00,0.00,0.00,0.00
D,323,Amissah,3.8,3.8,Fulham,1.50,1.50,1.50,1.50,1.50,1.50,1.50,1.50,1.50,0.00,0.00,0.00,0.00,0.00,0.00,0.00,0.00,0.00
M,324,Iwobi,6.4,6.4,Fulham,84.00,84.00,84.00,84.00,84.00,84.00,84.00,84.00,84.00,0.00,0.00,0.00,0.00,0.00,0.00,0.00,0.00,0.00
M,325,Smith Rowe,5.6,5.6,Fulham,70.65,70.65,70.65,70.65,70.65,70.65,70.65,70.65,70.65,0.00,0.00,0.00,0.00,0.00,0.00,0.00,0.00,0.00
M,326,Adama,5.1,5.1,West Ham,18.75,18.75,18.75,18.75,18.75,18.75,18.75,18.75,18.75,0.00,0.00,0.00,0.00,0.00,0.00,0.00,0.00,0.00
M,328,Sessegnon,5.4,5.4,Fulham,79.20,79.20,79.20,79.20,79.20,79.20,79.20,79.20,79.20,0.00,0.00,0.00,0.00,0.00,0.00,0.00,0.00,0.00
M,329,Wilson,6.0,6.0,Fulham,82.50,82.50,81.15,81.15,81.15,81.15,81.15,81.15,81.15,0.30,0.25,0.25,0.25,0.25,0.25,0.25,0.25,0.25
M,330,Berge,4.9,4.9,Fulham,83.25,83.25,83.25,83.25,83.25,83.25,83.25,83.25,83.25,0.00,0.00,0.00,0.00,0.00,0.00,0.00,0.00,0.00
M,331,Cairney,4.8,4.8,Fulham,7.20,7.20,7.20,7.20,7.20,7.20,7.20,7.20,7.20,0.00,0.00,0.00,0.00,0.00,0.00,0.00,0.00,0.00
M,332,Lukić,4.9,4.9,Fulham,27.60,27.60,21.00,21.00,21.00,21.00,21.00,21.00,21.00,0.00,0.00,0.00,0.00,0.00,0.00,0.00,0.00,0.00
M,335,King,4.4,4.4,Fulham,7.20,7.20,7.20,7.20,7.20,7.20,7.20,7.20,7.20,0.00,0.00,0.00,0.00,0.00,0.00,0.00,0.00,0.00
M,336,Reed,4.3,4.3,Fulham,1.50,1.50,1.50,1.50,1.50,1.50,1.50,1.50,1.50,0.00,0.00,0.00,0.00,0.00,0.00,0.00,0.00,0.00
F,337,Raúl,6.2,6.2,Fulham,68.40,68.40,68.40,68.40,68.40,68.40,68.40,68.40,68.40,0.02,0.03,0.03,0.03,0.03,0.03,0.03,0.03,0.03
F,338,Muniz,5.3,5.3,Fulham,27.00,27.00,27.00,27.00,27.00,27.00,27.00,27.00,27.00,0.00,0.00,0.00,0.00,0.00,0.00,0.00,0.00,0.00
G,339,Meslier,4.1,4.1,Leeds United,0.00,0.00,0.00,0.00,0.00,0.00,0.00,0.00,0.00,0.00,0.00,0.00,0.00,0.00,0.00,0.00,0.00,0.00
G,340,Cairns,3.9,3.9,Leeds United,0.00,0.00,0.00,0.00,0.00,0.00,0.00,0.00,0.00,0.00,0.00,0.00,0.00,0.00,0.00,0.00,0.00,0.00
G,341,Darlow,3.9,3.9,Leeds United,88.20,88.20,88.20,88.20,88.20,88.20,88.20,88.20,88.20,0.00,0.01,0.01,0.01,0.01,0.01,0.01,0.01,0.01
D,342,Bogle,4.4,4.4,Leeds United,83.10,83.10,83.10,83.10,83.10,83.10,83.10,83.10,83.10,0.00,0.00,0.00,0.00,0.00,0.00,0.00,0.00,0.00
D,343,Struijk,4.3,4.3,Leeds United,85.35,85.35,85.35,85.35,85.35,85.35,85.35,85.35,85.35,0.01,0.01,0.01,0.01,0.01,0.01,0.01,0.01,0.01
D,344,Bijol,3.9,3.9,Leeds United,22.50,22.50,22.50,22.50,22.50,22.50,22.50,22.50,22.50,0.00,0.00,0.00,0.00,0.00,0.00,0.00,0.00,0.00
D,345,Bornauw,3.8,3.8,Leeds United,3.00,3.00,3.00,3.00,3.00,3.00,3.00,3.00,3.00,0.00,0.00,0.00,0.00,0.00,0.00,0.00,0.00,0.00
D,346,Byram,3.8,3.8,Leeds United,1.50,1.50,1.50,1.50,1.50,1.50,1.50,1.50,1.50,0.00,0.00,0.00,0.00,0.00,0.00,0.00,0.00,0.00
D,347,Gudmundsson,3.8,3.8,Leeds United,83.85,83.85,83.85,83.85,83.85,83.85,83.85,83.85,83.85,0.03,0.04,0.04,0.04,0.04,0.04,0.04,0.04,0.04
D,348,Rodon,3.9,3.9,Leeds United,85.95,85.95,85.95,85.95,85.95,85.95,85.95,85.95,85.95,0.06,0.06,0.06,0.06,0.06,0.06,0.06,0.06,0.06
M,350,Aaronson,5.4,5.4,Leeds United,72.00,72.00,72.00,72.00,72.00,72.00,72.00,75.75,72.00,0.00,0.00,0.00,0.00,0.00,0.00,0.00,0.00,0.00
M,351,Gnonto,5.2,5.2,Leeds United,9.15,9.15,9.15,9.15,9.15,9.15,9.15,9.15,9.15,0.00,0.00,0.00,0.00,0.00,0.00,0.00,0.00,0.00
M,353,James,5.2,5.2,Leeds United,6.45,6.45,6.45,6.45,6.45,6.45,6.45,6.45,6.45,0.00,0.00,0.00,0.00,0.00,0.00,0.00,0.00,0.00
M,354,Ampadu,4.9,4.9,Leeds United,86.10,86.10,86.10,86.10,86.10,86.10,86.10,86.10,86.10,0.00,0.00,0.00,0.00,0.00,0.00,0.00,0.00,0.00
M,356,Gruev,4.7,4.7,Leeds United,65.10,65.10,65.10,65.10,65.10,65.10,65.10,65.10,65.10,0.00,0.00,0.00,0.00,0.00,0.00,0.00,0.00,0.00
M,358,Tanaka,4.8,4.8,Leeds United,15.60,15.60,15.60,15.60,15.60,15.60,15.60,15.60,15.60,0.00,0.00,0.00,0.00,0.00,0.00,0.00,0.00,0.00
F,362,Piroe,4.9,4.9,Leeds United,1.50,1.50,1.50,1.50,1.50,1.50,1.50,1.50,1.50,0.00,0.00,0.00,0.00,0.00,0.00,0.00,0.00,0.00
F,365,Nmecha,5.0,5.0,Leeds United,18.15,18.15,18.15,18.15,18.15,18.15,18.15,18.15,18.15,0.00,0.00,0.00,0.00,0.00,0.00,0.00,0.00,0.00
G,366,A.Becker,5.4,5.4,Liverpool,89.10,89.10,89.10,178.20,0.00,89.10,89.10,89.10,89.10,0.02,0.02,0.02,0.02,0.00,0.02,0.02,0.02,0.02
G,367,Mamardashvili,4.1,4.1,Liverpool,0.90,0.90,0.90,1.80,0.00,0.90,0.90,0.90,0.90,0.00,0.00,0.00,0.00,0.00,0.00,0.00,0.00,0.00
G,368,Pécsi,3.8,3.8,Liverpool,0.00,0.00,0.00,0.00,0.00,0.00,0.00,0.00,0.00,0.00,0.00,0.00,0.00,0.00,0.00,0.00,0.00,0.00
G,369,Woodman,3.9,3.9,Liverpool,0.00,0.00,0.00,0.00,0.00,0.00,0.00,0.00,0.00,0.00,0.00,0.00,0.00,0.00,0.00,0.00,0.00,0.00
D,370,Frimpong,5.7,5.7,Liverpool,64.95,64.95,64.95,129.90,0.00,64.95,64.95,64.95,64.95,0.00,0.00,0.00,0.00,0.00,0.00,0.00,0.00,0.00
D,371,Kerkez,5.6,5.6,Liverpool,70.05,70.05,70.05,140.10,0.00,70.05,70.05,70.05,70.05,0.00,0.00,0.00,0.00,0.00,0.00,0.00,0.00,0.00
D,372,Robertson,5.7,5.7,Liverpool,22.65,22.65,22.65,45.30,0.00,22.65,22.65,22.65,22.65,0.00,0.00,0.00,0.00,0.00,0.00,0.00,0.00,0.00
D,373,Virgil,6.1,6.1,Liverpool,87.45,87.45,87.45,174.90,0.00,87.45,87.45,87.45,87.45,0.62,0.61,0.61,0.61,0.00,0.61,0.61,0.61,0.61
D,374,Konaté,5.5,5.5,Liverpool,82.95,82.95,82.95,165.90,0.00,82.95,82.95,82.95,82.95,0.02,0.02,0.02,0.02,0.00,0.02,0.02,0.02,0.02
D,375,Bradley,4.9,4.9,Liverpool,0.00,0.00,0.00,0.00,0.00,0.00,0.00,0.00,0.00,0.00,0.00,0.00,0.00,0.00,0.00,0.00,0.00,0.00
D,376,Gomez,4.9,4.9,Liverpool,22.20,22.20,22.20,44.40,0.00,22.20,22.20,22.20,22.20,0.00,0.00,0.00,0.00,0.00,0.00,0.00,0.00,0.00
D,378,Nallo,3.7,3.7,Liverpool,0.30,0.30,0.30,0.60,0.00,0.30,0.30,0.30,0.30,0.00,0.00,0.00,0.00,0.00,0.00,0.00,0.00,0.00
D,379,R.Williams,3.7,3.7,Liverpool,0.30,0.30,0.30,0.60,0.00,0.30,0.30,0.30,0.30,0.00,0.00,0.00,0.00,0.00,0.00,0.00,0.00,0.00
D,380,Ramsay,3.8,3.8,Liverpool,0.30,0.30,0.30,0.60,0.00,0.30,0.30,0.30,0.30,0.00,0.00,0.00,0.00,0.00,0.00,0.00,0.00,0.00
M,381,M.Salah,14.0,14.0,Liverpool,81.45,81.45,79.80,159.60,0.00,79.80,79.80,79.80,79.80,0.10,0.10,0.10,0.10,0.00,0.10,0.10,0.10,0.10
M,382,Wirtz,8.3,8.3,Liverpool,79.20,79.20,74.40,148.80,0.00,74.40,74.40,74.40,74.40,0.04,0.02,0.02,0.02,0.00,0.02,0.02,0.02,0.02
M,384,Gakpo,7.3,7.3,Liverpool,63.30,63.30,67.20,134.40,0.00,67.20,67.20,67.20,67.20,0.04,0.03,0.03,0.03,0.00,0.03,0.03,0.03,0.03
M,385,Chiesa,6.3,6.3,Liverpool,7.35,7.35,7.35,14.70,0.00,7.35,7.35,7.35,7.35,0.00,0.00,0.00,0.00,0.00,0.00,0.00,0.00,0.00
M,386,Mac Allister,6.2,6.2,Liverpool,77.10,77.10,57.30,114.60,0.00,57.30,57.30,57.30,57.30,0.00,0.00,0.00,0.00,0.00,0.00,0.00,0.00,0.00
M,387,Szoboszlai,6.9,6.9,Liverpool,86.10,86.10,86.10,172.20,0.00,86.10,86.10,86.10,86.10,0.24,0.26,0.26,0.26,0.00,0.26,0.26,0.26,0.26
M,388,C.Jones,5.4,5.4,Liverpool,38.55,38.55,25.05,50.10,0.00,25.05,25.05,25.05,25.05,0.00,0.00,0.00,0.00,0.00,0.00,0.00,0.00,0.00
M,389,Elliott,5.1,5.1,Aston Villa,0.00,0.00,0.00,0.00,0.00,0.00,0.00,0.00,0.00,0.00,0.00,0.00,0.00,0.00,0.00,0.00,0.00,0.00
M,390,Gravenberch,5.5,5.5,Liverpool,85.50,85.50,85.50,171.00,0.00,85.50,85.50,85.50,85.50,0.00,0.00,0.00,0.00,0.00,0.00,0.00,0.00,0.00
M,391,Gannon-Doak,4.8,4.8,Bournemouth,0.00,0.00,0.00,0.00,0.00,0.00,0.00,0.00,0.00,0.00,0.00,0.00,0.00,0.00,0.00,0.00,0.00,0.00
M,392,Endo,4.9,4.9,Liverpool,0.00,0.00,0.00,0.00,0.00,0.00,0.00,0.00,0.00,0.00,0.00,0.00,0.00,0.00,0.00,0.00,0.00,0.00
M,393,Bajcetic,4.2,4.2,Liverpool,0.30,0.30,0.30,0.60,0.00,0.30,0.30,0.30,0.30,0.00,0.00,0.00,0.00,0.00,0.00,0.00,0.00,0.00
M,396,Nyoni,4.3,4.3,Liverpool,0.30,0.30,0.30,0.60,0.00,0.30,0.30,0.30,0.30,0.00,0.00,0.00,0.00,0.00,0.00,0.00,0.00,0.00
F,398,Danns,4.3,4.3,Liverpool,0.30,0.30,0.30,0.60,0.00,0.30,0.30,0.30,0.30,0.00,0.00,0.00,0.00,0.00,0.00,0.00,0.00,0.00
G,400,Ortega Moreno,4.7,4.7,Nott'm Forest,76.50,76.50,76.50,76.50,76.50,76.50,76.50,76.50,76.50,0.00,0.00,0.00,0.00,0.00,0.00,0.00,0.00,0.00
G,401,Bettinelli,3.8,3.8,Man City,0.00,0.00,0.00,0.00,0.00,0.00,0.00,0.00,0.00,0.00,0.00,0.00,0.00,0.00,0.00,0.00,0.00,0.00
D,402,Aït-Nouri,5.7,5.7,Man City,77.85,0.00,77.85,155.70,0.00,77.85,125.70,77.85,77.85,0.02,0.00,0.02,0.02,0.00,0.02,0.02,0.02,0.02
D,403,Gvardiol,5.9,5.9,Man City,0.00,0.00,0.00,0.00,0.00,0.00,0.00,0.00,0.00,0.00,0.00,0.00,0.00,0.00,0.00,0.00,0.00,0.00
D,405,Aké,5.2,5.2,Man City,16.20,0.00,16.20,32.40,0.00,16.20,32.40,16.20,16.20,0.00,0.00,0.00,0.00,0.00,0.00,0.00,0.00,0.00
D,406,Khusanov,5.4,5.4,Man City,20.55,0.00,20.55,41.10,0.00,20.55,45.15,20.55,20.55,0.00,0.00,0.00,0.00,0.00,0.00,0.00,0.00,0.00
D,407,Matheus N.,5.4,5.4,Man City,84.75,0.00,84.75,169.50,0.00,84.75,169.50,84.75,84.75,0.02,0.00,0.02,0.02,0.00,0.02,0.02,0.02,0.02
D,408,Rúben,5.5,5.5,Man City,80.25,0.00,80.25,160.50,0.00,80.25,156.75,80.25,80.25,0.00,0.00,0.00,0.00,0.00,0.00,0.00,0.00,0.00
D,409,Stones,5.4,5.4,Man City,3.00,0.00,3.00,6.00,0.00,3.00,6.00,3.00,3.00,0.00,0.00,0.00,0.00,0.00,0.00,0.00,0.00,0.00
D,410,Lewis,4.6,4.6,Man City,8.40,0.00,8.40,16.80,0.00,8.40,19.80,8.40,8.40,0.00,0.00,0.00,0.00,0.00,0.00,0.00,0.00,0.00
D,411,O'Reilly,5.1,5.1,Man City,77.25,0.00,77.25,154.50,0.00,77.25,146.85,77.25,77.25,0.10,0.00,0.07,0.07,0.00,0.07,0.07,0.07,0.07
M,413,Marmoush,8.3,8.3,Man City,40.80,0.00,40.80,81.60,0.00,40.80,68.70,40.80,40.80,0.00,0.00,0.00,0.00,0.00,0.00,0.00,0.00,0.00
M,414,Foden,8.1,8.1,Man City,18.00,0.00,18.00,36.00,0.00,18.00,39.60,18.00,18.00,0.00,0.00,0.00,0.00,0.00,0.00,0.00,0.00,0.00
M,415,Savinho,6.9,6.9,Man City,7.50,0.00,7.50,15.00,0.00,7.50,15.00,7.50,7.50,0.00,0.00,0.00,0.00,0.00,0.00,0.00,0.00,0.00
M,416,Bernardo,6.2,6.2,Man City,79.95,0.00,79.95,159.90,0.00,79.95,159.60,79.95,79.95,0.00,0.00,0.00,0.00,0.00,0.00,0.00,0.00,0.00
M,417,Cherki,6.4,6.4,Man City,40.20,0.00,40.20,80.40,0.00,40.20,100.50,40.20,40.20,0.00,0.00,0.01,0.01,0.00,0.01,0.01,0.01,0.01
M,418,Doku,6.4,6.4,Man City,25.80,0.00,25.80,51.60,0.00,25.80,72.30,25.80,25.80,0.00,0.00,0.00,0.00,0.00,0.00,0.00,0.00,0.00
M,419,Grealish,6.3,6.3,Everton,0.00,0.00,0.00,0.00,0.00,0.00,0.00,0.00,0.00,0.00,0.00,0.00,0.00,0.00,0.00,0.00,0.00,0.00
M,421,Rodrigo,6.3,6.3,Man City,80.25,0.00,80.25,160.50,0.00,80.25,160.50,80.25,80.25,0.00,0.00,0.00,0.00,0.00,0.00,0.00,0.00,0.00
M,422,Kovačić,5.8,5.8,Man City,0.00,0.00,0.00,0.00,0.00,0.00,0.00,0.00,0.00,0.00,0.00,0.00,0.00,0.00,0.00,0.00,0.00,0.00
M,423,N.Gonzalez,5.9,5.9,Man City,16.50,0.00,16.50,33.00,0.00,16.50,35.70,16.50,16.50,0.00,0.00,0.00,0.00,0.00,0.00,0.00,0.00,0.00
M,424,Bobb,5.1,5.1,Fulham,42.90,42.90,25.95,25.95,25.95,25.95,25.95,25.95,25.95,0.00,0.00,0.00,0.00,0.00,0.00,0.00,0.00,0.00
M,426,McAtee,5.0,5.0,Nott'm Forest,6.75,6.75,6.75,6.75,6.75,6.75,6.75,6.75,6.75,0.00,0.00,0.00,0.00,0.00,0.00,0.00,0.00,0.00
M,427,Reijnders,5.0,5.0,Man City,22.20,0.00,22.20,44.40,0.00,22.20,50.70,22.20,22.20,0.00,0.00,0.00,0.00,0.00,0.00,0.00,0.00,0.00
M,428,Nypan,5.0,5.0,Man City,0.00,0.00,0.00,0.00,0.00,0.00,0.00,0.00,0.00,0.00,0.00,0.00,0.00,0.00,0.00,0.00,0.00,0.00
F,430,Haaland,14.7,14.7,Man City,82.50,0.00,82.50,165.00,0.00,82.50,165.00,82.50,82.50,1.59,0.00,1.43,1.43,0.00,1.43,1.43,1.43,1.43
G,431,Bayindir,4.7,4.7,Man Utd,0.90,0.90,0.90,0.90,0.90,0.90,0.90,0.90,0.90,0.00,0.00,0.00,0.00,0.00,0.00,0.00,0.00,0.00
G,434,Heaton,3.9,3.9,Man Utd,0.00,0.00,0.00,0.00,0.00,0.00,0.00,0.00,0.00,0.00,0.00,0.00,0.00,0.00,0.00,0.00,0.00,0.00
G,435,Mee,3.9,3.9,Man Utd,0.00,0.00,0.00,0.00,0.00,0.00,0.00,0.00,0.00,0.00,0.00,0.00,0.00,0.00,0.00,0.00,0.00,0.00
D,436,De Ligt,4.9,4.9,Man Utd,0.00,0.00,27.45,27.45,27.45,27.45,27.45,27.45,27.45,0.00,0.00,0.00,0.00,0.00,0.00,0.00,0.00,0.00
D,437,Martinez,4.8,4.8,Man Utd,0.00,0.00,83.70,83.70,83.70,83.70,83.70,83.70,83.70,0.00,0.00,0.00,0.00,0.00,0.00,0.00,0.00,0.00
D,438,Mazraoui,4.9,4.9,Man Utd,61.65,61.65,18.15,18.15,18.15,18.15,18.15,18.15,18.15,0.00,0.00,0.00,0.00,0.00,0.00,0.00,0.00,0.00
D,439,D.Leon,4.2,4.2,Man Utd,0.00,0.00,0.00,0.00,0.00,0.00,0.00,0.00,0.00,0.00,0.00,0.00,0.00,0.00,0.00,0.00,0.00,0.00
D,440,Dalot,4.6,4.6,Man Utd,84.75,84.75,83.25,83.25,83.25,83.25,83.25,83.25,83.25,0.04,0.03,0.03,0.03,0.03,0.03,0.03,0.03,0.03
D,441,Dorgu,4.2,4.2,Man Utd,0.00,0.00,56.70,56.70,56.70,56.70,56.70,56.70,56.70,0.00,0.00,0.00,0.00,0.00,0.00,0.00,0.00,0.00
D,442,Maguire,4.4,4.4,Man Utd,83.25,83.25,72.90,72.90,72.90,72.90,72.90,72.90,72.90,0.01,0.00,0.00,0.00,0.00,0.00,0.00,0.00,0.00
D,443,Shaw,4.5,4.5,Man Utd,62.40,62.40,83.25,83.25,83.25,83.25,83.25,83.25,83.25,0.00,0.00,0.00,0.00,0.00,0.00,0.00,0.00,0.00
D,444,Yoro,4.1,4.1,Man Utd,82.95,82.95,12.45,12.45,12.45,12.45,12.45,12.45,12.45,0.00,0.00,0.00,0.00,0.00,0.00,0.00,0.00,0.00
D,446,Fredricson,3.8,3.8,Man Utd,0.00,0.00,0.00,0.00,0.00,0.00,0.00,0.00,0.00,0.00,0.00,0.00,0.00,0.00,0.00,0.00,0.00,0.00
D,447,Heaven,3.7,3.7,Man Utd,11.40,11.40,6.90,6.90,6.90,6.90,6.90,6.90,6.90,0.00,0.00,0.00,0.00,0.00,0.00,0.00,0.00,0.00
D,448,Malacia,3.8,3.8,Man Utd,0.60,0.60,0.60,0.60,0.60,0.60,0.60,0.60,0.60,0.00,0.00,0.00,0.00,0.00,0.00,0.00,0.00,0.00
M,449,B.Fernandes,10.0,10.0,Man Utd,86.85,86.85,86.85,86.85,86.85,86.85,86.85,86.85,86.85,1.02,1.03,1.03,1.03,1.03,1.03,1.03,1.03,1.03
M,450,Cunha,8.0,8.0,Man Utd,69.90,69.90,48.60,48.60,48.60,48.60,48.60,48.60,48.60,0.02,0.02,0.02,0.02,0.02,0.02,0.02,0.02,0.02
M,452,Amad,6.2,6.2,Man Utd,52.05,52.05,69.00,69.00,69.00,69.00,69.00,69.00,69.00,0.00,0.00,0.00,0.00,0.00,0.00,0.00,0.00,0.00
M,453,Garnacho,6.4,6.4,Chelsea,33.90,33.90,29.40,58.80,0.00,29.40,29.40,29.40,29.40,0.00,0.00,0.00,0.00,0.00,0.00,0.00,0.00,0.00
M,455,Mount,5.9,5.9,Man Utd,9.60,9.60,7.20,7.20,7.20,7.20,7.20,7.20,7.20,0.00,0.00,0.00,0.00,0.00,0.00,0.00,0.00,0.00
M,456,Sancho,5.8,5.8,Aston Villa,0.00,67.20,38.40,38.40,38.40,38.40,38.40,38.40,38.40,0.00,0.00,0.00,0.00,0.00,0.00,0.00,0.00,0.00
M,457,Casemiro,5.6,5.6,Man Utd,83.25,83.25,81.60,81.60,81.60,81.60,81.60,81.60,81.60,0.03,0.02,0.02,0.02,0.02,0.02,0.02,0.02,0.02
M,458,Mainoo,4.6,4.6,Man Utd,81.75,81.75,78.60,78.60,78.60,78.60,78.60,78.60,78.60,0.00,0.00,0.00,0.00,0.00,0.00,0.00,0.00,0.00
M,459,Ugarte,4.7,4.7,Man Utd,18.15,18.15,18.15,18.15,18.15,18.15,18.15,18.15,18.15,0.00,0.00,0.00,0.00,0.00,0.00,0.00,0.00,0.00
M,461,Fitzgerald,4.3,4.3,Man Utd,0.30,0.30,0.30,0.30,0.30,0.30,0.30,0.30,0.30,0.00,0.00,0.00,0.00,0.00,0.00,0.00,0.00,0.00
M,462,J.Fletcher,4.3,4.3,Man Utd,1.20,1.20,1.20,1.20,1.20,1.20,1.20,1.20,1.20,0.00,0.00,0.00,0.00,0.00,0.00,0.00,0.00,0.00
F,466,Zirkzee,5.8,5.8,Man Utd,3.00,3.00,3.00,3.00,3.00,3.00,3.00,3.00,3.00,0.00,0.00,0.00,0.00,0.00,0.00,0.00,0.00,0.00
F,467,Obi,4.2,4.2,Man Utd,0.60,0.60,0.60,0.60,0.60,0.60,0.60,0.60,0.60,0.00,0.00,0.00,0.00,0.00,0.00,0.00,0.00,0.00
G,469,Pope,5.1,5.1,Newcastle,89.10,89.10,89.10,178.20,0.00,89.10,89.10,89.10,89.10,0.01,0.01,0.01,0.01,0.00,0.01,0.01,0.01,0.01
G,470,Dúbravka,4.0,4.0,Burnley,89.10,89.10,89.10,178.20,0.00,89.10,89.10,89.10,89.10,0.01,0.04,0.04,0.04,0.00,0.04,0.04,0.04,0.04
G,471,Gillespie,3.9,3.9,Newcastle,0.00,0.00,0.00,0.00,0.00,0.00,0.00,0.00,0.00,0.00,0.00,0.00,0.00,0.00,0.00,0.00,0.00,0.00
D,473,Hall,5.3,5.3,Newcastle,76.80,76.80,73.20,146.40,0.00,73.20,73.20,73.20,73.20,0.01,0.02,0.02,0.02,0.00,0.02,0.02,0.02,0.02
D,474,Schär,5.2,5.2,Newcastle,0.00,0.00,16.80,33.60,0.00,16.80,16.80,16.80,16.80,0.00,0.00,0.00,0.00,0.00,0.00,0.00,0.00,0.00
D,475,Botman,4.9,4.9,Newcastle,30.75,30.75,23.25,46.50,0.00,23.25,23.25,23.25,23.25,0.00,0.00,0.00,0.00,0.00,0.00,0.00,0.00,0.00
D,476,Burn,5.0,5.0,Newcastle,84.45,84.45,84.45,168.90,0.00,84.45,84.45,84.45,84.45,0.00,0.00,0.00,0.00,0.00,0.00,0.00,0.00,0.00
D,477,Livramento,4.9,4.9,Newcastle,71.70,71.70,78.45,156.90,0.00,78.45,78.45,78.45,78.45,0.00,0.00,0.00,0.00,0.00,0.00,0.00,0.00,0.00
D,478,Trippier,4.9,4.9,Newcastle,29.85,29.85,17.40,34.80,0.00,17.40,17.40,17.40,17.40,0.00,0.00,0.00,0.00,0.00,0.00,0.00,0.00,0.00
D,479,Krafth,4.3,4.3,Newcastle,0.00,0.00,0.00,0.00,0.00,0.00,0.00,0.00,0.00,0.00,0.00,0.00,0.00,0.00,0.00,0.00,0.00,0.00
D,481,A.Murphy,3.8,3.8,Newcastle,0.00,0.00,0.00,0.00,0.00,0.00,0.00,0.00,0.00,0.00,0.00,0.00,0.00,0.00,0.00,0.00,0.00,0.00
D,483,Pivas,3.8,3.8,Newcastle,0.00,0.00,0.00,0.00,0.00,0.00,0.00,0.00,0.00,0.00,0.00,0.00,0.00,0.00,0.00,0.00,0.00,0.00
M,485,Gordon,7.2,7.2,Newcastle,76.05,76.05,76.05,152.10,0.00,76.05,76.05,76.05,76.05,0.04,0.04,0.04,0.04,0.00,0.04,0.04,0.04,0.04
M,486,Elanga,6.5,6.5,Newcastle,25.05,25.05,25.05,50.10,0.00,25.05,25.05,25.05,25.05,0.00,0.00,0.00,0.00,0.00,0.00,0.00,0.00,0.00
M,487,Barnes,6.1,6.1,Newcastle,68.40,68.40,68.40,136.80,0.00,68.40,68.40,68.40,68.40,0.00,0.00,0.00,0.00,0.00,0.00,0.00,0.00,0.00
M,488,Bruno G.,6.8,6.8,Newcastle,0.00,0.00,71.25,142.50,0.00,71.25,71.25,71.25,71.25,0.00,0.00,0.00,0.00,0.00,0.00,0.00,0.00,0.00
M,489,J.Murphy,5.9,5.9,Newcastle,28.35,28.35,28.35,56.70,0.00,28.35,28.35,28.35,28.35,0.00,0.00,0.00,0.00,0.00,0.00,0.00,0.00,0.00
M,490,Joelinton,5.9,5.9,Newcastle,63.45,63.45,37.80,75.60,0.00,37.80,37.80,37.80,37.80,0.00,0.00,0.00,0.00,0.00,0.00,0.00,0.00,0.00
M,491,Tonali,5.3,5.3,Newcastle,78.45,78.45,78.45,156.90,0.00,78.45,78.45,78.45,78.45,0.00,0.00,0.00,0.00,0.00,0.00,0.00,0.00,0.00
M,493,Longstaff,4.8,4.8,Leeds United,22.05,22.05,22.05,22.05,22.05,22.05,22.05,32.55,22.05,0.00,0.00,0.00,0.00,0.00,0.00,0.00,0.00,0.00
M,494,Willock,5.0,5.0,Newcastle,37.20,37.20,15.45,30.90,0.00,15.45,15.45,15.45,15.45,0.00,0.00,0.00,0.00,0.00,0.00,0.00,0.00,0.00
M,497,L.Miley,4.4,4.4,Newcastle,47.70,47.70,54.15,108.30,0.00,54.15,54.15,54.15,54.15,0.00,0.00,0.00,0.00,0.00,0.00,0.00,0.00,0.00
F,499,Isak,10.3,10.3,Liverpool,0.00,0.00,43.50,87.00,0.00,43.50,43.50,43.50,43.50,0.00,0.00,0.00,0.00,0.00,0.00,0.00,0.00,0.00
F,500,Osula,5.4,5.4,Newcastle,5.70,5.70,5.70,11.40,0.00,5.70,5.70,5.70,5.70,0.00,0.00,0.00,0.00,0.00,0.00,0.00,0.00,0.00
F,501,Neave,4.3,4.3,Newcastle,0.30,0.30,0.30,0.60,0.00,0.30,0.30,0.30,0.30,0.00,0.00,0.00,0.00,0.00,0.00,0.00,0.00,0.00
G,502,Sels,4.6,4.6,Nott'm Forest,13.50,13.50,13.50,13.50,13.50,13.50,13.50,13.50,13.50,0.00,0.00,0.00,0.00,0.00,0.00,0.00,0.00,0.00
D,505,Milenković,5.1,5.1,Nott'm Forest,87.45,87.45,87.45,87.45,87.45,87.45,87.45,87.45,87.45,0.00,0.00,0.00,0.00,0.00,0.00,0.00,0.00,0.00
D,506,Murillo,5.2,5.2,Nott'm Forest,82.05,82.05,82.05,82.05,82.05,82.05,82.05,82.05,82.05,0.01,0.00,0.00,0.00,0.00,0.00,0.00,0.00,0.00
D,507,Aina,4.7,4.7,Nott'm Forest,83.25,83.25,83.25,83.25,83.25,83.25,83.25,83.25,83.25,0.00,0.00,0.00,0.00,0.00,0.00,0.00,0.00,0.00
D,508,N.Williams,4.7,4.7,Nott'm Forest,87.45,87.45,87.45,87.45,87.45,87.45,87.45,87.45,87.45,0.01,0.01,0.01,0.01,0.01,0.01,0.01,0.01,0.01
D,510,Jair Cunha,4.2,4.2,Nott'm Forest,1.50,1.50,1.50,1.50,1.50,1.50,1.50,1.50,1.50,0.00,0.00,0.00,0.00,0.00,0.00,0.00,0.00,0.00
D,511,Morato,4.3,4.3,Nott'm Forest,9.60,9.60,9.60,9.60,9.60,9.60,9.60,9.60,9.60,0.00,0.00,0.00,0.00,0.00,0.00,0.00,0.00,0.00
D,513,Abbott,3.8,3.8,Nott'm Forest,0.00,0.00,0.00,0.00,0.00,0.00,0.00,0.00,0.00,0.00,0.00,0.00,0.00,0.00,0.00,0.00,0.00,0.00
D,514,Boly,3.8,3.8,Nott'm Forest,0.60,0.60,0.60,0.60,0.60,0.60,0.60,0.60,0.60,0.00,0.00,0.00,0.00,0.00,0.00,0.00,0.00,0.00
M,515,Gibbs-White,7.3,7.3,Nott'm Forest,83.25,83.25,83.25,83.25,83.25,83.25,83.25,83.25,83.25,0.00,0.00,0.00,0.00,0.00,0.00,0.00,0.00,0.00
M,516,Hudson-Odoi,5.7,5.7,Nott'm Forest,74.40,74.40,74.40,74.40,74.40,74.40,74.40,74.40,74.40,0.00,0.00,0.00,0.00,0.00,0.00,0.00,0.00,0.00
M,517,Anderson,5.4,5.4,Nott'm Forest,85.50,85.50,85.50,85.50,85.50,85.50,85.50,85.50,85.50,0.39,0.39,0.39,0.39,0.39,0.39,0.39,0.39,0.39
M,519,Dominguez,5.0,5.0,Nott'm Forest,36.15,36.15,36.15,36.15,36.15,36.15,36.15,36.15,36.15,0.00,0.00,0.00,0.00,0.00,0.00,0.00,0.00,0.00
M,521,Sangaré,4.9,4.9,Nott'm Forest,82.95,82.95,82.95,82.95,82.95,82.95,82.95,82.95,82.95,0.00,0.00,0.00,0.00,0.00,0.00,0.00,0.00,0.00
M,522,Yates,4.7,4.7,Nott'm Forest,7.35,7.35,7.35,7.35,7.35,7.35,7.35,7.35,7.35,0.00,0.00,0.00,0.00,0.00,0.00,0.00,0.00,0.00
M,523,Da Silva Moreira,4.5,4.5,Nott'm Forest,0.60,0.60,0.60,0.60,0.60,0.60,0.60,0.60,0.60,0.00,0.00,0.00,0.00,0.00,0.00,0.00,0.00,0.00
F,525,Wood,7.2,7.2,Nott'm Forest,0.00,0.00,37.95,37.95,37.95,37.95,37.95,37.95,37.95,0.00,0.00,0.00,0.00,0.00,0.00,0.00,0.00,0.00
F,526,Igor Jesus,5.8,5.8,Nott'm Forest,73.80,73.80,48.00,48.00,48.00,48.00,48.00,48.00,48.00,0.00,0.00,0.00,0.00,0.00,0.00,0.00,0.00,0.00
F,527,Awoniyi,5.2,5.2,Nott'm Forest,9.45,9.45,3.75,3.75,3.75,3.75,3.75,3.75,3.75,0.00,0.00,0.00,0.00,0.00,0.00,0.00,0.00,0.00
G,529,Moore,3.9,3.9,Sunderland,0.00,0.00,0.00,0.00,0.00,0.00,0.00,0.00,0.00,0.00,0.00,0.00,0.00,0.00,0.00,0.00,0.00,0.00
D,531,Ballard,4.6,4.6,Sunderland,85.20,85.20,85.20,85.20,85.20,85.20,85.20,85.20,85.20,0.02,0.02,0.02,0.02,0.02,0.02,0.02,0.02,0.02
D,532,Hume,4.5,4.5,Sunderland,82.95,75.15,35.10,35.10,35.10,35.10,35.10,35.10,35.10,0.00,0.00,0.00,0.00,0.00,0.00,0.00,0.00,0.00
D,535,Cirkin,4.0,4.0,Sunderland,6.90,6.90,6.90,6.90,6.90,6.90,6.90,6.90,6.90,0.00,0.00,0.00,0.00,0.00,0.00,0.00,0.00,0.00
D,539,O'Nien,4.0,4.0,Sunderland,6.00,6.00,1.50,1.50,1.50,1.50,1.50,1.50,1.50,0.00,0.00,0.00,0.00,0.00,0.00,0.00,0.00,0.00
D,541,Reinildo,3.8,3.8,Sunderland,39.15,81.60,81.60,81.60,81.60,81.60,81.60,81.60,81.60,0.00,0.00,0.00,0.00,0.00,0.00,0.00,0.00,0.00
M,544,Diarra,5.3,5.3,Sunderland,67.50,67.50,63.75,63.75,63.75,63.75,63.75,63.75,63.75,0.00,0.00,0.00,0.00,0.00,0.00,0.00,0.00,0.00
M,546,Aleksić,4.9,4.9,Sunderland,0.90,0.90,0.90,0.90,0.90,0.90,0.90,0.90,0.90,0.00,0.00,0.00,0.00,0.00,0.00,0.00,0.00,0.00
M,547,E.Le Fée,5.0,5.0,Sunderland,79.80,79.80,79.80,79.80,79.80,79.80,79.80,79.80,79.80,0.04,0.03,0.03,0.03,0.03,0.03,0.03,0.03,0.03
M,548,Mundle,4.9,4.9,Sunderland,0.00,0.00,15.00,15.00,15.00,15.00,15.00,15.00,15.00,0.00,0.00,0.00,0.00,0.00,0.00,0.00,0.00,0.00
M,550,Poveda,4.8,4.8,Sunderland,0.00,0.00,0.00,0.00,0.00,0.00,0.00,0.00,0.00,0.00,0.00,0.00,0.00,0.00,0.00,0.00,0.00,0.00
M,551,Rigg,4.7,4.7,Sunderland,12.45,12.45,12.45,12.45,12.45,12.45,12.45,12.45,12.45,0.00,0.00,0.00,0.00,0.00,0.00,0.00,0.00,0.00
M,552,Sadiki,4.9,4.9,Sunderland,83.25,83.25,83.25,83.25,83.25,83.25,83.25,83.25,83.25,0.00,0.00,0.00,0.00,0.00,0.00,0.00,0.00,0.00
M,553,Talbi,4.9,4.9,Sunderland,41.10,41.10,30.90,30.90,30.90,30.90,30.90,30.90,30.90,0.00,0.00,0.00,0.00,0.00,0.00,0.00,0.00,0.00
M,554,Ba,4.3,4.3,Sunderland,0.00,0.00,0.00,0.00,0.00,0.00,0.00,0.00,0.00,0.00,0.00,0.00,0.00,0.00,0.00,0.00,0.00,0.00
M,557,H.Jones,4.3,4.3,Sunderland,0.00,0.00,0.00,0.00,0.00,0.00,0.00,0.00,0.00,0.00,0.00,0.00,0.00,0.00,0.00,0.00,0.00,0.00
F,560,Isidor,5.1,5.1,Sunderland,21.75,21.75,15.45,15.45,15.45,15.45,15.45,15.45,15.45,0.00,0.00,0.00,0.00,0.00,0.00,0.00,0.00,0.00
F,561,Mayenda,5.2,5.2,Sunderland,39.30,39.30,7.35,7.35,7.35,7.35,7.35,7.35,7.35,0.00,0.00,0.00,0.00,0.00,0.00,0.00,0.00,0.00
F,562,Abdullahi,4.2,4.2,Sunderland,0.60,0.60,0.60,0.60,0.60,0.60,0.60,0.60,0.60,0.00,0.00,0.00,0.00,0.00,0.00,0.00,0.00,0.00
G,565,Vicario,4.7,4.7,Spurs,89.10,89.10,89.10,89.10,89.10,89.10,89.10,89.10,89.10,0.00,0.00,0.00,0.00,0.00,0.00,0.00,0.00,0.00
G,566,Austin,3.9,3.9,Spurs,0.00,0.00,0.00,0.00,0.00,0.00,0.00,0.00,0.00,0.00,0.00,0.00,0.00,0.00,0.00,0.00,0.00,0.00
G,567,Kinsky,3.9,3.9,Spurs,0.90,0.90,0.90,0.90,0.90,0.90,0.90,0.90,0.90,0.00,0.00,0.00,0.00,0.00,0.00,0.00,0.00,0.00
D,568,Pedro Porro,5.1,5.1,Spurs,82.50,82.50,82.50,82.50,82.50,82.50,82.50,82.50,82.50,0.00,0.01,0.01,0.01,0.01,0.01,0.01,0.01,0.01
D,569,Romero,5.0,5.0,Spurs,86.70,86.70,86.70,86.70,86.70,86.70,86.70,86.70,86.70,0.00,0.00,0.00,0.00,0.00,0.00,0.00,0.00,0.00
D,570,Danso,4.2,4.2,Spurs,10.05,10.05,10.05,10.05,10.05,10.05,10.05,10.05,10.05,0.00,0.00,0.00,0.00,0.00,0.00,0.00,0.00,0.00
D,571,Davies,4.3,4.3,Spurs,0.00,0.00,0.00,0.00,0.00,0.00,0.00,0.00,0.00,0.00,0.00,0.00,0.00,0.00,0.00,0.00,0.00,0.00
D,572,Dragusin,4.5,4.5,Spurs,4.50,4.50,4.50,4.50,4.50,4.50,4.50,4.50,4.50,0.00,0.00,0.00,0.00,0.00,0.00,0.00,0.00,0.00
D,573,Spence,4.2,4.2,Spurs,67.50,67.50,67.50,67.50,67.50,67.50,67.50,67.50,67.50,0.00,0.00,0.00,0.00,0.00,0.00,0.00,0.00,0.00
D,574,Udogie,4.3,4.3,Spurs,33.30,33.30,33.30,33.30,33.30,33.30,33.30,33.30,33.30,0.00,0.00,0.00,0.00,0.00,0.00,0.00,0.00,0.00
D,575,Van de Ven,4.4,4.4,Spurs,86.70,86.70,86.70,86.70,86.70,86.70,86.70,86.70,86.70,0.00,0.02,0.02,0.02,0.02,0.02,0.02,0.02,0.02
M,580,Johnson,6.5,6.5,Crystal Palace,30.30,0.00,30.30,60.60,0.00,30.30,70.05,30.30,30.30,0.00,0.00,0.00,0.00,0.00,0.00,0.00,0.00,0.00
M,581,Maddison,6.8,6.8,Spurs,0.00,0.00,0.00,0.00,0.00,0.00,0.00,0.00,0.00,0.00,0.00,0.00,0.00,0.00,0.00,0.00,0.00,0.00
M,582,Kudus,6.4,6.4,Spurs,0.00,0.00,83.55,83.55,83.55,83.55,83.55,83.55,83.55,0.00,0.00,0.00,0.00,0.00,0.00,0.00,0.00,0.00
M,583,Kulusevski,6.4,6.4,Spurs,0.00,0.00,0.00,0.00,0.00,0.00,0.00,0.00,0.00,0.00,0.00,0.00,0.00,0.00,0.00,0.00,0.00,0.00
M,584,Tel,6.2,6.2,Spurs,40.20,40.20,20.85,20.85,20.85,20.85,20.85,20.85,20.85,0.00,0.00,0.00,0.00,0.00,0.00,0.00,0.00,0.00
M,585,Bentancur,5.2,5.2,Spurs,0.00,0.00,0.00,0.00,0.00,0.00,0.00,0.00,0.00,0.00,0.00,0.00,0.00,0.00,0.00,0.00,0.00,0.00
M,586,Bergvall,5.2,5.2,Spurs,0.00,0.00,41.70,41.70,41.70,41.70,41.70,41.70,41.70,0.00,0.00,0.00,0.00,0.00,0.00,0.00,0.00,0.00
M,587,Bissouma,5.2,5.2,Spurs,33.00,33.00,11.70,11.70,11.70,11.70,11.70,11.70,11.70,0.00,0.00,0.00,0.00,0.00,0.00,0.00,0.00,0.00
M,588,Odobert,5.3,5.3,Spurs,0.00,0.00,0.00,0.00,0.00,0.00,0.00,0.00,0.00,0.00,0.00,0.00,0.00,0.00,0.00,0.00,0.00,0.00
M,591,Gray,4.8,4.8,Spurs,32.55,32.55,36.30,36.30,36.30,36.30,36.30,36.30,36.30,0.00,0.00,0.00,0.00,0.00,0.00,0.00,0.00,0.00
M,593,P.M.Sarr,4.5,4.5,Spurs,61.35,61.35,43.20,43.20,43.20,43.20,43.20,43.20,43.20,0.00,0.00,0.00,0.00,0.00,0.00,0.00,0.00,0.00
M,595,Olusesi,4.3,4.3,Spurs,0.30,0.30,0.30,0.30,0.30,0.30,0.30,0.30,0.30,0.00,0.00,0.00,0.00,0.00,0.00,0.00,0.00,0.00
F,596,Solanke,7.2,7.2,Spurs,67.50,67.50,45.45,45.45,45.45,45.45,45.45,45.45,45.45,0.00,0.00,0.00,0.00,0.00,0.00,0.00,0.00,0.00
F,597,Richarlison,6.3,6.3,Spurs,52.35,52.35,43.20,43.20,43.20,43.20,43.20,43.20,43.20,0.00,0.00,0.00,0.00,0.00,0.00,0.00,0.00,0.00
G,600,Areola,4.3,4.3,West Ham,2.70,2.70,2.70,2.70,2.70,2.70,2.70,2.70,2.70,0.00,0.00,0.00,0.00,0.00,0.00,0.00,0.00,0.00
D,603,Diouf,4.0,4.0,West Ham,84.75,84.75,84.75,84.75,84.75,84.75,84.75,84.75,84.75,0.00,0.00,0.00,0.00,0.00,0.00,0.00,0.00,0.00
D,605,Kilman,4.1,4.1,West Ham,15.90,15.90,15.90,15.90,15.90,15.90,15.90,15.90,15.90,0.00,0.00,0.00,0.00,0.00,0.00,0.00,0.00,0.00
D,606,Mavropanos,4.4,4.4,West Ham,72.00,72.00,72.00,72.00,72.00,72.00,72.00,72.00,72.00,0.00,0.00,0.00,0.00,0.00,0.00,0.00,0.00,0.00
D,608,Scarles,4.3,4.3,West Ham,19.65,19.65,19.65,19.65,19.65,19.65,19.65,19.65,19.65,0.00,0.00,0.00,0.00,0.00,0.00,0.00,0.00,0.00
D,609,Todibo,4.3,4.3,West Ham,34.80,34.80,34.80,34.80,34.80,34.80,34.80,34.80,34.80,0.00,0.00,0.00,0.00,0.00,0.00,0.00,0.00,0.00
D,610,Wan-Bissaka,4.1,4.1,West Ham,86.10,86.10,86.10,86.10,86.10,86.10,86.10,86.10,86.10,0.00,0.00,0.00,0.00,0.00,0.00,0.00,0.00,0.00
M,613,Souček,5.7,5.7,West Ham,73.05,73.05,73.05,73.05,73.05,73.05,73.05,73.05,73.05,0.00,0.00,0.00,0.00,0.00,0.00,0.00,0.00,0.00
M,614,Ward-Prowse,5.6,5.6,Burnley,21.90,21.90,21.90,43.80,0.00,21.90,21.90,21.90,21.90,0.00,0.00,0.00,0.00,0.00,0.00,0.00,0.00,0.00
M,615,Summerville,5.7,5.7,West Ham,82.50,82.50,82.50,82.50,82.50,82.50,82.50,82.50,82.50,0.00,0.00,0.00,0.00,0.00,0.00,0.00,0.00,0.00
M,623,Potts,4.4,4.4,West Ham,42.00,48.75,28.50,28.50,28.50,28.50,28.50,28.50,28.50,0.00,0.00,0.00,0.00,0.00,0.00,0.00,0.00,0.00
F,624,Bowen,7.5,7.5,West Ham,87.60,87.60,87.60,87.60,87.60,87.60,87.60,87.60,87.60,0.07,0.06,0.06,0.06,0.06,0.06,0.06,0.06,0.06
G,627,Johnstone,4.4,4.4,Wolves,0.90,0.00,0.90,0.90,0.90,0.90,0.90,0.90,0.90,0.00,0.00,0.00,0.00,0.00,0.00,0.00,0.00,0.00
G,628,José Sá,4.2,4.2,Wolves,89.10,0.00,89.10,89.10,89.10,89.10,89.10,89.10,89.10,0.03,0.00,0.02,0.02,0.02,0.02,0.02,0.02,0.02
G,629,Bentley,3.9,3.9,Wolves,0.00,0.00,0.00,0.00,0.00,0.00,0.00,0.00,0.00,0.00,0.00,0.00,0.00,0.00,0.00,0.00,0.00,0.00
G,630,King,3.9,3.9,Everton,0.00,0.00,0.00,0.00,0.00,0.00,0.00,0.00,0.00,0.00,0.00,0.00,0.00,0.00,0.00,0.00,0.00,0.00
D,632,Doherty,4.4,4.4,Wolves,8.40,0.00,8.40,8.40,8.40,8.40,8.40,8.40,8.40,0.00,0.00,0.00,0.00,0.00,0.00,0.00,0.00,0.00
D,633,H.Bueno,4.3,4.3,Wolves,81.60,0.00,81.60,81.60,81.60,81.60,81.60,81.60,81.60,0.00,0.00,0.00,0.00,0.00,0.00,0.00,0.00,0.00
D,634,Mosquera,4.3,4.3,Wolves,81.60,0.00,81.60,81.60,81.60,81.60,81.60,81.60,81.60,0.00,0.00,0.00,0.00,0.00,0.00,0.00,0.00,0.00
D,635,R.Gomes,4.4,4.4,Wolves,13.65,0.00,13.65,13.65,13.65,13.65,13.65,13.65,13.65,0.00,0.00,0.00,0.00,0.00,0.00,0.00,0.00,0.00
D,636,S.Bueno,4.4,4.4,Wolves,80.10,0.00,80.10,80.10,80.10,80.10,80.10,80.10,80.10,0.00,0.00,0.00,0.00,0.00,0.00,0.00,0.00,0.00
D,637,Toti,4.2,4.2,Wolves,23.25,0.00,23.25,23.25,23.25,23.25,23.25,23.25,23.25,0.00,0.00,0.00,0.00,0.00,0.00,0.00,0.00,0.00
D,640,Pedro Lima,4.0,4.0,Wolves,1.50,0.00,1.50,1.50,1.50,1.50,1.50,1.50,1.50,0.00,0.00,0.00,0.00,0.00,0.00,0.00,0.00,0.00
M,642,Hee Chan,5.6,5.6,Wolves,72.30,0.00,72.30,72.30,72.30,72.30,72.30,72.30,72.30,0.00,0.00,0.00,0.00,0.00,0.00,0.00,0.00,0.00
M,643,André,5.2,5.2,Wolves,67.20,0.00,67.20,67.20,67.20,67.20,67.20,67.20,67.20,0.00,0.00,0.00,0.00,0.00,0.00,0.00,0.00,0.00
M,644,Bellegarde,5.1,5.1,Wolves,29.25,0.00,29.25,29.25,29.25,29.25,29.25,29.25,29.25,0.00,0.00,0.00,0.00,0.00,0.00,0.00,0.00,0.00
M,646,J.Gomes,5.3,5.3,Wolves,78.45,0.00,78.45,78.45,78.45,78.45,78.45,78.45,78.45,0.00,0.00,0.00,0.00,0.00,0.00,0.00,0.00,0.00
M,651,Edozie,4.3,4.3,Wolves,0.00,0.00,0.00,0.00,0.00,0.00,0.00,0.00,0.00,0.00,0.00,0.00,0.00,0.00,0.00,0.00,0.00,0.00
M,652,Gonzalez,4.3,4.3,Wolves,0.60,0.00,0.60,0.60,0.60,0.60,0.60,0.60,0.60,0.00,0.00,0.00,0.00,0.00,0.00,0.00,0.00,0.00
F,654,Strand Larsen,6.1,6.1,Crystal Palace,69.00,0.00,69.00,138.00,0.00,69.00,131.25,69.00,69.00,0.02,0.00,0.02,0.02,0.00,0.02,0.02,0.02,0.02
F,657,Chiwome,4.4,4.4,Wolves,0.00,0.00,0.00,0.00,0.00,0.00,0.00,0.00,0.00,0.00,0.00,0.00,0.00,0.00,0.00,0.00,0.00,0.00
F,658,Fraser,4.2,4.2,Wolves,0.30,0.00,0.30,0.30,0.30,0.30,0.30,0.30,0.30,0.00,0.00,0.00,0.00,0.00,0.00,0.00,0.00,0.00
D,659,Walker-Peters,4.2,4.2,West Ham,7.80,7.80,7.80,7.80,7.80,7.80,7.80,7.80,7.80,0.00,0.00,0.00,0.00,0.00,0.00,0.00,0.00,0.00
M,660,Stach,4.7,4.7,Leeds United,80.70,80.70,80.70,80.70,80.70,80.70,80.70,80.70,80.70,0.03,0.03,0.03,0.03,0.03,0.03,0.03,0.03,0.03
F,661,Ekitiké,9.1,9.1,Liverpool,71.25,71.25,61.35,122.70,0.00,61.35,61.35,61.35,61.35,0.31,0.36,0.36,0.36,0.00,0.36,0.36,0.36,0.36
D,662,Mosquera,5.3,5.3,Arsenal,11.55,0.00,11.55,23.10,0.00,11.55,11.55,11.55,11.55,0.00,0.00,0.00,0.00,0.00,0.00,0.00,0.00,0.00
G,664,Lecomte,3.9,3.9,Fulham,0.90,0.90,0.90,0.90,0.90,0.90,0.90,0.90,0.90,0.00,0.00,0.00,0.00,0.00,0.00,0.00,0.00,0.00
G,665,Perri,4.5,4.5,Leeds United,1.80,1.80,1.80,1.80,1.80,1.80,1.80,1.80,1.80,0.00,0.00,0.00,0.00,0.00,0.00,0.00,0.00,0.00
F,666,Gyökeres,8.8,8.8,Arsenal,66.60,0.00,66.60,133.20,0.00,66.60,66.60,66.60,66.60,0.03,0.00,0.02,0.02,0.00,0.02,0.02,0.02,0.02
D,667,Aznou,4.2,4.2,Everton,0.30,0.30,0.30,0.30,0.30,0.30,0.30,0.30,0.30,0.00,0.00,0.00,0.00,0.00,0.00,0.00,0.00,0.00
M,668,Xhaka,5.1,5.1,Sunderland,87.75,87.75,87.75,87.75,87.75,87.75,87.75,87.75,87.75,0.00,0.00,0.00,0.00,0.00,0.00,0.00,0.00,0.00
M,669,Ndoye,5.5,5.5,Nott'm Forest,13.35,13.35,13.35,13.35,13.35,13.35,13.35,13.35,13.35,0.00,0.00,0.00,0.00,0.00,0.00,0.00,0.00,0.00
G,670,Roefs,4.9,4.9,Sunderland,89.10,89.10,89.10,89.10,89.10,89.10,89.10,89.10,89.10,0.03,0.03,0.03,0.03,0.03,0.03,0.03,0.03,0.03
F,671,Wilson,5.8,5.8,West Ham,28.95,28.95,18.75,18.75,18.75,18.75,18.75,18.75,18.75,0.00,0.00,0.00,0.00,0.00,0.00,0.00,0.00,0.00
D,672,Hato,4.6,4.6,Chelsea,10.50,10.50,10.50,21.00,0.00,10.50,10.50,10.50,10.50,0.00,0.00,0.00,0.00,0.00,0.00,0.00,0.00,0.00
M,673,J.Palhinha,5.5,5.5,Spurs,72.60,72.60,63.60,63.60,63.60,63.60,63.60,63.60,63.60,0.00,0.00,0.00,0.00,0.00,0.00,0.00,0.00,0.00
G,674,Ramsdale,4.8,4.8,Newcastle,0.90,0.90,0.90,1.80,0.00,0.90,0.90,0.90,0.90,0.00,0.00,0.00,0.00,0.00,0.00,0.00,0.00,0.00
G,675,Gunn,4.0,4.0,Nott'm Forest,0.00,0.00,0.00,0.00,0.00,0.00,0.00,0.00,0.00,0.00,0.00,0.00,0.00,0.00,0.00,0.00,0.00,0.00
M,676,Ugochukwu,5.0,5.0,Burnley,80.40,80.40,80.40,160.80,0.00,80.40,80.40,80.40,80.40,0.00,0.00,0.00,0.00,0.00,0.00,0.00,0.00,0.00
M,677,Guessand,6.2,6.2,Crystal Palace,34.20,0.00,34.20,68.40,0.00,34.20,58.65,34.20,34.20,0.00,0.00,0.00,0.00,0.00,0.00,0.00,0.00,0.00
G,679,Hermansen,4.2,4.2,West Ham,87.30,87.30,87.30,87.30,87.30,87.30,87.30,87.30,87.30,0.00,0.00,0.00,0.00,0.00,0.00,0.00,0.00,0.00
F,680,Broja,5.2,5.2,Burnley,25.20,25.20,25.20,50.40,0.00,25.20,25.20,25.20,25.20,0.00,0.00,0.00,0.00,0.00,0.00,0.00,0.00,0.00
F,681,Šeško,7.3,7.3,Man Utd,69.90,69.90,24.90,24.90,24.90,24.90,24.90,24.90,24.90,0.00,0.00,0.00,0.00,0.00,0.00,0.00,0.00,0.00
D,682,Møller Wolfe,4.2,4.2,Wolves,5.10,0.00,5.10,5.10,5.10,5.10,5.10,5.10,5.10,0.00,0.00,0.00,0.00,0.00,0.00,0.00,0.00,0.00
D,683,Alderete,4.1,4.1,Sunderland,85.20,85.20,85.20,85.20,85.20,85.20,85.20,85.20,85.20,0.02,0.08,0.08,0.08,0.08,0.08,0.08,0.08,0.08
D,684,Thiaw,5.0,5.0,Newcastle,84.75,84.75,84.75,169.50,0.00,84.75,84.75,84.75,84.75,0.02,0.06,0.06,0.06,0.00,0.06,0.06,0.06,0.06
D,685,Diakité,4.2,4.2,Bournemouth,7.35,7.35,7.35,7.35,7.35,7.35,7.35,7.35,7.35,0.00,0.00,0.00,0.00,0.00,0.00,0.00,0.00,0.00
M,686,Ngumoha,4.3,4.3,Liverpool,5.85,5.85,5.85,11.70,0.00,5.85,5.85,5.85,5.85,0.00,0.00,0.00,0.00,0.00,0.00,0.00,0.00,0.00
M,687,Rees-Dottin,4.3,4.3,Bournemouth,0.00,0.00,0.00,0.00,0.00,0.00,0.00,0.00,0.00,0.00,0.00,0.00,0.00,0.00,0.00,0.00,0.00,0.00
G,688,Wright,3.9,3.9,Aston Villa,0.00,0.00,0.00,0.00,0.00,0.00,0.00,0.00,0.00,0.00,0.00,0.00,0.00,0.00,0.00,0.00,0.00,0.00
M,689,Seung soo,4.3,4.3,Newcastle,0.30,0.30,0.30,0.60,0.00,0.30,0.30,0.30,0.30,0.00,0.00,0.00,0.00,0.00,0.00,0.00,0.00,0.00
M,690,Cardines,4.4,4.4,Crystal Palace,1.20,0.00,1.20,2.40,0.00,1.20,2.40,1.20,1.20,0.00,0.00,0.00,0.00,0.00,0.00,0.00,0.00,0.00
F,691,Calvert-Lewin,5.7,5.7,Leeds United,81.90,81.90,81.90,81.90,81.90,81.90,81.90,81.90,81.90,0.07,0.06,0.06,0.06,0.06,0.06,0.06,0.06,0.06
D,692,Leoni,4.9,4.9,Liverpool,0.00,0.00,0.00,0.00,0.00,0.00,0.00,0.00,0.00,0.00,0.00,0.00,0.00,0.00,0.00,0.00,0.00,0.00
M,693,Hutchinson,5.4,5.4,Nott'm Forest,61.35,61.35,61.35,61.35,61.35,61.35,61.35,61.35,61.35,0.00,0.00,0.00,0.00,0.00,0.00,0.00,0.00,0.00
D,694,Mukiele,4.5,4.5,Sunderland,40.20,40.20,86.70,86.70,86.70,86.70,86.70,86.70,86.70,0.00,0.00,0.00,0.00,0.00,0.00,0.00,0.00,0.00
D,695,Tchatchoua,4.4,4.4,Wolves,67.80,0.00,67.80,67.80,67.80,67.80,67.80,67.80,67.80,0.00,0.00,0.00,0.00,0.00,0.00,0.00,0.00,0.00
M,697,Adli,5.4,5.4,Bournemouth,49.20,49.20,32.25,32.25,32.25,32.25,32.25,32.25,32.25,0.00,0.00,0.00,0.00,0.00,0.00,0.00,0.00,0.00
M,698,Okafor,5.5,5.5,Leeds United,36.90,36.90,36.90,36.90,36.90,36.90,36.90,36.90,36.90,0.00,0.00,0.00,0.00,0.00,0.00,0.00,0.00,0.00
M,699,Douglas Luiz,4.9,4.9,Aston Villa,82.95,82.95,67.80,67.80,67.80,67.80,67.80,67.80,67.80,0.00,0.00,0.00,0.00,0.00,0.00,0.00,0.00,0.00
M,700,Dowman,4.2,4.2,Arsenal,1.80,0.00,1.80,3.60,0.00,1.80,1.80,1.80,1.80,0.00,0.00,0.00,0.00,0.00,0.00,0.00,0.00,0.00
M,702,Burrowes,4.4,4.4,Aston Villa,0.90,0.90,0.90,0.90,0.90,0.90,0.90,0.90,0.90,0.00,0.00,0.00,0.00,0.00,0.00,0.00,0.00,0.00
G,703,Proctor,3.9,3.9,Aston Villa,0.00,0.00,0.00,0.00,0.00,0.00,0.00,0.00,0.00,0.00,0.00,0.00,0.00,0.00,0.00,0.00,0.00,0.00
D,706,Justin,3.9,3.9,Leeds United,72.60,72.60,72.60,72.60,72.60,72.60,72.60,72.60,72.60,0.00,0.00,0.00,0.00,0.00,0.00,0.00,0.00,0.00
M,707,Dibling,5.3,5.3,Everton,12.45,18.75,12.45,12.45,12.45,12.45,12.45,12.45,12.45,0.00,0.00,0.00,0.00,0.00,0.00,0.00,0.00,0.00
M,708,M.Fernandes,5.5,5.5,West Ham,84.00,84.00,84.00,84.00,84.00,84.00,84.00,84.00,84.00,0.00,0.00,0.00,0.00,0.00,0.00,0.00,0.00,0.00
D,709,Krejčí,4.5,4.5,Wolves,86.10,0.00,86.10,86.10,86.10,86.10,86.10,86.10,86.10,0.00,0.00,0.00,0.00,0.00,0.00,0.00,0.00,0.00
D,710,Patterson,3.9,3.9,Aston Villa,0.30,0.30,0.30,0.30,0.30,0.30,0.30,0.30,0.30,0.00,0.00,0.00,0.00,0.00,0.00,0.00,0.00,0.00
M,711,Harriman-Annous,4.4,4.4,Arsenal,0.30,0.00,0.30,0.60,0.00,0.30,0.30,0.30,0.30,0.00,0.00,0.00,0.00,0.00,0.00,0.00,0.00,0.00
M,712,Yeremy,5.8,5.8,Crystal Palace,40.20,0.00,40.20,80.40,0.00,40.20,83.70,40.20,40.20,0.00,0.00,0.00,0.00,0.00,0.00,0.00,0.00,0.00
D,713,A.Jimenez,4.5,4.5,Bournemouth,81.15,81.15,81.15,81.15,81.15,81.15,81.15,81.15,81.15,0.00,0.00,0.00,0.00,0.00,0.00,0.00,0.00,0.00
F,714,Woltemade,6.8,6.8,Newcastle,61.20,61.20,40.95,81.90,0.00,40.95,40.95,40.95,40.95,0.00,0.00,0.00,0.00,0.00,0.00,0.00,0.00,0.00
G,715,John,4.0,4.0,Nott'm Forest,0.30,0.30,0.30,0.30,0.30,0.30,0.30,0.30,0.30,0.00,0.00,0.00,0.00,0.00,0.00,0.00,0.00,0.00
D,716,Savona,4.5,4.5,Nott'm Forest,8.40,8.40,8.40,8.40,8.40,8.40,8.40,8.40,8.40,0.00,0.00,0.00,0.00,0.00,0.00,0.00,0.00,0.00
M,717,Xavi,6.5,6.5,Spurs,74.70,74.70,65.40,65.40,65.40,65.40,65.40,65.40,65.40,0.00,0.00,0.00,0.00,0.00,0.00,0.00,0.00,0.00
M,718,S.Magassa,5.0,5.0,West Ham,39.60,32.70,32.70,32.70,32.70,32.70,32.70,32.70,32.70,0.00,0.00,0.00,0.00,0.00,0.00,0.00,0.00,0.00
D,719,Lindelöf,4.5,4.5,Aston Villa,12.15,12.15,12.15,12.15,12.15,12.15,12.15,12.15,12.15,0.00,0.00,0.00,0.00,0.00,0.00,0.00,0.00,0.00
F,720,Tolu,5.4,5.4,Wolves,69.60,0.00,69.60,69.60,69.60,69.60,69.60,69.60,69.60,0.00,0.00,0.00,0.00,0.00,0.00,0.00,0.00,0.00
D,721,Milosavljević,4.4,4.4,Bournemouth,7.05,7.05,7.05,7.05,7.05,7.05,7.05,7.05,7.05,0.00,0.00,0.00,0.00,0.00,0.00,0.00,0.00,0.00
M,722,Florentino,5.0,5.0,Burnley,29.25,29.25,29.25,58.50,0.00,29.25,29.25,29.25,29.25,0.00,0.00,0.00,0.00,0.00,0.00,0.00,0.00,0.00
D,723,Canvot,4.5,4.5,Crystal Palace,11.10,0.00,11.10,22.20,0.00,11.10,22.20,11.10,11.10,0.00,0.00,0.00,0.00,0.00,0.00,0.00,0.00,0.00
D,724,Geertruida,4.5,4.5,Sunderland,71.40,36.15,12.75,12.75,12.75,12.75,12.75,12.75,12.75,0.00,0.00,0.00,0.00,0.00,0.00,0.00,0.00,0.00
D,725,Hincapie,5.1,5.1,Arsenal,73.95,0.00,73.95,147.90,0.00,73.95,73.95,73.95,73.95,0.00,0.00,0.00,0.00,0.00,0.00,0.00,0.00,0.00
F,726,Kolo Muani,6.9,6.9,Spurs,58.05,58.05,43.95,43.95,43.95,43.95,43.95,43.95,43.95,0.00,0.00,0.00,0.00,0.00,0.00,0.00,0.00,0.00
M,727,Chukwueze,5.3,5.3,Fulham,65.55,65.55,59.85,59.85,59.85,59.85,59.85,59.85,59.85,0.00,0.00,0.00,0.00,0.00,0.00,0.00,0.00,0.00
M,728,Röhl,5.0,5.0,Everton,15.45,15.45,15.45,15.45,15.45,15.45,15.45,15.45,15.45,0.00,0.00,0.00,0.00,0.00,0.00,0.00,0.00,0.00
F,730,Brobbey,5.4,5.4,Sunderland,38.40,38.40,79.35,79.35,79.35,79.35,79.35,79.35,79.35,0.00,0.00,0.00,0.00,0.00,0.00,0.00,0.00,0.00
M,731,Kevin,5.8,5.8,Fulham,0.00,0.00,33.15,33.15,33.15,33.15,33.15,33.15,33.15,0.00,0.00,0.00,0.00,0.00,0.00,0.00,0.00,0.00
F,732,Uche,5.5,5.5,Crystal Palace,5.70,0.00,5.70,11.40,0.00,5.70,11.40,5.70,5.70,0.00,0.00,0.00,0.00,0.00,0.00,0.00,0.00,0.00
G,733,Lammens,5.0,5.0,Man Utd,89.10,89.10,89.10,89.10,89.10,89.10,89.10,89.10,89.10,0.01,0.00,0.00,0.00,0.00,0.00,0.00,0.00,0.00
M,734,Bakwa,5.9,5.9,Nott'm Forest,13.35,13.35,13.35,13.35,13.35,13.35,13.35,13.35,13.35,0.00,0.00,0.00,0.00,0.00,0.00,0.00,0.00,0.00
M,735,Traoré,5.5,5.5,Sunderland,13.95,13.95,13.95,13.95,13.95,13.95,13.95,13.95,13.95,0.00,0.00,0.00,0.00,0.00,0.00,0.00,0.00,0.00
G,736,Donnarumma,5.6,5.6,Man City,89.10,0.00,89.10,178.20,0.00,89.10,178.20,89.10,89.10,0.01,0.00,0.01,0.01,0.00,0.01,0.01,0.01,0.01
F,737,Kusi-Asare,4.5,4.5,Fulham,3.00,3.00,3.00,3.00,3.00,3.00,3.00,3.00,3.00,0.00,0.00,0.00,0.00,0.00,0.00,0.00,0.00,0.00
G,738,Fabianski,4.5,4.5,West Ham,0.00,0.00,0.00,0.00,0.00,0.00,0.00,0.00,0.00,0.00,0.00,0.00,0.00,0.00,0.00,0.00,0.00,0.00
M,742,McAidoo,4.5,4.5,Man City,0.30,0.00,0.30,0.60,0.00,0.30,0.60,0.30,0.30,0.00,0.00,0.00,0.00,0.00,0.00,0.00,0.00,0.00
M,743,Emenalo,4.5,4.5,Chelsea,0.00,0.00,0.00,0.00,0.00,0.00,0.00,0.00,0.00,0.00,0.00,0.00,0.00,0.00,0.00,0.00,0.00,0.00
M,744,Oriola,4.5,4.5,Brighton,0.00,0.00,0.00,0.00,0.00,0.00,0.00,0.00,0.00,0.00,0.00,0.00,0.00,0.00,0.00,0.00,0.00,0.00
D,745,Byfield,4.0,4.0,Spurs,0.00,0.00,0.00,0.00,0.00,0.00,0.00,0.00,0.00,0.00,0.00,0.00,0.00,0.00,0.00,0.00,0.00,0.00
M,746,Morrison,4.5,4.5,Liverpool,0.00,0.00,0.00,0.00,0.00,0.00,0.00,0.00,0.00,0.00,0.00,0.00,0.00,0.00,0.00,0.00,0.00,0.00
D,747,Mayers,4.0,4.0,West Ham,1.50,1.50,1.50,1.50,1.50,1.50,1.50,1.50,1.50,0.00,0.00,0.00,0.00,0.00,0.00,0.00,0.00,0.00
M,748,Dasilva,4.9,4.9,Brentford,0.00,0.00,0.00,0.00,0.00,0.00,0.00,0.00,0.00,0.00,0.00,0.00,0.00,0.00,0.00,0.00,0.00,0.00
F,749,Mané,4.5,4.5,Wolves,82.65,0.00,82.65,82.65,82.65,82.65,82.65,82.65,82.65,0.00,0.00,0.00,0.00,0.00,0.00,0.00,0.00,0.00
D,750,Rowswell,4.0,4.0,Spurs,0.00,0.00,0.00,0.00,0.00,0.00,0.00,0.00,0.00,0.00,0.00,0.00,0.00,0.00,0.00,0.00,0.00,0.00
D,752,Golambeckis,4.0,4.0,West Ham,0.00,0.00,0.00,0.00,0.00,0.00,0.00,0.00,0.00,0.00,0.00,0.00,0.00,0.00,0.00,0.00,0.00,0.00
G,753,Ruddy,4.0,4.0,Newcastle,0.00,0.00,0.00,0.00,0.00,0.00,0.00,0.00,0.00,0.00,0.00,0.00,0.00,0.00,0.00,0.00,0.00,0.00
M,754,George Hemmings,4.5,4.5,Aston Villa,1.50,1.50,1.50,1.50,1.50,1.50,1.50,1.50,1.50,0.00,0.00,0.00,0.00,0.00,0.00,0.00,0.00,0.00
M,755,Lacey,4.5,4.5,Man Utd,1.50,1.50,1.50,1.50,1.50,1.50,1.50,1.50,1.50,0.00,0.00,0.00,0.00,0.00,0.00,0.00,0.00,0.00
M,756,DaCosta,4.5,4.5,Bournemouth,0.30,0.30,0.30,0.30,0.30,0.30,0.30,0.30,0.30,0.00,0.00,0.00,0.00,0.00,0.00,0.00,0.00,0.00
G,757,Hollingshead,4.0,4.0,Aston Villa,0.00,0.00,0.00,0.00,0.00,0.00,0.00,0.00,0.00,0.00,0.00,0.00,0.00,0.00,0.00,0.00,0.00,0.00
M,758,Mohamadou Kanté,4.5,4.5,West Ham,0.00,0.00,0.00,0.00,0.00,0.00,0.00,0.00,0.00,0.00,0.00,0.00,0.00,0.00,0.00,0.00,0.00,0.00
D,759,Salmon,4.0,4.0,Arsenal,0.00,0.00,0.00,0.00,0.00,0.00,0.00,0.00,0.00,0.00,0.00,0.00,0.00,0.00,0.00,0.00,0.00,0.00
D,760,Lucky,4.0,4.0,Liverpool,0.30,0.30,0.30,0.60,0.00,0.30,0.30,0.30,0.30,0.00,0.00,0.00,0.00,0.00,0.00,0.00,0.00,0.00
D,761,Simmonds,4.0,4.0,Brighton,0.30,0.30,0.30,0.60,0.00,0.30,0.30,0.30,0.30,0.00,0.00,0.00,0.00,0.00,0.00,0.00,0.00,0.00
M,762,Drakes-Thomas,4.5,4.5,Crystal Palace,1.20,0.00,1.20,2.40,0.00,1.20,2.40,1.20,1.20,0.00,0.00,0.00,0.00,0.00,0.00,0.00,0.00,0.00
M,763,Gray,4.5,4.5,Man City,0.30,0.00,0.30,0.60,0.00,0.30,0.60,0.30,0.30,0.00,0.00,0.00,0.00,0.00,0.00,0.00,0.00,0.00
M,764,Heskey,4.5,4.5,Man City,0.30,0.00,0.30,0.60,0.00,0.30,0.60,0.30,0.30,0.00,0.00,0.00,0.00,0.00,0.00,0.00,0.00,0.00
D,765,Shahar,4.0,4.0,Newcastle,0.00,0.00,0.00,0.00,0.00,0.00,0.00,0.00,0.00,0.00,0.00,0.00,0.00,0.00,0.00,0.00,0.00,0.00
D,766,Olagunju,4.0,4.0,Wolves,0.30,0.00,0.30,0.30,0.30,0.30,0.30,0.30,0.30,0.00,0.00,0.00,0.00,0.00,0.00,0.00,0.00,0.00
M,767,Rawlings,4.5,4.5,Wolves,0.00,0.00,0.00,0.00,0.00,0.00,0.00,0.00,0.00,0.00,0.00,0.00,0.00,0.00,0.00,0.00,0.00,0.00
D,768,Leon Routh,4.0,4.0,Aston Villa,0.30,0.30,0.30,0.30,0.30,0.30,0.30,0.30,0.30,0.00,0.00,0.00,0.00,0.00,0.00,0.00,0.00,0.00
M,769,Bendito Mantato,4.5,4.5,Man Utd,0.00,0.00,0.00,0.00,0.00,0.00,0.00,0.00,0.00,0.00,0.00,0.00,0.00,0.00,0.00,0.00,0.00,0.00
M,770,Ridgeon,4.5,4.5,Fulham,0.30,0.30,0.30,0.30,0.30,0.30,0.30,0.30,0.30,0.00,0.00,0.00,0.00,0.00,0.00,0.00,0.00,0.00
M,771,Fletcher,4.4,4.4,Man Utd,0.30,0.30,0.30,0.30,0.30,0.30,0.30,0.30,0.30,0.00,0.00,0.00,0.00,0.00,0.00,0.00,0.00,0.00
M,772,Alabi,4.5,4.5,Newcastle,0.00,0.00,0.00,0.00,0.00,0.00,0.00,0.00,0.00,0.00,0.00,0.00,0.00,0.00,0.00,0.00,0.00,0.00
D,773,Benamar,4.0,4.0,Crystal Palace,0.00,0.00,0.00,0.00,0.00,0.00,0.00,0.00,0.00,0.00,0.00,0.00,0.00,0.00,0.00,0.00,0.00,0.00
D,774,Jenson Jones,4.0,4.0,Sunderland,0.00,0.00,0.00,0.00,0.00,0.00,0.00,0.00,0.00,0.00,0.00,0.00,0.00,0.00,0.00,0.00,0.00,0.00
M,776,Pimlott,4.5,4.5,Burnley,0.00,0.00,0.00,0.00,0.00,0.00,0.00,0.00,0.00,0.00,0.00,0.00,0.00,0.00,0.00,0.00,0.00,0.00
M,778,Sutherland,4.5,4.5,Wolves,0.00,0.00,0.00,0.00,0.00,0.00,0.00,0.00,0.00,0.00,0.00,0.00,0.00,0.00,0.00,0.00,0.00,0.00
F,779,Graham,4.5,4.5,Everton,0.00,0.00,0.00,0.00,0.00,0.00,0.00,0.00,0.00,0.00,0.00,0.00,0.00,0.00,0.00,0.00,0.00,0.00
F,780,Casey,4.5,4.5,Crystal Palace,0.30,0.00,0.30,0.60,0.00,0.30,0.60,0.30,0.30,0.00,0.00,0.00,0.00,0.00,0.00,0.00,0.00,0.00
D,781,Carroll,4.0,4.0,Aston Villa,0.30,0.30,0.30,0.30,0.30,0.30,0.30,0.30,0.30,0.00,0.00,0.00,0.00,0.00,0.00,0.00,0.00,0.00
G,782,Forster,4.0,4.0,Bournemouth,0.00,0.00,0.00,0.00,0.00,0.00,0.00,0.00,0.00,0.00,0.00,0.00,0.00,0.00,0.00,0.00,0.00,0.00
M,783,Groß,5.5,5.5,Brighton,85.35,85.35,85.35,170.70,0.00,85.35,85.35,85.35,85.35,0.00,0.00,0.00,0.00,0.00,0.00,0.00,0.00,0.00
M,784,Brierley,4.5,4.5,Burnley,0.00,0.00,0.00,0.00,0.00,0.00,0.00,0.00,0.00,0.00,0.00,0.00,0.00,0.00,0.00,0.00,0.00,0.00
F,785,Pablo,5.4,5.4,West Ham,14.10,14.10,44.55,44.55,44.55,44.55,44.55,44.55,44.55,0.00,0.00,0.00,0.00,0.00,0.00,0.00,0.00,0.00
G,786,McNally,4.0,4.0,Fulham,0.00,0.00,0.00,0.00,0.00,0.00,0.00,0.00,0.00,0.00,0.00,0.00,0.00,0.00,0.00,0.00,0.00,0.00
M,787,Chambers,4.4,4.4,Leeds United,0.00,0.00,0.00,0.00,0.00,0.00,0.00,0.00,0.00,0.00,0.00,0.00,0.00,0.00,0.00,0.00,0.00,0.00
D,788,Kukonki,4.0,4.0,Man Utd,0.00,0.00,0.00,0.00,0.00,0.00,0.00,0.00,0.00,0.00,0.00,0.00,0.00,0.00,0.00,0.00,0.00,0.00
G,789,Merrick,4.0,4.0,Chelsea,0.00,0.00,0.00,0.00,0.00,0.00,0.00,0.00,0.00,0.00,0.00,0.00,0.00,0.00,0.00,0.00,0.00,0.00
M,790,Williams-Barnett,4.5,4.5,Spurs,0.00,0.00,0.00,0.00,0.00,0.00,0.00,0.00,0.00,0.00,0.00,0.00,0.00,0.00,0.00,0.00,0.00,0.00
F,791,Taty,5.5,5.5,West Ham,80.40,80.40,80.40,80.40,80.40,80.40,80.40,80.40,80.40,0.00,0.00,0.00,0.00,0.00,0.00,0.00,0.00,0.00
M,792,Alysson,5.0,5.0,Aston Villa,12.45,12.45,12.45,12.45,12.45,12.45,12.45,12.45,12.45,0.00,0.00,0.00,0.00,0.00,0.00,0.00,0.00,0.00
D,793,King,4.0,4.0,Crystal Palace,0.00,0.00,0.00,0.00,0.00,0.00,0.00,0.00,0.00,0.00,0.00,0.00,0.00,0.00,0.00,0.00,0.00,0.00
D,794,Alleyne,4.0,4.0,Man City,0.00,0.00,0.00,0.00,0.00,0.00,6.90,0.00,0.00,0.00,0.00,0.00,0.00,0.00,0.00,0.00,0.00,0.00
M,795,Howell,4.5,4.5,Brighton,3.75,3.75,3.75,7.50,0.00,3.75,3.75,3.75,3.75,0.00,0.00,0.00,0.00,0.00,0.00,0.00,0.00,0.00
M,796,Gallagher,5.3,5.3,Spurs,83.25,83.25,74.85,74.85,74.85,74.85,74.85,74.85,74.85,0.00,0.00,0.00,0.00,0.00,0.00,0.00,0.00,0.00
F,797,Furo,4.5,4.5,Brentford,1.50,1.50,1.50,1.50,1.50,1.50,1.50,1.50,1.50,0.00,0.00,0.00,0.00,0.00,0.00,0.00,0.00,0.00
M,799,Stevens,4.5,4.5,Bournemouth,0.30,0.30,0.30,0.30,0.30,0.30,0.30,0.30,0.30,0.00,0.00,0.00,0.00,0.00,0.00,0.00,0.00,0.00
M,800,Jocelin.T,5.0,5.0,Sunderland,0.00,0.00,30.60,30.60,30.60,30.60,30.60,30.60,30.60,0.00,0.00,0.00,0.00,0.00,0.00,0.00,0.00,0.00
M,801,Tóth.A,5.0,5.0,Bournemouth,25.05,25.05,21.75,21.75,21.75,21.75,21.75,21.75,21.75,0.00,0.00,0.00,0.00,0.00,0.00,0.00,0.00,0.00
M,802,Lamadrid,5.0,5.0,West Ham,1.50,1.50,1.50,1.50,1.50,1.50,1.50,1.50,1.50,0.00,0.00,0.00,0.00,0.00,0.00,0.00,0.00,0.00
G,803,Sharman-Lowe,4.0,4.0,Chelsea,0.90,0.90,0.90,1.80,0.00,0.90,0.90,0.90,0.90,0.00,0.00,0.00,0.00,0.00,0.00,0.00,0.00,0.00
D,804,Souza,4.0,4.0,Spurs,1.50,1.50,1.50,1.50,1.50,1.50,1.50,1.50,1.50,0.00,0.00,0.00,0.00,0.00,0.00,0.00,0.00,0.00
F,805,Lucca,5.5,5.5,Nott'm Forest,28.05,28.05,24.30,24.30,24.30,24.30,24.30,24.30,24.30,0.00,0.00,0.00,0.00,0.00,0.00,0.00,0.00,0.00
G,806,Mandas,4.0,4.0,Bournemouth,0.90,0.90,0.90,0.90,0.90,0.90,0.90,0.90,0.90,0.00,0.00,0.00,0.00,0.00,0.00,0.00,0.00,0.00
M,807,Rayan,5.6,5.6,Bournemouth,67.50,67.50,52.65,52.65,52.65,52.65,52.65,52.65,52.65,0.02,0.02,0.02,0.02,0.02,0.02,0.02,0.02,0.02
F,808,Abraham,6.0,6.0,Aston Villa,25.50,25.50,25.50,25.50,25.50,25.50,25.50,25.50,25.50,0.00,0.00,0.00,0.00,0.00,0.00,0.00,0.00,0.00
M,809,Abbey,4.5,4.5,Wolves,0.00,0.00,0.00,0.00,0.00,0.00,0.00,0.00,0.00,0.00,0.00,0.00,0.00,0.00,0.00,0.00,0.00,0.00
M,810,Bentt,4.5,4.5,Brentford,0.00,0.00,0.00,0.00,0.00,0.00,0.00,0.00,0.00,0.00,0.00,0.00,0.00,0.00,0.00,0.00,0.00,0.00
M,811,Kyerematen,4.5,4.5,Spurs,0.30,0.30,0.30,0.30,0.30,0.30,0.30,0.30,0.30,0.00,0.00,0.00,0.00,0.00,0.00,0.00,0.00,0.00
G,812,Ellborg,4.0,4.0,Sunderland,0.90,0.90,0.90,0.90,0.90,0.90,0.90,0.90,0.90,0.00,0.00,0.00,0.00,0.00,0.00,0.00,0.00,0.00
M,813,Angulo,5.0,5.0,Sunderland,39.15,39.15,28.05,28.05,28.05,28.05,28.05,28.05,28.05,0.00,0.00,0.00,0.00,0.00,0.00,0.00,0.00,0.00
D,814,Netz,4.5,4.5,Nott'm Forest,9.45,9.45,9.45,9.45,9.45,9.45,9.45,9.45,9.45,0.00,0.00,0.00,0.00,0.00,0.00,0.00,0.00,0.00
D,815,Disasi,4.5,4.5,West Ham,70.20,70.20,70.20,70.20,70.20,70.20,70.20,70.20,70.20,0.00,0.00,0.00,0.00,0.00,0.00,0.00,0.00,0.00
M,816,Angel,4.8,4.8,Wolves,62.70,0.00,62.70,62.70,62.70,62.70,62.70,62.70,62.70,0.00,0.00,0.00,0.00,0.00,0.00,0.00,0.00,0.00
F,817,Armstrong,5.3,5.3,Wolves,33.60,0.00,33.60,33.60,33.60,33.60,33.60,33.60,33.60,0.00,0.00,0.00,0.00,0.00,0.00,0.00,0.00,0.00
F,818,Wilson,4.5,4.5,Spurs,0.90,0.90,0.90,0.90,0.90,0.90,0.90,0.90,0.90,0.00,0.00,0.00,0.00,0.00,0.00,0.00,0.00,0.00
D,819,Shield,4.0,4.0,Brentford,0.90,0.90,0.90,0.90,0.90,0.90,0.90,0.90,0.90,0.00,0.00,0.00,0.00,0.00,0.00,0.00,0.00,0.00
M,820,McMahon-Brown,4.5,4.5,Burnley,0.00,0.00,0.00,0.00,0.00,0.00,0.00,0.00,0.00,0.00,0.00,0.00,0.00,0.00,0.00,0.00,0.00,0.00