id,player_name,games,time,goals,xG,assists,xA,shots,key_passes,yellow_cards,red_cards,position,team_title,npg,npxG,xGChain,xGBuildup,season,league
7006,Lautaro Martínez,28,2073,17,16.091520730406046,6,6.291475351899862,88,37,3,0,F S,Inter,17,16.091520730406046,26.451472714543343,9.515139076858759,2025,Serie_A
5992,Marcus Thuram,29,1933,13,11.89548808708787,6,4.468800758942962,74,29,2,0,F S,Inter,13,11.89548808708787,16.43578341603279,4.1567751057446,2025,Serie_A
9749,Donyell Malen,16,1327,13,13.152891486883163,2,1.4864572249352932,65,7,1,0,F,Roma,10,10.868994995951653,13.679793395102024,3.2448225058615208,2025,Serie_A
12030,Tasos Douvikas,36,2107,13,13.25727728754282,1,2.2151424270123243,57,23,0,0,F S,Como,12,12.495978452265263,16.06986049748957,3.1427452797070146,2025,Serie_A
11541,Nico Paz,35,2905,12,8.902074420824647,6,7.0327591598033905,121,51,5,0,F M S,Como,12,7.379476809874177,19.75359764881432,8.872835339978337,2025,Serie_A
1102,Giovanni Simeone,30,2093,11,10.38751165382564,0,1.7648448953405023,73,19,1,0,F S,Torino,11,10.38751165382564,13.163656422868371,1.50459766946733,2025,Serie_A
11055,Rasmus Højlund,31,2604,11,12.137287868186831,4,2.6902114618569613,56,30,1,0,F S,Napoli,10,11.37598897330463,17.761217433959246,4.611839467659593,2025,Serie_A
1053,Keinan Davis,28,1951,10,9.738968633115292,4,4.2119061052799225,47,28,6,0,F S,Udinese,6,6.6937733963131905,13.180311657488346,5.099392518401146,2025,Serie_A
6253,Gianluca Scamacca,23,1309,10,8.868786808103323,1,1.3566320519894361,57,17,2,0,F S,Atalanta,8,7.346189212054014,10.201008120551705,3.7025652900338173,2025,Serie_A
11942,Kenan Yildiz,35,2787,10,8.484553346410394,6,10.60827811062336,93,73,2,0,F M S,Juventus,9,6.961955646052957,22.047337476164103,9.87735750246793,2025,Serie_A
12008,Nikola Krstovic,32,1691,10,15.236215494573116,5,3.1788151804357767,96,22,4,0,F S,Atalanta,10,15.236215494573116,19.011710561811924,3.022469986230135,2025,Serie_A
189,Hakan Calhanoglu,22,1674,9,5.1476946249604225,4,3.476379970088601,50,40,7,0,M S,Inter,5,1.341200515627861,10.343171261250973,8.637412548065186,2025,Serie_A
2019,Federico Bonazzoli,33,2419,9,8.140529796015471,1,1.532783793285489,72,13,3,0,F S,Cremonese,7,6.617932140361518,10.11890109675005,3.8039290523156524,2025,Serie_A
5560,Scott McTominay,31,2618,9,11.476765770465136,3,1.9460846446454525,96,21,1,0,M S,Napoli,9,10.715466994792223,13.898858822882175,7.4683783911168575,2025,Serie_A
6160,Riccardo Orsolini,34,2126,9,10.407312579452991,1,1.7088488563895226,80,26,2,0,F M S,Bologna,5,5.839519672095776,12.784117942675948,6.704501977190375,2025,Serie_A
7193,Rafael Leão,28,1853,9,9.601861637085676,3,4.441350533626974,63,20,5,0,F S,AC Milan,7,8.079263962805271,15.123062320053577,4.761724699288607,2025,Serie_A
1304,Moise Kean,26,2042,8,15.379306508228183,1,0.06300319917500019,98,3,4,0,F S,Fiorentina,6,13.856708897277713,11.769600430503488,0.8457555938512087,2025,Serie_A
1612,Domenico Berardi,24,1831,8,6.697581739164889,4,4.663385212421417,37,32,2,1,F M S,Sassuolo,6,4.4136852780357,12.002097360789776,6.193084441125393,2025,Serie_A
2662,Christian Pulisic,28,1555,8,8.965947598218918,3,4.979717111214995,50,37,0,0,F S,AC Milan,8,8.204648777842522,15.165387021377683,5.787794049829245,2025,Serie_A
4895,Andrea Pinamonti,34,2495,8,10.591643569990993,3,1.7828310579061508,70,17,2,1,F S,Sassuolo,8,9.83034479431808,11.17787230014801,2.1364129073917866,2025,Serie_A
6276,Nikola Vlasic,35,2899,8,7.340621327981353,3,4.041553039103746,46,50,7,0,F M S,Torino,3,3.534127190709114,13.985991213470697,8.337945420295,2025,Serie_A
13446,Mateo Pellegrino,35,2832,8,9.378846493549645,1,2.0018010353669524,70,20,5,0,F S,Parma Calcio 1913,7,8.617547658272088,10.606702453456819,2.1835708590224385,2025,Serie_A
8478,Lorenzo Colombo,36,2198,7,9.369056073017418,1,1.3660630602389574,65,17,2,0,F S,Genoa,6,7.846458342857659,9.91794291511178,2.8142870366573334,2025,Serie_A
12367,Gift Orban,28,2055,7,12.242711776867509,2,2.530362664721906,85,21,4,1,F S,Verona,5,10.720114121213555,15.178966717794538,2.56054631061852,2025,Serie_A
12528,Santiago Castro,33,2221,7,7.501785377971828,2,2.717592604458332,59,27,3,0,F S,Bologna,7,7.501785377971828,9.690842206589878,1.2057393519207835,2025,Serie_A
755,Jamie Vardy,27,1940,6,5.7514768820255995,2,2.123625386506319,29,15,4,0,F S,Cremonese,6,5.7514768820255995,9.659573938697577,2.6795635037124157,2025,Serie_A
1324,Federico Dimarco,33,2628,6,7.12704898044467,16,15.71123043447733,63,92,3,0,D S,Inter,6,7.12704898044467,29.034685786813498,13.73892967402935,2025,Serie_A
1386,Piotr Zielinski,32,1932,6,2.0330514069646597,3,4.237796379253268,28,29,3,0,M S,Inter,5,1.271752579137683,13.38361613638699,10.760474756360054,2025,Serie_A
3291,Adrien Rabiot,27,2366,6,3.7777634486556053,4,3.6803533006459475,41,23,4,1,M S,AC Milan,6,3.7777634486556053,14.341099901124835,9.306021343916655,2025,Serie_A
3300,Christopher Nkunku,30,1205,6,8.714824497699738,3,1.5350692998617887,26,14,0,0,F S,AC Milan,2,5.669629216194153,8.19268460944295,2.42829916626215,2025,Serie_A
3821,Rolando Mandragora,32,2356,6,4.590621653012931,3,2.8426611721515656,61,34,7,0,M S,Fiorentina,5,3.8293228363618255,9.389644859358668,5.604371797293425,2025,Serie_A
6697,Armand Lauriente,36,2497,6,3.4878269685432315,9,7.972971203736961,66,52,4,0,F M S,Sassuolo,6,3.4878269685432315,13.299316722899675,6.730173096060753,2025,Serie_A
7947,Ruslan Malinovskiy,33,2189,6,4.23581980727613,3,4.303562636487186,51,36,10,0,M S,Genoa,3,1.9519233293831348,9.374009389430285,6.514485215768218,2025,Serie_A
7969,Sebastiano Esposito,34,2575,6,5.375081297010183,5,5.252011145930737,52,65,6,0,F M S,Cagliari,5,4.613782476633787,10.536636479198933,4.314885986968875,2025,Serie_A
8636,Jonathan Christian David,34,1759,6,11.464318415150046,4,4.232262331992388,41,33,0,0,F S,Juventus,6,10.703019579872489,14.402950731106102,4.125553295947611,2025,Serie_A
9965,Matìas Soulè Malvano,31,2131,6,4.469666102901101,5,4.160330039449036,48,42,1,0,F M S,Roma,6,4.469666102901101,14.911718547344208,8.841368682682514,2025,Serie_A
13069,Ismaël Koné,33,2654,6,4.3925308007746935,0,1.7174773616716266,20,22,3,1,M S,Sassuolo,6,4.3925308007746935,11.439536870922893,7.844343296717852,2025,Serie_A
13934,Martin Baturina,27,1407,6,1.5702259270474315,3,5.725582882761955,23,51,0,0,F M S,Como,6,1.5702259270474315,9.83963373862207,5.876359913498163,2025,Serie_A
13939,Stefano Moreo,35,2174,6,5.529026571661234,1,3.4404866751283407,49,22,2,0,F M S,Pisa,4,4.0064289309084415,8.940462715923786,3.474062344059348,2025,Serie_A
14003,Francesco Pio Esposito,33,1420,6,9.406493628397584,3,2.034621439874172,55,20,1,0,F S,Inter,6,9.406493628397584,13.115038629621267,3.596131581813097,2025,Serie_A
447,Kevin De Bruyne,16,1065,5,3.498082596808672,1,3.1245517935603857,26,31,1,0,M S,Napoli,2,1.214186125434935,6.206058245152235,4.107652850449085,2025,Serie_A
5360,Weston McKennie,34,2677,5,8.58028738386929,5,5.246777003630996,42,44,5,0,D M S,Juventus,5,8.58028738386929,20.87818931043148,12.029014874249697,2025,Serie_A
6686,Nicolo Zaniolo,32,2308,5,6.143913544714451,6,5.693028134293854,72,51,8,0,F M S,Udinese,5,6.143913544714451,12.040764158591628,3.449165239930153,2025,Serie_A
7005,Jens Odgaard,25,1369,5,2.728798510506749,1,0.936283141374588,35,14,1,0,F M S,Bologna,5,2.728798510506749,5.965453339740634,3.1048228926956654,2025,Serie_A
7084,Dusan Vlahovic,17,817,5,5.699539884924889,1,0.6104370206594467,40,8,0,0,F S,Juventus,4,4.938241049647331,5.489071665331721,0.9558727089315653,2025,Serie_A
7700,Che Adams,31,1840,5,5.927633602172136,2,3.2093243608251214,48,25,0,0,F M S,Torino,5,5.927633602172136,11.709310034289956,3.8528790585696697,2025,Serie_A
8642,Strahinja Pavlovic,32,2696,5,3.886791931465268,1,0.7155323065817356,25,15,2,0,D S,AC Milan,5,3.886791931465268,11.690417336300015,9.69031929410994,2025,Serie_A
9993,Jurgen Ekkelenkamp,31,2234,5,4.730059016495943,3,2.5550372377038,33,27,1,0,F M S,Udinese,5,4.730059016495943,10.37775133550167,3.8738196790218353,2025,Serie_A
10237,Leo Østigard,30,2631,5,2.920729400590062,1,0.8717853697016835,22,10,7,0,D,Genoa,5,2.920729400590062,6.932035542093217,5.880535993725061,2025,Serie_A
10366,Albert Gudmundsson,31,2190,5,5.804271567612886,4,3.513593152165413,41,30,3,1,F M S,Fiorentina,2,3.520375095307827,10.494444562122226,5.705260482616723,2025,Serie_A
10433,Cesare Casadei,31,1902,5,4.166595850139856,0,1.7915751868858933,33,16,5,0,M S,Torino,5,4.166595850139856,9.987294908612967,6.9005705285817385,2025,Serie_A
11380,Vitinha,34,2172,5,6.50468413438648,1,2.1775355376303196,63,16,4,0,F M S,Genoa,5,6.50468413438648,9.269881066866219,2.648514298722148,2025,Serie_A
11800,Arthur Atta,30,2395,5,4.062566217035055,3,3.1562594044953585,53,32,3,0,F M S,Udinese,5,4.062566217035055,14.14206114038825,8.055759254842997,2025,Serie_A
11951,Gustav Isaksen,29,1591,5,5.408482110127807,1,0.8823539484292269,48,17,0,0,F S,Lazio,5,5.408482110127807,7.817846435122192,2.5441228905692697,2025,Serie_A
12784,Ange-Yoan Bonny,31,1013,5,4.070128550752997,4,2.670865649357438,21,17,1,0,F S,Inter,5,4.070128550752997,9.558970756828785,3.1256529837846756,2025,Serie_A
13891,Wesley,29,2400,5,2.459455454722047,0,5.352143730968237,24,33,5,1,D M S,Roma,5,2.459455454722047,14.14132072031498,7.724048685282469,2025,Serie_A
317,Henrikh Mkhitaryan,28,1423,4,5.026879657059908,1,2.930523358285427,37,19,4,0,M S,Inter,4,5.026879657059908,16.948744961991906,12.003000104799867,2025,Serie_A
687,Pedro,27,885,4,2.168372285552323,2,2.3829799769446254,20,17,4,0,F M S,Lazio,2,0.6457746671512723,3.0864816047251225,1.4397715479135513,2025,Serie_A
1471,Lorenzo Pellegrini,24,1508,4,4.77526899240911,2,2.9984955824911594,32,29,2,0,F M S,Roma,2,3.2526713106781244,7.576448664069176,4.90537278726697,2025,Serie_A
3544,Jeremie Boga,13,543,4,3.8528396617621183,0,1.4729418251663446,20,12,1,0,F M S,Juventus,4,3.8528396617621183,6.672269759699702,1.6542752459645271,2025,Serie_A
4291,Marc-Oliver Kempf,32,2143,4,3.2830319171771407,1,1.0999353304505348,22,8,3,0,D S,Como,4,3.2830319171771407,8.234157326631248,8.092933597043157,2025,Serie_A
6434,Franck Zambo,18,1253,4,2.5543451830744743,1,1.5510767428204417,23,13,1,0,M S,Napoli,4,2.5543451830744743,4.910352712497115,2.9804707523435354,2025,Serie_A
6960,Bremer,25,2097,4,2.347125998698175,3,0.4107095804065466,20,8,4,0,D S,Juventus,4,2.347125998698175,8.354456722736359,8.112961546517909,2025,Serie_A
7628,Lameck Banda,30,1637,4,1.998216101899743,3,3.276630099862814,33,21,6,1,F M S,Lecce,4,1.998216101899743,6.228035092353821,2.055176028981805,2025,Serie_A
8182,Lucas Da Cunha,34,2585,4,6.014910778962076,4,5.615979557856917,37,41,4,0,M S,Como,1,3.7310142731294036,15.735078265890479,11.223297143355012,2025,Serie_A
9018,M&#039;Bala Nzola,28,1427,4,6.691520478576422,1,1.219991197809577,37,19,2,1,F S,"Pisa,Sassuolo",2,4.407624032348394,6.815621200948954,1.6971882237121463,2025,Serie_A
9071,Matteo Cancellieri,28,1593,4,5.029344700276852,3,1.8750917315483093,37,17,5,0,F M S,Lazio,4,5.029344700276852,8.088053975254297,1.4976978385820985,2025,Serie_A
9843,Caleb Ekuban,30,939,4,4.121994238346815,1,1.2507788091897964,29,11,0,0,F M S,Genoa,4,4.121994238346815,4.971754275262356,0.5887844664976001,2025,Serie_A
10994,Kristian Thorstvedt,30,2270,4,6.591532241553068,4,2.2858097702264786,42,30,8,0,F M S,Sassuolo,4,6.591532241553068,15.731210574507713,8.9037402626127,2025,Serie_A
11883,Gennaro Borrelli,26,1188,4,3.5212014112621546,1,0.8707911921665072,25,12,4,0,F S,Cagliari,4,3.5212014112621546,5.562956642359495,2.594655658118427,2025,Serie_A
12378,Tijjani Noslin,27,940,4,3.813961544074118,1,2.285638788715005,32,14,3,1,F S,Lazio,4,3.813961544074118,7.822267481125891,2.941267589107156,2025,Serie_A
13930,Semih Kiliçsoy,22,973,4,2.0539160827174783,0,0.3908173693343997,17,11,1,0,F S,Cagliari,4,2.0539160827174783,2.991133206523955,1.0485907513648272,2025,Serie_A
14427,Alisson Santos,12,746,4,1.3690596520900726,0,1.6118640415370464,27,14,0,0,M S,Napoli,4,1.3690596520900726,4.510997055098414,2.280722927302122,2025,Serie_A
64,Filip Kostic,18,461,3,0.6743299197405577,1,0.6833733469247818,9,10,1,0,D M S,Juventus,3,0.6743299197405577,3.385763455182314,2.3905558809638023,2025,Serie_A
688,Ruben Loftus-Cheek,27,1117,3,4.1393546694889665,1,1.0412129200994968,29,10,2,0,F M S,AC Milan,3,4.1393546694889665,7.288309978321195,4.390438489615917,2025,Serie_A
1134,Mario Pasalic,31,1806,3,2.825705375522375,4,5.834320861846209,18,37,2,0,M S,Atalanta,3,2.825705375522375,14.89934854209423,9.816822681576014,2025,Serie_A
1148,Duván Zapata,26,967,3,4.367685571312904,1,2.6804053094238043,33,10,0,0,F S,Torino,3,3.606386750936508,5.802333075553179,0.3858338948339224,2025,Serie_A
1178,Davide Zappacosta,33,2472,3,2.872984778136015,3,4.191002266481519,35,37,3,0,D M S,Atalanta,3,2.872984778136015,13.492115382105112,9.16142263263464,2025,Serie_A
1206,Danilo Cataldi,27,2007,3,2.712070008739829,3,2.05142586119473,26,23,6,0,M S,Lazio,1,1.1894723707810044,6.059865925461054,4.789146137423813,2025,Serie_A
1409,Nicolò Barella,33,2505,3,3.8197444174438715,8,7.965625556185842,35,70,7,0,M S,Inter,3,3.8197444174438715,20.255492981523275,12.331657081842422,2025,Serie_A
1424,Federico Bernardeschi,27,1038,3,2.7040206100791693,2,3.4133871849626303,34,26,3,0,F M S,Bologna,2,1.942721774801612,7.430725680664182,3.1245362171903253,2025,Serie_A
1500,Leonardo Spinazzola,31,1826,3,1.2085956651717424,3,2.5578653877601027,21,31,2,0,D M S,Napoli,3,1.2085956651717424,9.871584912762046,7.039718120358884,2025,Serie_A
1725,Christian Kabasele,28,2158,3,1.673705168068409,0,0.06341097503900528,9,1,5,0,D S,Udinese,3,1.673705168068409,2.3171878224238753,2.2031524125486612,2025,Serie_A
1958,Mattia Zaccagni,26,2127,3,6.383842973038554,0,2.789195232093334,34,35,6,1,F M,Lazio,3,5.622544137760997,9.418848052620888,4.15836684871465,2025,Serie_A
3334,Lassana Coulibaly,31,2528,3,3.1662426739931107,1,1.096674794331193,26,19,4,0,M S,Lecce,3,3.1662426739931107,7.447643218562007,4.81774480547756,2025,Serie_A
6136,Mario Hermoso,25,1926,3,2.0999328959733248,2,0.8591896975412965,17,10,8,0,D S,Roma,3,2.0999328959733248,6.397001193836331,5.002701060846448,2025,Serie_A
6155,Robin Gosens,24,1756,3,2.3350817169994116,1,0.8971995655447245,17,10,2,0,D M S,Fiorentina,3,2.3350817169994116,3.7553489226847887,2.215299030765891,2025,Serie_A
6414,Yann Bisseck,22,1834,3,2.8308546263724566,1,0.6501033678650856,25,8,2,0,D S,Inter,3,2.8308546263724566,11.501843765377998,10.405136041343212,2025,Serie_A
6618,Oumar Solet,33,2782,3,2.806682717986405,1,2.2778594605624676,30,20,1,0,D S,Udinese,2,2.0453838827088475,10.445052653551102,9.090759787708521,2025,Serie_A
7049,Evan Ndicka,30,2650,3,2.3948372658342123,0,0.5625489521771669,23,6,5,0,D,Roma,3,2.3948372658342123,7.088712865486741,6.738526659086347,2025,Serie_A
7265,Kephren Thuram,33,2389,3,3.9352142652496696,2,2.528543073683977,48,24,2,0,M S,Juventus,3,3.9352142652496696,12.23999385163188,8.244987839832902,2025,Serie_A
7375,Roberto Piccoli,30,1473,3,6.5273946318775415,1,1.5870586233213544,42,15,1,0,F S,Fiorentina,3,6.5273946318775415,7.853524430654943,1.3325510453432798,2025,Serie_A
7500,Giacomo Raspadori,11,629,3,3.2208252623677254,1,0.9425108237192035,24,12,0,0,M S,Atalanta,3,3.2208252623677254,5.1454663053154945,1.2459782976657152,2025,Serie_A
7576,Nicolò Cambiaghi,28,1510,3,2.916797866113484,4,3.030234506353736,24,18,3,1,F M S,Bologna,3,2.916797866113484,6.658601673319936,1.8299096524715424,2025,Serie_A
7939,Morten Thorsby,22,1255,3,2.7189628621563315,1,0.7962901080027223,21,9,3,0,M S,"Cremonese,Genoa",3,2.7189628621563315,4.168536247685552,1.793543309904635,2025,Serie_A
8838,Junior Messias,20,655,3,1.863460099324584,1,1.0571954362094402,19,6,1,0,M S,Genoa,2,1.102161256596446,3.028691776096821,1.5729247871786356,2025,Serie_A
8867,Adrián Bernabé,32,2542,3,2.6228388603776693,1,4.641438805498183,50,55,0,0,D M S,Parma Calcio 1913,3,2.6228388603776693,8.53368706163019,4.340929888188839,2025,Serie_A
9107,Giorgio Scalvini,22,1684,3,3.8605596125125885,1,1.580893311649561,20,14,2,0,D S,Atalanta,3,3.8605596125125885,11.62280235439539,9.389893434941769,2025,Serie_A
9840,Denzel Dumfries,20,1332,3,3.654471157118678,1,1.4058833941817284,23,13,2,0,D S,Inter,3,3.654471157118678,8.609596928581595,4.1475053410977125,2025,Serie_A
9841,Andrea Cambiaso,34,2709,3,2.8230276945978403,4,6.099337846040726,24,54,3,1,D M S,Juventus,3,2.8230276945978403,17.564611468464136,12.014853700064123,2025,Serie_A
10172,Jonathan Rowe,26,1433,3,4.767946882173419,1,2.2155852168798447,44,19,2,0,F M S,Bologna,3,4.767946882173419,8.020742686465383,1.3544284664094448,2025,Serie_A
10177,Evan Ferguson,16,777,3,3.4807619526982307,2,1.6862706486135721,26,15,1,0,F S,Roma,3,3.4807619526982307,5.4050158597528934,1.0331951715052128,2025,Serie_A
10877,Charles De Ketelaere,29,2095,3,4.485910210758448,5,10.43435387685895,44,61,4,0,F M S,Atalanta,3,4.485910210758448,19.33481839671731,7.227875918149948,2025,Serie_A
11102,Adam Buksa,23,767,3,2.7839207872748375,0,0.9992542769759893,12,11,2,0,F S,Udinese,3,2.7839207872748375,3.8507554046809673,0.5079927910119295,2025,Serie_A
11378,Máximo Perrone,34,2578,3,2.4675722550600767,4,2.459033889696002,17,29,8,0,M S,Como,3,2.4675722550600767,15.66958824545145,11.513618348166347,2025,Serie_A
11736,Artem Dovbyk,13,363,3,2.87838901206851,1,1.2935574017465115,10,11,0,0,F S,Roma,3,2.87838901206851,3.597304180264473,0.7824058942496777,2025,Serie_A
12040,Thomas Thiesson Kristensen,26,2331,3,1.8784828763455153,0,0.22436835803091526,11,3,4,0,D,Udinese,3,1.8784828763455153,4.4398330599069595,4.023534679785371,2025,Serie_A
12776,Jeff Ekhator,29,904,3,2.798878103494644,0,0.869433494284749,18,10,3,0,F M S,Genoa,3,2.798878103494644,4.458374202251434,1.2906138431280851,2025,Serie_A
12993,David Neres,16,932,3,1.484556145966053,3,3.786104552447796,17,19,3,0,F M S,Napoli,3,1.484556145966053,7.352409522980452,3.5680493600666523,2025,Serie_A
13052,Francisco Conceição,29,1980,3,7.677239436656237,4,3.5398437716066837,67,37,3,0,D F M S,Juventus,3,7.677239436656237,16.804088379256427,8.575154833495617,2025,Serie_A
13961,Giovane,33,1873,3,4.269323905929923,5,4.357408100739121,56,32,2,0,F M S,"Napoli,Verona",3,4.269323905929923,8.811031891033053,2.3908198196440935,2025,Serie_A
13969,Nikola Stulic,32,1702,3,5.1669808006845415,0,2.100543244741857,32,20,1,0,F S,Lecce,2,4.405681965406984,5.930468923412263,1.3147369865328074,2025,Serie_A
13978,Jayden Addai,12,688,3,1.5144574735313654,0,1.0214554481208324,13,7,4,0,M S,Como,3,1.5144574735313654,3.735154617577791,1.3605918884277344,2025,Serie_A
14341,Kenneth Taylor,16,1352,3,2.0894283577799797,2,1.083626831881702,16,13,4,0,M,Lazio,3,2.0894283577799797,4.546850040555,2.642322637140751,2025,Serie_A
14417,Kieron Bowie,12,1031,3,3.4532266333699226,0,0.35613998770713806,26,10,1,0,F,Verona,3,3.4532266333699226,3.9931032080203295,0.35407434310764074,2025,Serie_A
307,Suat Serdar,20,1102,2,2.6708283396437764,0,1.4056117832660675,19,12,3,0,M S,Verona,2,2.6708283396437764,4.575328801758587,1.8016988597810268,2025,Serie_A
1168,Bryan Cristante,35,2936,2,2.193171271122992,1,1.8135408088564873,40,25,6,0,M S,Roma,2,2.193171271122992,11.590293776243925,9.744192419573665,2025,Serie_A
1186,Andrea Belotti,7,207,2,2.3106289505958557,0,0.04081600904464722,6,1,0,0,F S,Cagliari,1,1.5493301749229431,1.016254037618637,0.2606043629348278,2025,Serie_A
1294,Paulo Dybala,20,1180,2,5.468044023960829,3,4.962615484371781,37,46,1,0,F M S,Roma,2,4.706745218485594,9.683155629783869,2.6384019423276186,2025,Serie_A
1473,Matteo Politano,33,2167,2,2.9408421348780394,6,5.471200808882713,46,36,4,0,D F M S,Napoli,2,2.9408421348780394,12.514301562681794,7.936895320191979,2025,Serie_A
1477,Luca Mazzitelli,18,753,2,0.7084781415760517,2,1.0692399702966213,15,5,3,0,M S,Cagliari,2,0.7084781415760517,3.09368846565485,2.3530206037685275,2025,Serie_A
2250,Luka Modric,33,2800,2,1.207746783271432,3,3.9994300063699484,19,49,4,0,M S,AC Milan,2,1.207746783271432,15.14823778346181,13.848582185804844,2025,Serie_A
5556,Ademola Lookman,12,803,2,3.853021115064621,0,2.2811416015028954,27,17,0,0,F M S,Atalanta,2,3.853021115064621,6.121153548359871,1.5856311172246933,2025,Serie_A
5759,Matteo Guendouzi,16,1434,2,1.22304982598871,1,1.0217254180461168,16,15,5,0,M,Lazio,2,1.22304982598871,5.685938589274883,4.695960254408419,2025,Serie_A
6073,Guillermo Maripán,26,2110,2,2.4348368234932423,0,0.3447793498635292,18,8,3,0,D S,Torino,2,2.4348368234932423,5.046734411269426,4.604368932545185,2025,Serie_A
6133,Antonio Caracciolo,34,2987,2,2.3648768034763634,0,0.16189390420913696,25,2,9,0,D S,Pisa,2,2.3648768034763634,4.622567382641137,3.8652119608595967,2025,Serie_A
6159,Gianluca Mancini,34,2910,2,2.0099308751523495,2,2.720187921077013,18,21,9,0,D,Roma,2,2.0099308751523495,11.696598095819354,10.446833683177829,2025,Serie_A
6211,Mehdi Leris,32,1767,2,1.9409306673333049,3,2.4453976545482874,24,28,2,0,D M S,Pisa,2,1.9409306673333049,4.910238519310951,1.7433789018541574,2025,Serie_A
6490,Manuel Akanji,33,2814,2,2.2994977347552776,0,0.3260261919349432,23,7,4,0,D S,Inter,2,2.2994977347552776,16.78327063843608,16.27327786386013,2025,Serie_A
6692,Enrico Del Prato,34,2868,2,2.233506329357624,0,0.7834861557930708,17,8,5,0,D S,Parma Calcio 1913,2,2.233506329357624,4.674118371680379,3.122021282091737,2025,Serie_A
6902,Toma Basic,21,1584,2,1.2845665868371725,3,1.8620058028027415,29,19,0,1,M,Lazio,2,1.2845665868371725,5.682733326219022,4.023481727577746,2025,Serie_A
6945,Youssouf Fofana,31,2094,2,4.514190006069839,3,3.638393623754382,42,36,4,0,M S,AC Milan,2,4.514190006069839,12.944489052519202,5.993159109726548,2025,Serie_A
6978,Giovanni Di Lorenzo,24,2099,2,1.9505766704678535,1,2.915825840085745,25,14,1,0,D,Napoli,2,1.9505766704678535,12.58853029832244,8.580043882131577,2025,Serie_A
7284,Marco Brescianini,24,885,2,2.3510073386132717,0,1.0797455916181207,13,9,2,0,M S,"Atalanta,Fiorentina",2,2.3510073386132717,4.605513400398195,2.368275578133762,2025,Serie_A
7328,Maxence Caqueret,28,1417,2,1.6991231236606836,5,2.533981429412961,17,23,3,0,M S,Como,2,1.6991231236606836,10.338422229513526,7.270363425835967,2025,Serie_A
7379,Nicolo Fagioli,32,2522,2,1.887683553621173,3,5.150985363870859,32,63,5,0,M S,Fiorentina,2,1.887683553621173,15.00235177949071,10.832217507064342,2025,Serie_A
7482,Kouadio Kone,28,2451,2,1.9376755431294441,3,3.4994950499385595,21,25,2,0,M,Roma,2,1.9376755431294441,14.059560481458902,10.40876754745841,2025,Serie_A
7507,Gianluca Gaetano,31,1740,2,1.8203315827995539,3,1.9742248421534896,29,24,4,0,F M S,Cagliari,2,1.8203315827995539,6.895090625621378,5.028796639293432,2025,Serie_A
7785,Kingsley Ehizibue,31,1720,2,1.3656072709709406,0,0.6929862443357706,8,8,5,0,D M S,Udinese,2,1.3656072709709406,4.744398783892393,2.7733762077987194,2025,Serie_A
7944,Gabriel Strefezza,13,965,2,1.0562517698854208,2,1.0693775909021497,24,13,3,0,F S,Parma Calcio 1913,2,1.0562517698854208,2.953472524881363,2.114887624979019,2025,Serie_A
8163,Daniel Maldini,19,902,2,2.7296136505901814,1,1.1871156906709075,21,11,1,0,F M S,"Atalanta,Lazio",2,2.7296136505901814,4.644150327891111,1.7460139524191618,2025,Serie_A
8297,Alexis Saelemaekers,34,2729,2,3.225882231257856,3,4.398934786207974,42,50,5,0,D F M S,AC Milan,2,3.225882231257856,16.874610379338264,10.496877742931247,2025,Serie_A
8341,Lazar Samardzic,25,943,2,2.6497164256870747,1,2.3122191354632378,22,27,1,0,M S,Atalanta,2,2.6497164256870747,7.899661427363753,3.96115337125957,2025,Serie_A
8512,Filippo Terracciano,34,2845,2,2.3331454526633024,0,0.640687339939177,14,11,6,0,D S,Cremonese,2,2.3331454526633024,4.204251830466092,3.7366996919736266,2025,Serie_A
8819,Mergim Vojvoda,29,1600,2,1.4710992444306612,2,3.094263934530318,18,29,1,0,D F M S,Como,2,1.4710992444306612,7.919539753347635,4.826663876883686,2025,Serie_A
8880,Matteo Tramoni,27,1630,2,3.2133432421833277,2,2.884499185718596,28,28,3,0,F M S,Pisa,1,2.4520444069057703,7.110495939850807,3.0286965798586607,2025,Serie_A
8912,Tommaso Pobega,24,1308,2,1.7975707007572055,1,0.5510165924206376,24,6,1,1,M S,Bologna,2,1.7975707007572055,4.879092247225344,2.911829825490713,2025,Serie_A
9036,Nicola Zalewski,32,1852,2,3.095952257514,4,5.143455224111676,37,36,3,0,D M S,Atalanta,2,3.095952257514,10.306166738271713,5.962576111778617,2025,Serie_A
9630,Kamaldeen Sulemana,23,887,2,2.2656300105154514,1,1.849519582465291,21,10,3,0,M S,Atalanta,2,2.2656300105154514,6.789396658539772,3.3084280975162983,2025,Serie_A
9905,David Okereke,9,369,2,0.6929049175232649,0,0.42117523308843374,8,3,0,0,F S,Cremonese,2,0.6929049175232649,1.0992688704282045,0.5558690819889307,2025,Serie_A
10084,Cristian Volpato,22,1039,2,1.4419035632163286,4,2.8960686875507236,20,23,4,0,F M S,Sassuolo,2,1.4419035632163286,5.820752661675215,2.2101028468459845,2025,Serie_A
10404,Éderson,29,2163,2,5.546352312900126,1,2.210425505414605,35,25,3,0,M S,Atalanta,1,4.785053477622569,15.884091094136238,11.873022459447384,2025,Serie_A
10716,Manor Solomon,14,768,2,0.8694475907832384,0,2.112855574116111,8,21,1,0,F M S,Fiorentina,2,0.8694475907832384,4.488875232636929,3.0526599436998367,2025,Serie_A
10794,Thijs Dallinga,21,764,2,3.886146053671837,2,0.7199398213997483,24,10,2,0,F S,Bologna,2,3.886146053671837,5.551288968883455,1.0566577464342117,2025,Serie_A
10902,Federico Baschirotto,29,2540,2,1.1395598910748959,0,0.07074637897312641,12,2,2,0,D,Cremonese,2,1.1395598910748959,1.8369396440684795,1.706673014909029,2025,Serie_A
10908,Medon Berisha,13,893,2,1.3144496940076351,3,2.889189299196005,24,20,0,0,M S,Lecce,2,1.3144496940076351,3.1226632557809353,1.600425161421299,2025,Serie_A
10948,Valentín Castellanos,11,697,2,2.0615241527557373,3,2.2245636619627476,20,8,2,0,F S,Lazio,2,2.0615241527557373,3.8235652800649405,0.3274112157523632,2025,Serie_A
10993,Federico Gatti,19,984,2,1.5057558212429285,0,0.17691724002361298,12,2,3,0,D S,Juventus,2,1.5057558212429285,2.322638025507331,1.998648663982749,2025,Serie_A
11054,Juan Cabal,12,262,2,1.079673127271235,0,0.6362920701503754,5,2,1,0,D S,Juventus,2,1.079673127271235,1.5074425665661693,1.1933000665158033,2025,Serie_A
11470,Niccolò Pisilli,23,1166,2,2.2109263725578785,3,1.8991570062935352,18,11,3,0,M S,Roma,2,2.2109263725578785,6.4164361897856,3.948443101719022,2025,Serie_A
11768,Cher Ndour,31,1762,2,2.492200195789337,0,0.347787800244987,23,7,2,0,M S,Fiorentina,2,2.492200195789337,5.89201058447361,4.059203444048762,2025,Serie_A
11877,Michael Folorunsho,26,2017,2,2.947147471830249,0,0.9439696660265326,36,14,3,0,D F M S,Cagliari,2,2.947147471830249,5.254418143071234,2.6885152058675885,2025,Serie_A
11961,Sam Beukema,23,1585,2,1.7136118784546852,0,0.39363515190780163,7,6,2,0,D S,Napoli,2,1.7136118784546852,5.342931862920523,5.078669246286154,2025,Serie_A
11964,Giovanni Fabbian,28,1070,2,2.203906826674938,0,1.620087532326579,19,8,2,0,M S,"Bologna,Fiorentina",2,2.203906826674938,4.587878569960594,1.9827907886356115,2025,Serie_A
11967,Davide Bartesaghi,29,2267,2,1.3009549584239721,0,3.801619002595544,20,42,3,0,D M S,AC Milan,2,1.3009549584239721,8.735078435391188,7.065387837588787,2025,Serie_A
11989,Walid Cheddira,31,1030,2,3.251484241336584,1,0.5379531998187304,27,10,3,0,F S,"Lecce,Sassuolo",2,3.251484241336584,4.699655394535512,1.5915155494585633,2025,Serie_A
12081,Assane Diao,15,920,2,2.2083853147923946,1,0.9544253284111619,23,6,2,0,M S,Como,2,2.2083853147923946,4.4978112783282995,1.556797120720148,2025,Serie_A
12436,Jacobo Ramón,30,2564,2,5.183461468666792,0,1.0274589136242867,34,11,10,1,D S,Como,2,5.183461468666792,10.734846871346235,10.012842554599047,2025,Serie_A
12854,Martin Frese,29,2273,2,1.349987454712391,0,2.713798995129764,20,29,8,0,D S,Verona,2,1.349987454712391,4.363004010170698,1.555234344676137,2025,Serie_A
12868,Mattia Felici,11,396,2,1.3366807326674461,1,0.7564891278743744,9,8,3,0,D M S,Cagliari,2,1.3366807326674461,2.2656255550682545,0.6046547405421734,2025,Serie_A
12881,Henrik Meister,27,1465,2,5.318537840619683,0,0.6497459821403027,20,5,2,0,F S,Pisa,2,5.318537840619683,7.32625531591475,1.3786405008286238,2025,Serie_A
12997,Alieu Fadera,28,959,2,2.3619886562228203,1,0.87881900370121,13,7,5,0,F S,Sassuolo,2,2.3619886562228203,4.041427066549659,1.7654694616794586,2025,Serie_A
13136,Brooke Norton-Cuffy,26,2192,2,2.006999369710684,1,1.8840869069099426,15,21,3,1,D M S,Genoa,2,2.006999369710684,7.148176729679108,3.5529703898355365,2025,Serie_A
13396,Tiago Gabriel,35,3043,2,3.9836879689246416,0,0.028054633177816868,20,2,5,0,D S,Lecce,2,3.9836879689246416,2.477074010297656,2.3850095104426146,2025,Serie_A
13451,Konan N’Dri,25,448,2,0.6747343614697456,0,0.7715370021760464,18,4,3,0,M S,Lecce,2,0.6747343614697456,1.403356583788991,0.43725622817873955,2025,Serie_A
13879,Tarik Muharemovic,31,2747,2,2.834148694295436,2,0.9276836458593607,20,6,6,0,D,Sassuolo,2,2.834148694295436,6.279778711032122,6.156958227977157,2025,Serie_A
13929,Riyad Idrissi,23,737,2,0.7890109941363335,0,0.24844240676611662,6,6,3,0,D S,Cagliari,2,0.7890109941363335,3.7340927477926016,3.2926744939759374,2025,Serie_A
13962,Rafik Belghali,24,1786,2,2.5470606852322817,0,2.177554345689714,20,27,6,0,D M S,Verona,2,2.5470606852322817,6.576626995578408,2.75174602214247,2025,Serie_A
13964,Petar Sucic,32,1597,2,2.0725241787731647,2,3.065197389572859,20,25,5,0,M S,Inter,2,2.0725241787731647,14.443840604275465,10.505605924874544,2025,Serie_A
14339,Omri Gandelman,17,919,2,1.7339490354061127,0,0.8166328370571136,10,6,0,0,M S,Lecce,2,1.7339490354061127,2.8799192011356354,1.036361239850521,2025,Serie_A
14412,Nesta Elphege,8,271,2,1.8897774741053581,1,0.3569023348391056,5,4,0,0,F S,Parma Calcio 1913,2,1.8897774741053581,2.436849968507886,0.19017012789845467,2025,Serie_A
14445,Paul Mendy,7,226,2,1.6808432107791305,0,0.09806239232420921,10,3,0,0,F S,Cagliari,2,1.6808432107791305,1.6666048802435398,0.5304457023739815,2025,Serie_A
399,Ulisses García,11,761,1,0.06588543578982353,1,1.3378742262721062,2,7,3,0,D S,Sassuolo,1,0.06588543578982353,3.4018271937966347,2.4031959027051926,2025,Serie_A
594,Romelu Lukaku,5,33,1,0.5893245413899422,0,0.21137240529060364,2,2,1,0,S,Napoli,1,0.5893245413899422,0.3288929834961891,0,2025,Serie_A
608,Alberto Moreno,17,1069,1,1.1006413027644157,1,1.9240656215697527,9,15,2,0,D S,Como,1,1.1006413027644157,6.055917650461197,4.139631811529398,2025,Serie_A
697,Nemanja Matic,32,2598,1,0.329651664942503,1,0.9152271281927824,11,20,6,1,M S,Sassuolo,1,0.329651664942503,11.065985079854727,10.395106941461563,2025,Serie_A
1089,Juan Cuadrado,17,423,1,0.958076405338943,0,0.7773380018770695,10,12,3,0,D M S,Pisa,0,0.19677759613841772,1.2782105254009366,0.4856669995933771,2025,Serie_A
1104,Leonardo Pavoletti,13,193,1,1.3747940957546234,1,0.36194163002073765,6,2,1,0,F S,Cagliari,1,1.3747940957546234,1.7779649775475264,0.42171704210340977,2025,Serie_A
1122,Manuel Locatelli,34,2851,1,2.292596141807735,2,3.7563901925459504,41,45,9,0,M,Juventus,1,1.5312973065301776,20.434589974582195,17.27085001580417,2025,Serie_A
1423,Matías Vecino,13,592,1,0.310302727855742,1,0.514578664675355,7,3,1,0,M S,Lazio,1,0.310302727855742,1.9277351731434464,1.2747041750699282,2025,Serie_A
1488,Remo Freuler,27,2078,1,1.155918400734663,2,0.8914067102596164,6,20,5,0,M S,Bologna,1,1.155918400734663,8.275583437643945,6.725232080556452,2025,Serie_A
1496,Roberto Gagliardini,28,2122,1,1.3313347091898322,0,0.6643395144492388,15,16,8,0,M S,Verona,1,1.3313347091898322,3.809224876575172,2.992269406095147,2025,Serie_A
1598,Manuel De Luca,2,10,1,0.835056483745575,0,0,2,0,0,0,S,Cremonese,0,0.07375766336917877,0.07375766336917877,0,2025,Serie_A
1639,Sebastiano Luperto,32,2844,1,0.9160170834511518,1,1.270846989005804,10,6,4,0,D,"Cagliari,Cremonese",1,0.9160170834511518,5.019305721856654,4.660151047632098,2025,Serie_A
1710,Marten de Roon,32,2575,1,0.7627449203282595,2,1.4703683890402317,14,21,6,1,D M S,Atalanta,1,0.7627449203282595,14.432051146402955,12.653164515271783,2025,Serie_A
1836,Franco Vázquez,15,485,1,1.4491588799282908,1,1.8917765356600285,12,9,1,0,F M S,Cremonese,1,1.4491588799282908,3.0313472282141447,1.5376330390572548,2025,Serie_A
2217,Antonio Sanabria,25,921,1,2.979946978390217,1,1.9838042967021465,12,6,2,0,F S,Cremonese,1,2.979946978390217,3.9699571561068296,0.3716926481574774,2025,Serie_A
3209,Jean-Daniel Akpa-Akpro,20,1413,1,0.8760971613228321,0,0.37114917300641537,13,10,9,0,M S,Verona,1,0.8760971613228321,2.156239381991327,1.123596753925085,2025,Serie_A
4918,Patrick Cutrone,15,908,1,3.271421535871923,0,0.6590696647763252,25,3,0,0,F S,Parma Calcio 1913,1,3.271421535871923,3.99916382227093,0.8263060990720987,2025,Serie_A
4939,Alessandro Bastoni,28,2269,1,1.6852088272571564,4,3.2031121719628572,17,25,6,0,D,Inter,1,1.6852088272571564,13.949626933783293,11.816649977117777,2025,Serie_A
4970,Luca Pellegrini,23,1402,1,0.5468143066391349,0,0.8312388863414526,6,16,8,0,D S,Lazio,1,0.5468143066391349,4.187265623360872,3.6063242480158806,2025,Serie_A
5133,Aarón Martín,31,2105,1,1.317988371476531,5,6.4451500894501805,11,60,2,0,D M S,Genoa,1,0.5566895511001348,6.495347624644637,3.6909562069922686,2025,Serie_A
5136,Estupiñán,19,1045,1,0.4771555783227086,1,1.5814345702528954,9,13,5,1,D S,AC Milan,1,0.4771555783227086,7.527399258688092,6.920363070443273,2025,Serie_A
5329,Stefan Posch,14,362,1,0.8626185804605484,0,0.18844488263130188,8,2,1,0,D S,Como,1,0.8626185804605484,2.2556511405855417,1.9920636732131243,2025,Serie_A
5712,Diego Carlos,26,1940,1,1.6734400745481253,0,0.04785202816128731,8,2,8,0,D S,Como,1,1.6734400745481253,5.324253041297197,5.265754908323288,2025,Serie_A
6098,Niclas Füllkrug,18,576,1,3.413054244592786,0,1.865022785961628,16,8,0,0,F S,AC Milan,1,2.651755439117551,5.942442828789353,2.2217094898223877,2025,Serie_A
6125,Stanislav Lobotka,30,2316,1,0.4109657760709524,1,1.006711546331644,8,21,3,0,M S,Napoli,1,0.4109657760709524,9.007938649505377,8.036125196143985,2025,Serie_A
6176,Adam Marusic,31,2621,1,1.676746222190559,2,1.515111967921257,14,8,1,1,D S,Lazio,1,1.676746222190559,7.035027646459639,5.106012761592865,2025,Serie_A
6360,Antoine Bernede,31,2302,1,1.0209336997941136,2,1.9406338185071945,21,29,2,0,M S,Verona,1,1.0209336997941136,5.861027251929045,3.4942819848656654,2025,Serie_A
6521,Yerry Mina,24,1982,1,0.7906600823625922,0,0.42779096961021423,8,8,3,1,D,Cagliari,1,0.7906600823625922,4.276068629696965,4.239146504551172,2025,Serie_A
6672,Riccardo Sottil,21,1078,1,0.7569481134414673,2,3.896916251629591,20,24,1,0,F M S,Lecce,1,0.7569481134414673,2.1067370735108852,0.7894598450511694,2025,Serie_A
6696,Luca Ranieri,33,2423,1,2.0760744465515018,0,1.0300525836646557,18,7,8,0,D S,Fiorentina,1,2.0760744465515018,6.201835326850414,5.025631407275796,2025,Serie_A
6706,Ndary Adopo,36,2909,1,2.390556102618575,2,2.3698021369054914,27,25,4,0,D M S,Cagliari,1,2.390556102618575,8.220866380259395,5.441185273230076,2025,Serie_A
6872,Mehmet Zeki Çelik,32,2567,1,1.6765606626868248,2,2.2744370326399803,21,24,2,1,D M S,Roma,1,1.6765606626868248,13.15804786235094,10.974967703223228,2025,Serie_A
7224,Boulaye Dia,25,1163,1,2.6981686614453793,2,1.532321535050869,12,12,1,0,F M S,Lazio,1,2.6981686614453793,5.085957586765289,2.380693117156625,2025,Serie_A
7286,Juan Miranda,30,2396,1,0.5171072538942099,3,4.374755889177322,13,62,6,0,D S,Bologna,1,0.5171072538942099,11.268591698724777,8.766095703933388,2025,Serie_A
7530,Samuele Ricci,30,1251,1,2.1061665676534176,4,2.7349260430783033,18,19,2,0,M S,AC Milan,1,2.1061665676534176,8.702092505991459,5.3243807423859835,2025,Serie_A
7912,Eljif Elmas,31,1641,1,3.4577170722186565,2,1.535120096988976,23,21,2,0,F M S,Napoli,1,3.4577170722186565,7.731470551341772,3.934792770072818,2025,Serie_A
7924,Amir Rrahmani,19,1629,1,1.0873061046004295,1,0.14194537326693535,12,4,2,0,D,Napoli,1,1.0873061046004295,8.155132621526718,7.9242242872715,2025,Serie_A
7988,Billy Gilmour,16,744,1,0.5720022153109312,0,0.45512202847748995,10,5,1,0,M S,Napoli,1,0.5720022153109312,4.0890909768640995,3.283894620835781,2025,Serie_A
8090,Lloyd Kelly,33,2824,1,0.8511606128886342,1,0.8806272074580193,16,9,4,0,D S,Juventus,1,0.8511606128886342,12.105742741376162,11.541460987180471,2025,Serie_A
8313,Pierre Kalulu Kyatengwa,35,3101,1,1.4482845412567258,4,4.862240532413125,12,38,1,1,D,Juventus,1,1.4482845412567258,16.528432412073016,13.28380892239511,2025,Serie_A
8513,Miguel Gutiérrez,26,1378,1,0.5433741109445691,1,1.7833779081702232,14,20,0,0,D S,Napoli,1,0.5433741109445691,6.880755508318543,6.142090300098062,2025,Serie_A
8626,Nikola Moro,28,1742,1,0.9313860163092613,0,2.0523393927142024,21,26,1,0,M S,Bologna,1,0.9313860163092613,6.210338095203042,5.06104620359838,2025,Serie_A
8720,Jack Harrison,13,834,1,0.7332010110840201,3,0.8731289338320494,10,12,0,0,D F M S,Fiorentina,1,0.7332010110840201,4.6025386936962605,3.216062266379595,2025,Serie_A
8771,Yunus Musah,18,508,1,0.6885600984096527,0,0.7158418446779251,6,3,1,0,D M S,"AC Milan,Atalanta",1,0.6885600984096527,3.7692855782806873,2.4026270881295204,2025,Serie_A
8980,Luis Henrique,28,1493,1,1.1519507393240929,2,2.1901443749666214,15,22,1,0,D S,Inter,1,1.1519507393240929,8.398389019072056,5.5128057934343815,2025,Serie_A
9714,Odilon Kossounou,19,981,1,0.26420524157583714,0,0.25718850269913673,5,4,1,0,D S,Atalanta,1,0.26420524157583714,4.142970737069845,3.8508499525487423,2025,Serie_A
9853,Simone Canestrelli,35,3020,1,1.2538446309044957,0,0.47185081895440817,15,10,4,0,D S,Pisa,1,1.2538446309044957,3.4979890743270516,2.8525289157405496,2025,Serie_A
9876,Alessandro Zanoli,19,1314,1,0.09998641163110733,2,1.5538526717573404,3,15,1,0,D M S,Udinese,1,0.09998641163110733,3.543575694784522,2.3799541387706995,2025,Serie_A
9882,Dennis Johnsen,11,390,1,0.736239617690444,1,0.6198056861758232,5,4,0,0,F M S,Cremonese,1,0.736239617690444,1.291289635002613,0.0665459930896759,2025,Serie_A
9893,Youssef Maleh,21,1475,1,1.2325057443231344,0,0.6452810652554035,20,9,4,1,M S,"Cremonese,Lecce",1,1.2325057443231344,2.9133095536381006,1.8250922793522477,2025,Serie_A
9924,Fabiano Parisi,22,1519,1,1.3022431200370193,1,1.918891154229641,24,19,6,0,D F M S,Fiorentina,1,1.3022431200370193,6.7605024836957455,4.436800733208656,2025,Serie_A
9951,Tommaso Baldanzi,17,723,1,1.839009903371334,2,0.9014128483831882,19,14,2,0,F M S,"Genoa,Roma",1,1.839009903371334,4.351064808666706,2.1957237236201763,2025,Serie_A
9964,Koni de Winter,25,1783,1,0.7965529607608914,1,0.6498572872951627,7,5,1,0,D S,AC Milan,1,0.7965529607608914,8.046976586803794,7.892384415492415,2025,Serie_A
9966,Fabio Miretti,21,567,1,1.6094705890864134,2,1.2492126505821943,17,11,1,0,M S,Juventus,1,1.6094705890864134,5.0962766371667385,2.6715952157974243,2025,Serie_A
9996,Abdou Harroui,21,794,1,1.1578384432941675,0,0.6161116906441748,11,12,3,0,F M S,Verona,0,0.39653960801661015,3.1820223187096417,2.3069825069978833,2025,Serie_A
10090,Iker Bravo,8,199,1,0.4611617363989353,0,0.22242626175284386,4,3,1,0,F S,Udinese,1,0.4611617363989353,0.7864157892763615,0.2029806226491928,2025,Serie_A
10241,Antonio Vergara,11,616,1,0.7055973187088966,2,0.8353275340050459,10,11,2,0,M S,Napoli,1,0.7055973187088966,1.9738178700208664,0.6202746126800776,2025,Serie_A
10365,Morten Frendrup,34,2913,1,0.27423396054655313,0,1.3313311552628875,8,13,5,0,M S,Genoa,1,0.27423396054655313,5.546856286935508,4.301422728225589,2025,Serie_A
10383,Michel Aebischer,33,2759,1,0.8299102364107966,1,2.6758876526728272,19,30,8,0,M S,Pisa,1,0.8299102364107966,9.182455169968307,7.117089634761214,2025,Serie_A
10832,Loïs Openda,24,631,1,3.6466977363452315,0,0.5982526540756226,25,8,0,0,F M S,Juventus,1,3.6466977363452315,5.030778467655182,1.0973882721737027,2025,Serie_A
10891,Carlos Augusto,32,1565,1,1.7171726878732443,1,1.1390730757266283,16,11,6,0,D S,Inter,1,1.7171726878732443,12.262443259358406,10.497334010899067,2025,Serie_A
10899,Emirhan Ilkhan,17,873,1,2.3091845316812396,2,1.2235390963032842,11,12,2,1,M S,Torino,1,2.3091845316812396,3.38107955083251,2.044154342263937,2025,Serie_A
10935,Dodô,34,2978,1,1.3770605642348528,2,5.2710798885673285,25,48,7,0,D M,Fiorentina,1,1.3770605642348528,13.952004896476865,9.908023450523615,2025,Serie_A
10956,Emil Holm,17,867,1,1.140292527154088,4,2.278636334463954,12,9,1,1,D S,"Bologna,Juventus",1,1.140292527154088,4.32664461247623,3.059872541576624,2025,Serie_A
10957,Mikael Ellertsson,34,2590,1,2.1503593772649765,1,2.442564856261015,26,15,1,1,D M S,Genoa,1,2.1503593772649765,5.811379747465253,2.775520314462483,2025,Serie_A
10985,Sulemana,17,836,1,1.604373188689351,0,0.14469874277710915,9,6,2,0,M S,"Bologna,Cagliari",1,1.604373188689351,2.480379809625447,1.7357827052474022,2025,Serie_A
11038,Jhon Lucumí,28,2192,1,1.3786265589296818,0,0.7872928977012634,8,7,5,0,D S,Bologna,1,1.3786265589296818,7.1327358153648674,6.42376907588914,2025,Serie_A
11039,Lewis Ferguson,25,1396,1,0.6235942039638758,0,1.4675781186670065,12,14,5,1,M S,Bologna,1,0.6235942039638758,4.737114615738392,4.037093225866556,2025,Serie_A
11053,Isak Hien,27,1861,1,1.0443096067756414,0,0.10725091770291328,8,2,5,0,D S,Atalanta,1,1.0443096067756414,6.24465699121356,6.184903960675001,2025,Serie_A
11306,Cyril Ngonge,20,987,1,2.7625477351248264,1,0.5623787045478821,24,12,2,0,F S,Torino,1,2.7625477351248264,4.732533551752567,1.5956357037648559,2025,Serie_A
11551,Marco Palestra,35,2971,1,1.4036146560683846,4,4.124362503178418,25,29,3,0,D F M S,Cagliari,1,1.4036146560683846,7.791047940030694,3.729767776094377,2025,Serie_A
11741,Saúl Coco,33,2913,1,1.1569340787827969,1,0.6398871839046478,15,10,3,0,D,Torino,1,1.1569340787827969,6.319447906687856,5.795648017898202,2025,Serie_A
11902,Pietro Comuzzo,25,1583,1,0.8149047680199146,0,0.04436711315065622,10,3,2,0,D S,Fiorentina,1,0.8149047680199146,5.759196665138006,5.622069746255875,2025,Serie_A
11936,Lorenzo Lucca,16,381,1,1.9075428172945976,0,0.664022158831358,15,2,1,0,F S,Napoli,1,1.9075428172945976,3.8791440911591053,1.38358985632658,2025,Serie_A
11945,Ylber Ramadani,35,3058,1,1.197400783188641,0,1.1706381207332015,34,16,8,0,M,Lecce,1,1.197400783188641,6.91378722153604,5.002691870555282,2025,Serie_A
11958,Gaetano Oristanio,20,853,1,2.3994482420384884,0,0.6013111472129822,23,10,1,0,F M S,Parma Calcio 1913,1,2.3994482420384884,3.5321153216063976,0.7341090142726898,2025,Serie_A
11959,Matteo Prati,31,1813,1,1.632111114449799,0,1.6853668447583914,30,12,5,0,M S,"Cagliari,Torino",1,1.632111114449799,5.478320987895131,3.7300670966506004,2025,Serie_A
12012,Marcus Pedersen,27,1996,1,1.6248117666691542,2,2.799626899883151,15,18,3,0,D M S,Torino,1,1.6248117666691542,8.121858948841691,3.9403029829263687,2025,Serie_A
12084,Martín Payero,25,1469,1,1.4321895614266396,0,0.5584035962820053,23,13,8,0,M S,Cremonese,1,1.4321895614266396,3.3215508349239826,2.247837715782225,2025,Serie_A
12104,Neil El Aynaoui,23,825,1,0.9577326010912657,2,1.579077571630478,6,10,5,0,M S,Roma,1,0.9577326010912657,4.8489761389791965,2.753758331760764,2025,Serie_A
12218,Francesco Camarda,20,663,1,2.3466110695153475,0,0.5863882713019848,15,4,1,0,F S,Lecce,1,1.58531223423779,1.6311771962791681,0.6394962444901466,2025,Serie_A
12362,Santiago Pierotti,35,2499,1,3.305098233744502,1,1.9939458686858416,30,21,4,0,F M S,Lecce,1,3.305098233744502,6.134170056320727,2.2544524231925607,2025,Serie_A
12365,Alieu Njie,13,232,1,1.1594248414039612,1,0.16096766665577888,4,3,2,0,F M S,Torino,1,1.1594248414039612,1.6949489209800959,0.6028304509818554,2025,Serie_A
12783,Alessandro Circati,29,2487,1,0.736436253413558,0,0.23329588770866394,8,8,6,0,D,Parma Calcio 1913,1,0.736436253413558,4.190020266920328,3.6655275896191597,2025,Serie_A
12822,Álex Valle,28,2028,1,0.8854037057608366,4,1.477425147779286,11,14,3,0,D S,Como,1,0.8854037057608366,8.43967054784298,6.7662607887759805,2025,Serie_A
12853,Jesper Karlström,34,3013,1,0.9064523642882705,0,0.8986503640189767,18,16,5,0,M,Udinese,1,0.9064523642882705,7.770771138370037,6.484849313274026,2025,Serie_A
13059,Jesús Rodriguez,29,1624,1,3.878216991201043,7,5.579664699733257,44,33,2,1,F M S,Como,1,3.878216991201043,12.091269053518772,4.104817010462284,2025,Serie_A
13072,Vasilije Adzic,10,142,1,0.22699675429612398,0,0.18228169530630112,6,4,0,0,M S,Juventus,1,0.22699675429612398,0.47831240855157375,0.37471017707139254,2025,Serie_A
13097,Mandela Keita,35,2852,1,0.4312930926680565,1,0.28389536030590534,15,11,1,0,M S,Parma Calcio 1913,1,0.4312930926680565,2.9074681662023067,2.3855352448299527,2025,Serie_A
13172,Adrian Benedyczak,14,476,1,1.9938557110726833,1,1.453725766390562,8,9,1,0,F S,Parma Calcio 1913,0,1.2325568906962872,2.225842133164406,0.817415039986372,2025,Serie_A
13330,Robinio Vaz,11,179,1,0.6552822887897491,0,0,5,0,0,0,S,Roma,1,0.6552822887897491,0.7226787954568863,0.15723617002367973,2025,Serie_A
13389,Devyne Rensch,22,1036,1,0.5354599198326468,4,2.1966981906443834,5,9,1,0,D M S,Roma,1,0.5354599198326468,4.010979915037751,2.7835104446858168,2025,Serie_A
13811,Idrissa Gueye,17,317,1,2.051407415419817,0,0.1570093957707286,16,4,2,0,F S,Udinese,1,2.051407415419817,3.4244379056617618,1.6756409406661987,2025,Serie_A
13875,Jamil Siebert,19,1521,1,0.47976838424801826,0,0.3154878802597523,6,3,3,0,D S,Lecce,1,0.47976838424801826,2.3006596164777875,1.9309568675234914,2025,Serie_A
13881,Noa Lang,18,645,1,1.3651904631406069,2,1.9749588575214148,9,14,2,0,F M S,Napoli,1,1.3651904631406069,4.173819866031408,2.7640192843973637,2025,Serie_A
13896,Zachary Athekame,25,686,1,0.2974417107179761,2,1.409815564751625,11,11,3,0,D S,AC Milan,1,0.2974417107179761,4.027305219322443,2.9631006587296724,2025,Serie_A
13898,Jari Vandeputte,30,1896,1,2.11050614900887,5,6.167903237044811,20,53,2,0,M S,Cremonese,1,2.11050614900887,7.227917363867164,4.049240369349718,2025,Serie_A
13901,Francesco Folino,18,690,1,0.3679794892668724,0,0.016072319820523262,2,1,0,0,D S,Cremonese,1,0.3679794892668724,0.8554316479712725,0.8554316479712725,2025,Serie_A
13933,Nicolas Kühn,23,643,1,0.9032431282103062,1,1.4387495424598455,8,11,0,0,M S,Como,1,0.9032431282103062,4.039138616994023,1.8611475694924593,2025,Serie_A
13938,Idrissa Touré,31,2264,1,2.997904310002923,0,3.5665722815319896,28,20,4,1,D M S,Pisa,1,2.997904310002923,7.3135246662423015,3.037940706126392,2025,Serie_A
13946,João Mário,19,913,1,0.26417624577879906,0,0.40743955224752426,6,6,2,0,D S,"Bologna,Juventus",1,0.26417624577879906,3.188843292184174,2.6839608373120427,2025,Serie_A
13948,Christian Ordóñez,26,913,1,0.29632275458425283,0,0.2284248135983944,8,5,3,1,M S,Parma Calcio 1913,1,0.29632275458425283,1.2994367182254791,0.9687964944168925,2025,Serie_A
13949,Oliver Sørensen,32,1801,1,2.032379439100623,1,0.7402975568547845,14,9,2,0,D M S,Parma Calcio 1913,1,2.032379439100623,4.558552084490657,2.94463368691504,2025,Serie_A
13955,Jakub Piotrowski,32,1646,1,3.2054076455533504,1,0.7109810505062342,36,11,2,0,M S,Udinese,1,3.2054076455533504,6.44535486958921,3.212956831790507,2025,Serie_A
13965,Edoardo Iannoni,15,230,1,0.7571988552808762,0,0,3,0,3,0,M S,Sassuolo,1,0.7571988552808762,0.8942649494856596,0.13706609420478344,2025,Serie_A
13979,Mariano Troilo,19,1451,1,0.977194907143712,0,0.5921033723279834,9,6,5,2,D S,Parma Calcio 1913,1,0.977194907143712,1.6122750248759985,1.145035401917994,2025,Serie_A
14046,Lorran,9,95,1,0.7093146331608295,0,0.06233236938714981,3,1,0,0,S,Pisa,1,0.7093146331608295,0.9075726270675659,0.13592561706900597,2025,Serie_A
14264,Yael Trepy,8,68,1,0.5980131141841412,0,0.1456443965435028,7,2,0,0,S,Cagliari,1,0.5980131141841412,0.6774523053318262,0,2025,Serie_A
14351,Rafiu Durosinmi,12,428,1,0.7598076574504375,1,0.08760827407240868,9,3,1,1,F S,Pisa,1,0.7598076574504375,0.9264481924474239,0.18271230906248093,2025,Serie_A
14369,Felipe Loyola,10,513,1,0.6915298411622643,0,0.543415728956461,8,4,0,1,M S,Pisa,1,0.6915298411622643,1.4052306339144707,0.3366272523999214,2025,Serie_A
199,Yann Sommer,32,2880,0,0,0,0,0,0,0,0,GK,Inter,0,0,7.551285669207573,7.551285669207573,2025,Serie_A
342,Sead Kolasinac,18,1232,0,0.12279180064797401,0,0,3,0,3,0,D S,Atalanta,0,0.12279180064797401,3.8926193825900555,3.8607216477394104,2025,Serie_A
546,David de Gea,36,3240,0,0,0,0.02637576125562191,0,1,1,0,GK,Fiorentina,0,0,4.323543433099985,4.297167677432299,2025,Serie_A
557,Matteo Darmian,5,176,0,0,0,0,0,0,0,0,D S,Inter,0,0,0.44995131343603134,0.44995131343603134,2025,Serie_A
703,Fikayo Tomori,31,2434,0,0.594410877674818,2,1.0016300892457366,9,4,5,1,D S,AC Milan,0,0.594410877674818,8.241818975657225,6.800956133753061,2025,Serie_A
1040,Angelino,7,427,0,0.23263075575232506,0,0.28048957511782646,5,5,2,0,D M S,Roma,0,0.23263075575232506,0.7898757718503475,0.6207265220582485,2025,Serie_A
1093,Mattia Perin,8,676,0,0,0,0.08175992965698242,0,1,0,0,GK,Juventus,0,0,2.6441878732293844,2.562427943572402,2025,Serie_A
1119,Alessio Romagnoli,31,2580,0,1.5350841991603374,0,0.07110843434929848,9,3,6,1,D S,Lazio,0,1.5350841991603374,5.470095567405224,5.392921453341842,2025,Serie_A
1158,Simone Scuffet,7,630,0,0,0,0,0,0,0,0,GK,Pisa,0,0,0.5827806890010834,0.5827806890010834,2025,Serie_A
1164,Cristiano Biraghi,14,497,0,0.0619102343916893,0,0.36423151567578316,2,7,0,0,D M S,Torino,0,0.0619102343916893,0.7062440980225801,0.45608710683882236,2025,Serie_A
1193,Lorenzo De Silvestri,11,431,0,0,0,0.15873191319406033,0,5,2,0,D S,Bologna,0,0,0.47915426455438137,0.3204223569482565,2025,Serie_A
1195,Daniele Padelli,2,180,0,0,0,0,0,0,0,0,GK,Udinese,0,0,0,0,2025,Serie_A
1204,Patric,14,657,0,0.22677219100296497,0,0.3094649985432625,5,2,2,0,D M S,Lazio,0,0.22677219100296497,2.157246741466224,2.0457299454137683,2025,Serie_A
1209,Ciro Immobile,6,185,0,0.06291157007217407,0,0.06338533759117126,2,1,1,0,F S,Bologna,0,0.06291157007217407,0.2141840010881424,0.12594814598560333,2025,Serie_A
1247,Juan Jesus,23,1628,0,0.20742123201489449,0,0.27210403606295586,3,4,8,1,D S,Napoli,0,0.20742123201489449,6.543274709954858,6.30267090536654,2025,Serie_A
1252,Stephan El Shaarawy,18,566,0,1.5054971650242805,2,1.7541244626045227,15,12,3,0,F M S,Roma,0,1.5054971650242805,4.432202804833651,2.396810719743371,2025,Serie_A
1253,Edin Dzeko,11,220,0,0.2566082924604416,0,0.17477213218808174,4,2,1,0,F S,Fiorentina,0,0.2566082924604416,0.5696598142385483,0.41456295922398567,2025,Serie_A
1264,Edoardo Goldaniga,2,12,0,0,0,0,0,0,0,0,S,Como,0,0,0,0,2025,Serie_A
1281,Giuseppe Pezzella,29,2419,0,0.10538806114345789,1,1.5860623018816113,5,26,8,1,D M S,Cremonese,0,0.10538806114345789,4.93262034188956,3.720164413563907,2025,Serie_A
1301,Daniele Rugani,11,510,0,0,0,0,0,0,2,0,D S,"Fiorentina,Juventus",0,0,1.2558237304911017,1.2558237304911017,2025,Serie_A
1302,Emil Audero,32,2880,0,0,0,0,0,0,0,0,GK,Cremonese,0,0,0.9797998899593949,0.9797998899593949,2025,Serie_A
1305,Lukasz Skorupski,17,1414,0,0,0,0,0,0,1,1,GK,Bologna,0,0,1.2822531312704086,1.2822531312704086,2025,Serie_A
1370,Federico Ceccherini,9,475,0,0.19045374542474747,1,0.41685381904244423,5,2,1,1,D S,Cremonese,0,0.19045374542474747,0.7198278941214085,0.6481388285756111,2025,Serie_A
1375,Elseid Hysaj,5,166,0,0,0,0,0,0,0,0,D S,Lazio,0,0,0.013072773814201355,0.013072773814201355,2025,Serie_A
1441,Adam Masina,5,224,0,0,1,0.4117826772853732,0,2,0,0,D S,Torino,0,0,0.4252637103199959,0.41286323964595795,2025,Serie_A
1461,Pol Lirola,6,310,0,0,0,0.014192024245858192,0,1,1,0,D S,Verona,0,0,0.07300112396478653,0.058809101581573486,2025,Serie_A
1463,Francesco Acerbi,17,1290,0,0.370837839320302,1,0.6485349498689175,3,3,2,0,D S,Inter,0,0.370837839320302,4.262748699635267,4.164260428398848,2025,Serie_A
1504,Alberto Grassi,28,1592,0,0.7359561799094081,0,0.407305583357811,12,7,3,0,M S,Cremonese,0,0.7359561799094081,3.570696094073355,2.625468689016998,2025,Serie_A
1541,Stefan de Vrij,9,502,0,0.31114134658128023,0,0.018896806985139847,5,1,1,0,D S,Inter,0,0.31114134658128023,4.33934061229229,4.2639723271131516,2025,Serie_A
1544,Federico Ravaglia,17,1468,0,0,0,0,0,0,4,0,GK S,Bologna,0,0,1.1016265656799078,1.1016265656799078,2025,Serie_A
1583,Arkadiusz Milik,2,33,0,0.25693683698773384,0,0,2,0,0,0,S,Juventus,0,0.25693683698773384,0.05835132487118244,0.04924273304641247,2025,Serie_A
1588,Raúl Albiol,8,494,0,0.06764602661132812,1,0.9096565768122673,1,3,1,0,D S,Pisa,0,0.06764602661132812,0.9724318794906139,0.8516329564154148,2025,Serie_A
1634,Alessandro Deiola,18,1294,0,2.054328969679773,2,0.5954971769824624,18,6,3,0,D M S,Cagliari,0,2.054328969679773,4.270316021516919,2.8694379832595587,2025,Serie_A
1804,Álvaro Morata,24,909,0,4.535538414493203,1,0.7771521378308535,22,10,2,1,F S,Como,0,3.774239609017968,3.2988257985562086,0.6550146443769336,2025,Serie_A
1843,Matteo Bianchetti,25,2042,0,0.7512021120637655,2,0.48775646602734923,7,4,3,0,D S,Cremonese,0,0.7512021120637655,3.321823885664344,3.0193286444991827,2025,Serie_A
1873,Nicola Leali,21,1753,0,0,0,0.1997857615351677,0,2,2,1,GK S,Genoa,0,0,0.9390453640371561,0.7392595950514078,2025,Serie_A
1892,Alex Meret,9,810,0,0,1,0.27119016647338867,0,1,1,0,GK,Napoli,0,0,1.1581390500068665,1.1581390500068665,2025,Serie_A
1898,Stefano Sabelli,15,869,0,0.3046030914410949,0,0.32179055362939835,5,6,0,0,D M S,Genoa,0,0.3046030914410949,3.6492959382012486,3.200494651682675,2025,Serie_A
1922,Daniele Sommariva,2,176,0,0,0,0,0,0,0,0,GK S,Genoa,0,0,0.038354236632585526,0.038354236632585526,2025,Serie_A
1927,Berat Gjimshiti,32,2409,0,1.5885680867359042,0,0.3097732849419117,15,4,4,0,D S,Atalanta,0,1.5885680867359042,9.466366886161268,8.827317192219198,2025,Serie_A
2012,Nicholas Pierini,11,116,0,0.32863440550863743,0,0.11561272479593754,5,4,1,0,S,Sassuolo,0,0.32863440550863743,0.18292086850851774,0,2025,Serie_A
2058,Filippo Romagna,5,319,0,0.046894218772649765,0,0,2,0,0,0,D S,Sassuolo,0,0.046894218772649765,0.32528201257809997,0.32528201257809997,2025,Serie_A
2104,Sergi Roberto,18,499,0,1.0820457711815834,0,0.3467925526201725,6,8,3,0,M S,Como,0,1.0820457711815834,4.112761254422367,3.482846712693572,2025,Serie_A
3278,Maxwel Cornet,8,110,0,1.429563120007515,0,0.24577192403376102,4,6,0,0,M S,Genoa,0,0.6682642847299576,0.7464268896728754,0.014457253739237785,2025,Serie_A
3363,Benjamin Pavard,1,90,0,0.04614909365773201,0,0.02675178088247776,1,1,0,0,D,Inter,0,0.04614909365773201,0.6803727149963379,0.6803727149963379,2025,Serie_A
3729,Hassane Kamara,25,1802,0,0.8897657804191113,2,2.4806708823889494,16,22,4,0,D M S,Udinese,0,0.8897657804191113,6.344974089413881,4.0801223162561655,2025,Serie_A
3737,Mike Maignan,35,3116,0,0,0,0,0,0,3,0,GK,AC Milan,0,0,4.712516529485583,4.712516529485583,2025,Serie_A
3856,Milan Djuric,22,410,0,0.8126786760985851,1,0.7613420076668262,14,5,1,0,F S,"Cremonese,Parma Calcio 1913",0,0.8126786760985851,2.1519013457000256,0.8760578818619251,2025,Serie_A
3965,Arturo Calabresi,24,1387,0,0.24077298864722252,0,0.06513979658484459,4,4,7,0,D S,Pisa,0,0.24077298864722252,1.5577398966997862,1.4870910933241248,2025,Serie_A
4911,Alessio Zerbin,31,1592,0,1.82145987264812,3,2.4866941403597593,21,17,1,0,D M S,Cremonese,0,1.82145987264812,5.13411957398057,1.9741908451542258,2025,Serie_A
4920,Matteo Gabbia,28,2351,0,1.5443233884871006,0,0.05194440949708223,19,2,3,0,D S,AC Milan,0,1.5443233884871006,6.967008100822568,6.675378071144223,2025,Serie_A
4951,Grigoris Kastanos,6,31,0,0.028007475659251213,0,0.0396810844540596,1,1,0,0,S,Verona,0,0.028007475659251213,0.028007475659251213,0,2025,Serie_A
4981,Davide Frattesi,22,523,0,2.2943487614393234,0,0.5991341080516577,16,5,0,0,M S,Inter,0,2.2943487614393234,3.8932081889361143,1.1310180015861988,2025,Serie_A
4984,Wladimiro Falcone,36,3240,0,0,0,0.03652598336338997,0,1,2,0,GK,Lecce,0,0,0.5413754656910896,0.5048494823276997,2025,Serie_A
4990,Marius Marin,23,1307,0,0.0855703866109252,0,0.021977752447128296,3,2,7,0,M S,Pisa,0,0.0855703866109252,3.226825973019004,3.1192778795957565,2025,Serie_A
5025,Alessandro Buongiorno,32,2466,0,1.6447823997586966,1,0.3518915679305792,8,3,3,0,D S,Napoli,0,1.6447823997586966,8.016250479966402,7.9922011978924274,2025,Serie_A
5221,Leon Bailey,7,184,0,0.1348361037671566,0,0.0624751690775156,3,2,0,0,F S,Roma,0,0.1348361037671566,0.5365037806332111,0.46385668963193893,2025,Serie_A
5509,Hernani,4,58,0,0.03572908416390419,0,0.026605982333421707,1,1,0,0,S,Parma Calcio 1913,0,0.03572908416390419,0.07799762487411499,0.05139164254069328,2025,Serie_A
5610,Jean Butez,36,3240,0,0,1,0.45118703320622444,0,3,3,0,GK,Como,0,0,7.219554083421826,6.768367046490312,2025,Serie_A
5996,Adrien Tameze,24,1110,0,0.22257451061159372,0,0.2651061238721013,5,8,3,0,D M S,Torino,0,0.22257451061159372,3.868183462880552,3.5301011195406318,2025,Serie_A
6129,Nícolas,6,540,0,0,0,0,0,0,0,0,GK,Pisa,0,0,0.07214095257222652,0.07214095257222652,2025,Serie_A
6132,Marco Silvestri,4,360,0,0,0,0,0,0,0,0,GK,Cremonese,0,0,0.03316120430827141,0.03316120430827141,2025,Serie_A
6149,Unai Núñez,17,1263,0,0.29863099195063114,0,0.15265948697924614,7,5,6,0,D S,Verona,0,0.29863099195063114,2.789568616077304,2.5562163945287466,2025,Serie_A
6167,Vanja Milinkovic-Savic,27,2430,0,0,1,0.30241677910089493,0,3,0,0,GK,Napoli,0,0,4.887410014867783,4.58499326556921,2025,Serie_A
6180,Manuel Lazzari,21,903,0,0.10932585690170527,0,0.12791617680341005,4,2,2,0,D S,Lazio,0,0.10932585690170527,1.957939920015633,1.7328816344961524,2025,Serie_A
6296,Abdelhamid Sabiri,1,24,0,0.012924617156386375,0,0.14482718706130981,1,3,0,0,S,Fiorentina,0,0.012924617156386375,0.08918754011392593,0.07626292109489441,2025,Serie_A
6352,Valentino Lazaro,31,2273,0,0.42337211314588785,2,3.7035163436084986,8,31,4,0,D M S,Torino,0,0.42337211314588785,6.316612107679248,4.944833934307098,2025,Serie_A
6368,Mathías Olivera,23,1292,0,1.7913433331996202,0,0.5973206851631403,8,10,3,0,D S,Napoli,0,1.7913433331996202,6.313764728605747,4.837455438449979,2025,Serie_A
6412,Raoul Bellanova,23,1328,0,0.5010053906589746,1,1.9250052385032177,13,20,2,0,D M S,Atalanta,0,0.5010053906589746,5.65476425178349,3.9686287585645914,2025,Serie_A
6517,Charalampos Lykogiannis,10,627,0,0.22313571348786354,1,1.4965692646801472,7,13,3,0,D S,Bologna,0,0.22313571348786354,1.564978839829564,0.9745610002428293,2025,Serie_A
6929,Adrian Semper,23,2070,0,0,0,0,0,0,0,0,GK,Pisa,0,0,0.6101384842768312,0.6101384842768312,2025,Serie_A
6977,Pietro Terracciano,2,124,0,0,0,0,0,0,0,0,GK S,AC Milan,0,0,0.3073457181453705,0.3073457181453705,2025,Serie_A
6982,Ivan Provedel,27,2430,0,0,0,0.2273319959640503,0,1,1,0,GK,Lazio,0,0,2.789876733906567,2.562544737942517,2025,Serie_A
7027,Arijanet Muric,32,2880,0,0,0,0.03346681594848633,0,1,4,0,GK,Sassuolo,0,0,3.8466744776815176,3.8466744776815176,2025,Serie_A
7074,Nicolás González,2,14,0,0.08179152198135853,0,0.037921447306871414,2,1,0,0,S,Juventus,0,0.08179152198135853,0.06024017930030823,0,2025,Serie_A
7087,Elia Caprile,36,3240,0,0,0,0.12291324138641357,0,1,2,0,GK,Cagliari,0,0,2.3030849685892463,2.1801717272028327,2025,Serie_A
7091,Christian Kouamé,2,16,0,0,0,0,0,0,0,0,S,Fiorentina,0,0,0.13507835566997528,0.13507835566997528,2025,Serie_A
7208,Samuel Chukwueze,1,23,0,0,0,0,0,0,0,0,S,AC Milan,0,0,0.021089907735586166,0.021089907735586166,2025,Serie_A
7411,Nicolo Rovella,10,436,0,0.01711762323975563,1,1.4669072283431888,1,13,1,0,M S,Lazio,0,0.01711762323975563,1.440472629852593,1.2205642657354474,2025,Serie_A
7483,Hans Nicolussi Caviglia,24,1293,0,0.7369402395561337,4,1.6512630954384804,17,17,4,0,M S,"Fiorentina,Parma Calcio 1913",0,0.7369402395561337,3.7002283465117216,2.5689476411789656,2025,Serie_A
7627,Andrea Ghion,1,7,0,0,0,0,0,0,0,0,S,Sassuolo,0,0,0.11928858608007431,0.11928858608007431,2025,Serie_A
7755,Domagoj Bradaric,27,1952,0,0.588160203769803,1,2.6309942826628685,12,27,2,0,D M S,Verona,0,0.588160203769803,6.004734326153994,3.34078517742455,2025,Serie_A
7758,Cheikh Niasse,20,973,0,0.1757795037701726,1,0.5936807617545128,6,11,1,0,D M S,Verona,0,0.1757795037701726,2.713234404101968,2.0721419416368008,2025,Serie_A
8009,Antonino Gallo,35,2883,0,0.7666580146178603,4,3.012824340723455,5,33,2,0,D S,Lecce,0,0.7666580146178603,4.038546895608306,2.960199157707393,2025,Serie_A
8030,Sebastian Walukiewicz,34,2871,0,0.1800192967057228,1,2.0545829758048058,7,21,7,0,D S,Sassuolo,0,0.1800192967057228,8.79346252931282,7.566686389502138,2025,Serie_A
8101,Stefano Turati,4,360,0,0,0,0.04254395514726639,0,1,0,0,GK,Sassuolo,0,0,0.9562537460587919,0.9137097909115255,2025,Serie_A
8109,Niels Nkounkou,10,316,0,0.2177513688802719,1,0.6745163174346089,4,6,3,0,D S,Torino,0,0.2177513688802719,1.0414578495547175,0.18736152164638042,2025,Serie_A
8226,Tariq Lamptey,2,22,0,0,0,0.12452792376279831,0,2,0,0,M S,Fiorentina,0,0,0.12452792376279831,0,2025,Serie_A
8241,Balthazar Pierret,3,20,0,0,0,0,0,0,0,0,S,Lecce,0,0,0,0,2025,Serie_A
8290,Edoardo Corvi,16,1440,0,0,0,0,0,0,1,0,GK,Parma Calcio 1913,0,0,1.1205426268279552,1.1205426268279552,2025,Serie_A
8303,Marin Pongracic,33,2810,0,0.592979246750474,0,0.6261241175234318,8,6,11,0,D S,Fiorentina,0,0.592979246750474,6.6906648725271225,6.35205720551312,2025,Serie_A
8321,Razvan Sava,7,620,0,0,0,0,0,0,1,0,GK S,Udinese,0,0,0.17731027491390705,0.17731027491390705,2025,Serie_A
8326,Maduka Okoye,28,2436,0,0,0,0.07136108539998531,0,2,1,1,GK,Udinese,0,0,1.990268925204873,1.9739374555647373,2025,Serie_A
8330,Jean Onana,3,36,0,0.019550567492842674,0,0.01388530433177948,1,1,0,0,S,Genoa,0,0.019550567492842674,0.033435871824622154,0,2025,Serie_A
8380,Pablo Marí,11,810,0,0.04825178999453783,0,0.11278592422604561,2,2,3,0,D S,Fiorentina,0,0.04825178999453783,1.7687735836952925,1.667766323313117,2025,Serie_A
8383,Faustino Anjorin,15,258,0,0.603797011077404,0,0.11870283167809248,4,3,1,0,M S,Torino,0,0.603797011077404,1.4105537831783295,1.0754508320242167,2025,Serie_A
8554,Rafael Obrador,14,979,0,0.15849205572158098,2,0.7514761928468943,6,9,1,0,D M S,Torino,0,0.15849205572158098,2.6316439509391785,1.9069761410355568,2025,Serie_A
8632,Enzo Ebosse,15,1162,0,0.05857173725962639,1,0.4401688054203987,1,5,3,0,D S,"Torino,Verona",0,0.05857173725962639,4.044107150286436,4.008920054882765,2025,Serie_A
8728,Oier Zarraga,23,419,0,0.5969471037387848,0,0.13265379518270493,4,2,2,0,M S,Udinese,0,0.5969471037387848,1.634027755819261,1.019283807836473,2025,Serie_A
8828,Ivan Ilic,8,414,0,0,0,0.7176270708441734,0,8,2,0,M S,Torino,0,0,1.2886295728385448,0.6005804687738419,2025,Serie_A
8829,Nicolò Casale,12,672,0,0.7464245669543743,0,0.20493358746170998,5,4,0,0,D S,Bologna,0,0.7464245669543743,1.794011733494699,1.707671201787889,2025,Serie_A
8852,Konstantinos Tsimikas,18,617,0,0.5683948341757059,0,0.07915243785828352,7,3,1,0,D M S,Roma,0,0.5683948341757059,1.6814278615638614,1.141974575817585,2025,Serie_A
8857,Gabriele Zappa,29,1403,0,0.436904426664114,3,2.0245496109128,9,11,2,0,D S,Cagliari,0,0.436904426664114,5.5443649012595415,4.036339515820146,2025,Serie_A
8871,Marco Carnesecchi,36,3240,0,0,0,0,0,0,0,0,GK,Atalanta,0,0,6.597830172628164,6.597830172628164,2025,Serie_A
8881,Lorenzo Montipò,33,2970,0,0,1,0.218423243612051,0,3,0,0,GK,Verona,0,0,2.1883213939145207,1.9698981354013085,2025,Serie_A
8895,Tete Morente,16,859,0,0.9692354239523411,0,0.8144437298178673,14,10,2,0,F M S,Lecce,0,0.9692354239523411,2.2564369663596153,0.9947964325547218,2025,Serie_A
8967,Lautaro Valenti,25,2102,0,0.4092920050024986,0,1.1660469826310873,16,10,6,0,D S,Parma Calcio 1913,0,0.4092920050024986,5.135976437479258,4.228743951767683,2025,Serie_A
9029,Simon Sohm,28,1447,0,0.7936277445405722,1,2.04474865924567,9,15,3,0,M S,"Bologna,Fiorentina",0,0.7936277445405722,4.9742969293147326,3.7022214271128178,2025,Serie_A
9030,Filippo Rinaldi,1,90,0,0,0,0,0,0,1,0,GK,Parma Calcio 1913,0,0,0,0,2025,Serie_A
9044,Alberto Paleari,27,2430,0,0,0,0,0,0,1,0,GK,Torino,0,0,1.6543964557349682,1.6543964557349682,2025,Serie_A
9052,Josep Martínez,4,360,0,0,0,0,0,0,0,0,GK,Inter,0,0,0.8725042939186096,0.8725042939186096,2025,Serie_A
9057,Franco Ezequiel Carboni,5,21,0,0,0,0,0,0,0,0,S,Parma Calcio 1913,0,0,0.12551195919513702,0.12551195919513702,2025,Serie_A
9061,Pontus Almqvist,12,426,0,0.2460934966802597,0,1.3483628779649734,3,8,0,0,D M S,Parma Calcio 1913,0,0.2460934966802597,1.9476385302841663,0.506937887519598,2025,Serie_A
9065,Nahuel Estévez,31,984,0,0.6303743990138173,1,1.103767991065979,9,11,2,0,M S,Parma Calcio 1913,0,0.6303743990138173,2.3532994287088513,1.3416498266160488,2025,Serie_A
9090,Ardian Ismajli,24,1817,0,0.7488318141549826,1,0.5390323810279369,6,4,5,0,D S,Torino,0,0.7488318141549826,3.3383525405079126,2.786028353497386,2025,Serie_A
9134,Alessandro Di Pardo,3,50,0,0.10006377100944519,0,0,1,0,0,0,S,Cagliari,0,0.10006377100944519,0.10006377100944519,0,2025,Serie_A
9179,Franco Israel,9,810,0,0,0,0,0,0,1,0,GK,Torino,0,0,1.5392499398440123,1.5392499398440123,2025,Serie_A
9447,Niakhate Ndiaye,10,759,0,0.36038813553750515,0,0.022556563839316368,6,1,3,1,D S,Parma Calcio 1913,0,0.36038813553750515,1.8402875438332558,1.80102613940835,2025,Serie_A
9523,Andy Diouf,17,308,0,0.4598259776830673,0,1.322123808786273,6,10,1,0,D S,Inter,0,0.4598259776830673,3.0642516911029816,1.4257275965064764,2025,Serie_A
9561,Nicolò Bertola,26,1685,0,0.9637065827846527,1,1.5285710114985704,12,10,3,0,D S,Udinese,0,0.9637065827846527,4.4651086227968335,2.8580905999988317,2025,Serie_A
9691,Nuno Tavares,22,1388,0,1.0784156527370214,0,1.182953616604209,15,20,4,0,D S,Lazio,0,1.0784156527370214,5.61589712370187,4.387773661874235,2025,Serie_A
9710,Armel Bella Kotchap,18,1316,0,0.07622531428933144,0,0.04669840261340141,3,1,3,0,D S,Verona,0,0.07622531428933144,2.4115765765309334,2.3733383491635323,2025,Serie_A
9854,Kristjan Asllani,15,1145,0,1.1615827651694417,0,1.1300613693892956,20,16,3,0,M S,Torino,0,0.4002839298918843,2.6788381403312087,2.2846737299114466,2025,Serie_A
9855,Mattia Viti,10,231,0,0,0,0,0,0,1,1,D S,Fiorentina,0,0,0.3585231527686119,0.3585231527686119,2025,Serie_A
9866,Nadir Zortea,31,1754,0,0.4220857946202159,2,2.858346225693822,11,26,2,0,D S,Bologna,0,0.4220857946202159,5.77900561131537,3.2570625115185976,2025,Serie_A
9895,Nicolò Cavuoti,4,34,0,0,0,0,0,0,0,0,S,Cagliari,0,0,0,0,2025,Serie_A
9902,Pasquale Mazzocchi,14,279,0,0.04652746394276619,0,0.5082141198217869,2,3,0,1,D S,Napoli,0,0.04652746394276619,1.433493584394455,1.4018489643931389,2025,Serie_A
9919,Calvin Stengs,4,36,0,0.05077164247632027,0,0.00830277893692255,2,1,0,0,S,Pisa,0,0.05077164247632027,0.07719940319657326,0.04239241033792496,2025,Serie_A
9935,Aster Vranckx,16,693,0,0.08857502229511738,0,0.09521562606096268,3,2,2,0,M S,Sassuolo,0,0.08857502229511738,1.1440454255789518,1.0025428906083107,2025,Serie_A
9969,Teun Koopmeiners,31,1738,0,1.7949654590338469,0,0.623254019767046,28,15,5,0,D M S,Juventus,0,1.7949654590338469,7.971242573112249,6.654414489865303,2025,Serie_A
9985,Johan Vásquez,35,3129,0,1.2167105060070753,0,0.46500023547559977,23,9,2,0,D,Genoa,0,1.2167105060070753,6.465812901034951,6.182434423826635,2025,Serie_A
10036,Jeremy Sarmiento,7,127,0,0.05533710680902004,0,0.1608402132987976,2,3,0,0,S,Cremonese,0,0.05533710680902004,0.5485026314854622,0.3956798752769828,2025,Serie_A
10073,Adam Obert,33,2633,0,1.3562092930078506,3,3.5230596773326397,10,23,8,1,D S,Cagliari,0,1.3562092930078506,8.635394556447864,6.903018604964018,2025,Serie_A
10075,Romano Floriani,26,1089,0,0.20024864189326763,1,1.3022935949265957,5,9,2,0,D M S,Cremonese,0,0.20024864189326763,1.9743683747947216,1.198974552564323,2025,Serie_A
10143,Bryan Zaragoza,4,140,0,0.1814824938774109,1,0.8119799569249153,1,4,1,0,M S,Roma,0,0.1814824938774109,1.0063471645116806,0.05709405243396759,2025,Serie_A
10255,Sadik Fofana,5,80,0,0.10062063485383987,0,0.1805937960743904,2,2,0,0,M S,Lecce,0,0.10062063485383987,0.2812144346535206,0,2025,Serie_A
10303,Jacopo Fazzini,20,562,0,0.8832504265010357,0,0.7231574095785618,9,9,2,0,F M S,Fiorentina,0,0.8832504265010357,1.9941598996520042,0.4615865107625723,2025,Serie_A
10328,Edon Zhegrova,17,302,0,0.6157057266682386,0,1.0260313991457224,17,9,0,0,S,Juventus,0,0.6157057266682386,2.0488255321979523,1.298142459243536,2025,Serie_A
10345,Samuele Angori,33,2439,0,1.1729643810540438,2,3.6165771326050162,13,34,2,0,D M S,Pisa,0,1.1729643810540438,7.628728699870408,5.354813724756241,2025,Serie_A
10380,Zito,12,304,0,1.1511644944548607,0,0.3884659241884947,12,3,0,0,F M S,Cagliari,0,1.1511644944548607,1.9259464591741562,0.4089712295681238,2025,Serie_A
10389,Fali Candé,12,509,0,0.17011683620512486,0,0.011471363715827465,3,1,2,0,D S,Sassuolo,0,0.17011683620512486,0.5957811279222369,0.41419292613863945,2025,Serie_A
10413,Giovanni Bonfanti,9,501,0,0.28637711610645056,0,0.11172466725111008,6,3,1,0,D S,Pisa,0,0.28637711610645056,0.41594182699918747,0.1316771451383829,2025,Serie_A
10532,Giuseppe Ambrosino,3,31,0,0,0,0,0,0,0,0,S,Napoli,0,0,0.05247235856950283,0.05247235856950283,2025,Serie_A
10561,Jesús Santiago,2,2,0,0.010065632872283459,0,0.0408281609416008,1,1,0,0,S,Verona,0,0.010065632872283459,0.05089379381388426,0,2025,Serie_A
10577,Mario Gila,29,2361,0,1.1164315035566688,0,0.718289490789175,11,5,3,1,D,Lazio,0,1.1164315035566688,5.986471384763718,5.405449211597443,2025,Serie_A
10616,Samuel Iling-Junior,5,104,0,0,0,0.028510035946965218,0,1,0,0,M S,Pisa,0,0,0.028510035946965218,0,2025,Serie_A
10740,Jordan Zemura,15,1009,0,0.33131467178463936,1,1.2534602750092745,5,11,3,0,D S,Udinese,0,0.33131467178463936,2.027538286522031,1.6155340131372213,2025,Serie_A
10796,Zakaria Aboukhlal,15,500,0,0.41217751428484917,0,0.5975706037133932,7,3,4,0,D M S,Torino,0,0.41217751428484917,1.3414292484521866,0.4527049548923969,2025,Serie_A
10878,Sandi Lovric,12,361,0,0.2111946502700448,1,1.3344409875571728,5,10,1,0,M S,"Udinese,Verona",0,0.2111946502700448,0.577207344584167,0.3378659524023533,2025,Serie_A
10890,Michele Di Gregorio,29,2564,0,0,0,0,0,0,1,0,GK S,Juventus,0,0,3.3734507020562887,3.3734507020562887,2025,Serie_A
10898,Warren Bondo,27,1788,0,0.2856207136064768,0,0.161786250770092,8,3,5,0,M S,Cremonese,0,0.2856207136064768,3.443341282196343,2.995934301055968,2025,Serie_A
10906,Thórir Helgason,8,129,0,0.27724655345082283,0,0.1026582196354866,3,3,0,0,M S,Lecce,0,0.27724655345082283,0.3372492156922817,0.05115053988993168,2025,Serie_A
10955,Alex Sala,9,148,0,0.37685886584222317,1,0.12943614460527897,4,3,0,0,M S,Lecce,0,0.37685886584222317,0.3867439143359661,0.11009318754076958,2025,Serie_A
10967,Mile Svilar,36,3240,0,0,0,0,0,0,0,0,GK,Roma,0,0,5.061373060569167,5.061373060569167,2025,Serie_A
11022,Simone Perilli,3,270,0,0,0,0,0,0,0,0,GK,Verona,0,0,0.2584646940231323,0.2584646940231323,2025,Serie_A
11023,Josh Doig,30,1924,0,0.7494111750274897,0,1.5034504160284996,11,15,5,0,D S,Sassuolo,0,0.7494111750274897,5.639150124043226,4.256728074979037,2025,Serie_A
11027,Emanuele Valeri,32,2542,0,0.6195983802899718,2,3.65897692553699,21,48,2,0,D M S,Parma Calcio 1913,0,0.6195983802899718,5.996333531104028,4.529445230029523,2025,Serie_A
11049,Reda Belahyane,12,511,0,0.12286441773176193,1,1.0493217185139656,1,5,1,1,M S,Lazio,0,0.12286441773176193,1.391117892228067,1.1652848226949573,2025,Serie_A
11080,Valentín Carboni,12,345,0,0.6554981181398034,0,0.3237762823700905,6,4,2,0,M S,Genoa,0,0.6554981181398034,1.0826020389795303,0.23351708240807056,2025,Serie_A
11139,Tommaso Barbieri,27,1632,0,0.8731019468978047,1,1.8337322100996971,14,10,7,0,D M S,Cremonese,0,0.8731019468978047,4.9864197447896,2.3321381313726306,2025,Serie_A
11278,Gvidas Gineitis,28,1729,0,0.853898411616683,1,2.6442884262651205,26,25,5,0,M S,Torino,0,0.853898411616683,5.473616875708103,4.081794824451208,2025,Serie_A
11279,Ali Dembélé,2,15,0,0.05246631056070328,0,0,1,0,0,0,S,Torino,0,0.05246631056070328,0.05246631056070328,0,2025,Serie_A
11350,Amin Sarr,32,999,0,1.542491452768445,1,1.3302771244198084,17,13,0,1,F M S,Verona,0,1.542491452768445,3.629472803324461,1.5094536934047937,2025,Serie_A
11520,Lorenzo Bernasconi,23,1570,0,0.41859523858875036,3,3.146109139546752,9,27,3,0,D M S,Atalanta,0,0.41859523858875036,7.764180159196258,6.473759057000279,2025,Serie_A
11536,David Odogu,2,3,0,0,0,0,0,0,0,0,S,AC Milan,0,0,0,0,2025,Serie_A
11586,Ebenezer Akinsanmiro,22,1332,0,1.112527676858008,1,1.6431705905124545,13,16,2,0,M S,Pisa,0,1.112527676858008,4.29768105968833,1.7949366383254528,2025,Serie_A
11752,Amir Richardson,2,35,0,0.012502109631896019,0,0,1,0,0,0,S,Fiorentina,0,0.012502109631896019,0.012502109631896019,0,2025,Serie_A
11876,Luca Marianucci,11,639,0,0.02951385173946619,1,0.9537351913750172,2,7,2,0,D S,"Napoli,Torino",0,0.02951385173946619,4.380345284938812,3.4052485451102257,2025,Serie_A
11921,Filip Stojilkovic,11,536,0,1.7032614797353745,0,0.5696600675582886,8,1,0,0,F M S,Pisa,0,1.7032614797353745,2.7406241819262505,0.46770261228084564,2025,Serie_A
11929,Luca Lipani,22,901,0,0.9187592826783657,1,1.0563468276523054,12,10,3,0,M S,Sassuolo,0,0.9187592826783657,4.068056447431445,2.5596348848193884,2025,Serie_A
11930,Daniel Boloca,2,137,0,0.09553883969783783,0,0.038617439568042755,2,1,0,0,M,Sassuolo,0,0.09553883969783783,0.1647419761866331,0.030585705768316984,2025,Serie_A
11946,Mohamed Kaba,15,614,0,0.4404364861547947,0,0.21896721608936787,9,5,1,0,M S,Lecce,0,0.4404364861547947,1.6230159662663937,1.139161642640829,2025,Serie_A
11955,Alberto Dossena,10,733,0,0.8983321329578757,1,0.2970725856721401,7,2,5,0,D S,Cagliari,0,0.8983321329578757,1.1278530433773994,0.8307804688811302,2025,Serie_A
11990,Mateus Lusuardi,3,202,0,0.11973656341433525,0,0.14447112381458282,4,1,1,0,D,Pisa,0,0.11973656341433525,0.11286137998104095,0.11286137998104095,2025,Serie_A
12011,Seydou Fini,1,30,0,0,0,0.025144163519144058,0,1,0,0,S,Genoa,0,0,0.025144163519144058,0,2025,Serie_A
12095,Tomás Suslov,9,320,0,0.39377090986818075,0,0.13300511986017227,11,2,1,1,F M S,Verona,0,0.39377090986818075,0.42899374663829803,0.08300712704658508,2025,Serie_A
12168,Alejandro Jiménez,1,42,0,0,0,0.14040954411029816,0,2,1,0,S,AC Milan,0,0,0.38356098532676697,0.24315142631530762,2025,Serie_A
12356,Saba Goglichidze,8,418,0,0.5540105774998665,0,0.06340892240405083,3,2,2,0,D S,Udinese,0,0.5540105774998665,1.179652363061905,1.1365225426852703,2025,Serie_A
12425,Faris Moumbagna,5,72,0,0.4495754614472389,0,0.017842786386609077,2,1,0,0,S,Cremonese,0,0.4495754614472389,0.4004152715206146,0,2025,Serie_A
12530,Mikayil Faye,8,238,0,0.045254429802298546,0,0.4483277201652527,2,1,1,0,D M S,Cremonese,0,0.045254429802298546,0.7969660088419914,0.3307258803397417,2025,Serie_A
12601,Darryl Bakola,5,100,0,0.12669943273067474,1,0.16699905693531036,3,2,0,0,M S,Sassuolo,0,0.12669943273067474,0.6967151090502739,0.4030166268348694,2025,Serie_A
12609,Niccolò Fortini,16,488,0,0.22872518189251423,0,0.46310861967504025,8,4,0,0,D S,Fiorentina,0,0.22872518189251423,1.3271684758365154,0.7594672311097383,2025,Serie_A
12635,Matteo Palma,5,109,0,0,0,0,0,0,0,0,D S,Udinese,0,0,0.20054957829415798,0.20054957829415798,2025,Serie_A
12639,Junior Ajayi,1,1,0,0,0,0,0,0,0,0,S,Verona,0,0,0,0,2025,Serie_A
12777,Patrizio Masini,27,1295,0,1.5509811956435442,1,1.2380426349118352,16,9,5,0,M S,Genoa,0,1.5509811956435442,4.45983131043613,2.172826264053583,2025,Serie_A
12779,Honest Ahanor,20,1188,0,2.325456067919731,0,0.12379095330834389,12,2,1,1,D S,Atalanta,0,2.325456067919731,2.6370411813259125,2.318261779844761,2025,Serie_A
12781,Zion Suzuki,19,1710,0,0,0,0.025701042264699936,0,1,1,0,GK,Parma Calcio 1913,0,0,0.6844347473233938,0.6587337050586939,2025,Serie_A
12782,Woyo Coulibaly,18,843,0,0.08024511579424143,0,0.2964532244950533,4,4,2,0,D S,Sassuolo,0,0.08024511579424143,4.129455208778381,4.063479372300208,2025,Serie_A
12787,Daniel Mikolajewski,1,17,0,0,0,0,0,0,0,0,S,Parma Calcio 1913,0,0,0.017756761983036995,0.017756761983036995,2025,Serie_A
12857,Daniel Mosquera,22,565,0,1.0957419574260712,2,0.9883034899830818,16,5,1,0,F S,Verona,0,1.0957419574260712,1.611335415393114,0.4711602106690407,2025,Serie_A
12858,Daniele Ghilardi,22,1023,0,0.4785441756248474,0,0.32266006246209145,2,3,1,0,D S,Roma,0,0.4785441756248474,2.647365737706423,2.4145453609526157,2025,Serie_A
12872,Fisayo Dele-Bashiru,22,1052,0,0.5062498413026333,0,0.9213868714869022,8,9,0,0,M S,Lazio,0,0.5062498413026333,5.9075904712080956,5.120923576876521,2025,Serie_A
12880,Albert Grønbæk,4,96,0,0.03885722905397415,0,0.13219712674617767,1,2,1,0,M S,Genoa,0,0.03885722905397415,0.520349532365799,0.38815242052078247,2025,Serie_A
12885,Kialonda Gaspar,22,1826,0,0.7932648342102766,0,0,9,0,6,1,D S,Lecce,0,0.7932648342102766,2.6573333460837603,2.6573333460837603,2025,Serie_A
12958,Alessandro Marcandalli,30,2423,0,0.17312667332589626,2,0.6531431395560503,3,10,4,0,D S,Genoa,0,0.17312667332589626,3.5687707513570786,3.144017471000552,2025,Serie_A
12989,Jay Idzes,34,3009,0,0.2000958640128374,0,0.744381345808506,5,3,2,0,D,Sassuolo,0,0.2000958640128374,5.868906051851809,5.347237028181553,2025,Serie_A
13027,Gaby Jean,5,146,0,0,0,0,0,0,1,0,D S,Lecce,0,0,0.013622404076159,0.013622404076159,2025,Serie_A
13045,Eddy Kouadio,3,62,0,0,0,0.010842839255928993,0,1,0,0,S,Fiorentina,0,0,0.0972492191940546,0.08640637993812561,2025,Serie_A
13050,Ignace Van der Brempt,18,833,0,0.07576632499694824,1,0.8157258443534374,2,5,2,0,D S,Como,0,0.07576632499694824,3.6143974140286446,3.4221813455224037,2025,Serie_A
13061,Benjamín Domínguez,14,552,0,0.6471717953681946,3,0.26378877088427544,12,7,1,0,M S,Bologna,0,0.6471717953681946,2.346475001424551,1.5743254204280674,2025,Serie_A
13099,Rui Modesto,3,113,0,0.011328736320137978,1,0.44375765323638916,1,2,0,0,S,Udinese,0,0.011328736320137978,0.660630464553833,0.21687282621860504,2025,Serie_A
13237,Massimo Pessina,4,353,0,0,0,0,0,0,0,0,GK S,Bologna,0,0,0.30425481870770454,0.30425481870770454,2025,Serie_A
13313,Nicolás Valentini,19,1259,0,0.6203401209786534,0,0.5742030814290047,12,2,5,0,D S,Verona,0,0.6203401209786534,2.724985470995307,1.8092835042625666,2025,Serie_A
13331,Mathias Løvik,9,480,0,0.17995419446378946,0,0.14210548996925354,3,2,0,0,D S,Parma Calcio 1913,0,0.17995419446378946,0.5624273736029863,0.33162055909633636,2025,Serie_A
13342,Alessandro Romano,2,5,0,0,0,0,0,0,0,0,S,Roma,0,0,0.5332328081130981,0.5332328081130981,2025,Serie_A
13349,Lorenzo Venturino,12,224,0,0.30348428059369326,0,0.8655294105410576,5,7,0,0,M S,"Genoa,Roma",0,0.30348428059369326,1.4495499581098557,0.4311673007905483,2025,Serie_A
13386,Jacob Ondrejka,16,768,0,1.423084044829011,0,0.42585643753409386,20,5,2,0,F M S,Parma Calcio 1913,0,1.423084044829011,2.751455696299672,1.0622229920700192,2025,Serie_A
13395,Danilo Veiga,34,2848,0,0.258736458607018,1,0.7317779548466206,6,18,8,0,D S,Lecce,0,0.258736458607018,4.072583664208651,3.3936280477792025,2025,Serie_A
13401,Daniel Oyegoke,15,597,0,0.07673541456460953,0,0.10638538561761379,3,3,2,0,D S,Verona,0,0.07673541456460953,0.7224132418632507,0.5699822846800089,2025,Serie_A
13423,Al Musrati,17,801,0,0.16244213096797466,1,0.4103963738307357,8,7,4,1,M S,Verona,0,0.16244213096797466,1.4034569570794702,0.9848715346306562,2025,Serie_A
13443,Ivan Smolcic,26,1578,0,1.130530584603548,1,1.458752404898405,12,14,8,0,D S,Como,0,1.130530584603548,4.505601450800896,4.0033279694616795,2025,Serie_A
13447,Oliver Provstgaard,24,1382,0,0.6658837907016277,0,0.6627684766426682,6,4,3,0,D S,Lazio,0,0.6658837907016277,4.311880797147751,3.738589197397232,2025,Serie_A
13449,Victor Nelsson,36,3136,0,0.4518662616610527,0,0.05481526255607605,9,3,4,0,D S,Verona,0,0.4518662616610527,3.2677981462329626,3.12078929040581,2025,Serie_A
13453,Santiago Giménez,14,790,0,3.5292724147439003,0,0.17578115686774254,24,3,2,0,F S,AC Milan,0,3.5292724147439003,3.679218739271164,1.1985082384198904,2025,Serie_A
13478,Sebastian Otoa,11,649,0,0.08360771276056767,0,0,3,0,1,0,D S,Genoa,0,0.08360771276056767,0.08624056912958622,0.08624056912958622,2025,Serie_A
13479,Tobias Slotsager,8,435,0,0.13953347317874432,0,0,3,0,0,0,D S,Verona,0,0.13953347317874432,0.4186693364754319,0.4044773140922189,2025,Serie_A
13537,Joi Nuredini,1,1,0,0,0,0,0,0,0,0,S,Genoa,0,0,0,0,2025,Serie_A
13873,Nicolae Stanciu,4,181,0,1.0953040271997452,0,0.06268540117889643,5,2,0,0,M S,Genoa,0,0.3340051919221878,0.6643378371372819,0.34932435397058725,2025,Serie_A
13874,Owen Kouassi,4,231,0,0,0,0,0,0,0,0,D S,Lecce,0,0,0.33311519771814346,0.33311519771814346,2025,Serie_A
13876,Corrie Ndaba,14,533,0,0.12938065826892853,0,0.05122205801308155,2,2,0,0,D S,Lecce,0,0.12938065826892853,0.6001188587397337,0.5618049502372742,2025,Serie_A
13877,Matías Pérez,1,31,0,0,0,0.013819489628076553,0,1,0,0,D,Lecce,0,0,0.026254063472151756,0.012434573844075203,2025,Serie_A
13878,Olaf Gorter,2,27,0,0,0,0,0,0,0,0,S,Lecce,0,0,0.3341193124651909,0.3341193124651909,2025,Serie_A
13880,Luca Moro,14,181,0,0.8332867855206132,0,0.2611876428127289,6,1,1,0,F S,Sassuolo,0,0.8332867855206132,1.2077639698982239,0.12548460811376572,2025,Serie_A
13893,Martin Vitík,19,1320,0,0.7379880752414465,0,0.170901820063591,8,3,3,0,D S,Bologna,0,0.7379880752414465,1.804028332233429,1.5788080394268036,2025,Serie_A
13894,Torbjørn Heggem,25,2012,0,1.0151279531419277,0,0.050894595682621,11,2,0,1,D S,Bologna,0,1.0151279531419277,4.09966233279556,4.087641096673906,2025,Serie_A
13895,Ardon Jashari,12,555,0,0.24345169961452484,1,1.0659729093313217,7,8,0,0,M S,AC Milan,0,0.24345169961452484,2.8459921311587095,1.7716111838817596,2025,Serie_A
13899,Michele Collocolo,6,308,0,0.07672501634806395,0,0.1351211853325367,2,2,1,0,M S,Cremonese,0,0.07672501634806395,0.25151657313108444,0.03967037424445152,2025,Serie_A
13900,Dachi Lordkipanidze,1,27,0,0,0,0,0,0,0,0,S,Cremonese,0,0,0,0,2025,Serie_A
13932,Riccardo Braschi,2,105,0,0.1504717692732811,0,0,3,0,0,0,F S,Fiorentina,0,0.1504717692732811,0.19388015568256378,0.04340837989002466,2025,Serie_A
13937,Daniel Denoon,2,126,0,0,0,0,0,0,1,0,D,Pisa,0,0,0.012501907534897327,0.012501907534897327,2025,Serie_A
13940,Gabriele Piccinini,23,770,0,2.7856472432613373,0,1.4389822836965322,18,7,2,0,M S,Pisa,0,2.7856472432613373,4.237537015229464,0.690877191722393,2025,Serie_A
13942,Malthe Højholt,15,724,0,0.9494074806571007,0,0.15633810125291348,4,3,2,0,M S,Pisa,0,0.9494074806571007,1.3428571466356516,0.29630140867084265,2025,Serie_A
13943,Louis Buffon,4,24,0,0,0,0,0,0,0,0,S,Pisa,0,0,0.028428245335817337,0.028428245335817337,2025,Serie_A
13951,Tjas Begic,1,1,0,0,0,0,0,0,0,0,S,Parma Calcio 1913,0,0,0,0,2025,Serie_A
13956,Vakoun Bayo,14,415,0,1.3037413330748677,2,0.7309733182191849,13,3,0,0,F S,Udinese,0,1.3037413330748677,1.7221878161653876,0.30631089210510254,2025,Serie_A
13958,Lennon Miller,22,822,0,0.3062051609158516,2,1.201149731874466,9,11,3,0,M S,Udinese,0,0.3062051609158516,2.264722420834005,1.2458066623657942,2025,Serie_A
13960,Fallou Cham,6,225,0,0.343944251537323,0,0.5105274394154549,5,4,0,0,D S,Verona,0,0.343944251537323,0.884210005402565,0.0460183247923851,2025,Serie_A
13970,Cheveyo Mul,2,2,0,0.08480344712734222,0,0,1,0,0,0,S,AC Milan,0,0.08480344712734222,0.08480344712734222,0,2025,Serie_A
13980,Sascha Britschgi,28,2029,0,0.40998667664825916,2,2.0349949607625604,13,17,4,1,D M S,Parma Calcio 1913,0,0.40998667664825916,4.029804113321006,1.800847171805799,2025,Serie_A
13989,Antonio Arena,2,19,0,0.17717944085597992,0,0,2,0,0,0,S,Roma,0,0.17717944085597992,0.17717944085597992,0,2025,Serie_A
14005,Ioan Vermesan,4,58,0,0.04120469093322754,0,0,2,0,0,0,S,Verona,0,0.04120469093322754,0.08350729942321777,0.042302608489990234,2025,Serie_A
14019,Zé Pedro,22,1659,0,0.652819313108921,1,0.4578208215534687,5,3,5,0,D S,Cagliari,0,0.652819313108921,3.405117493122816,2.9533676020801067,2025,Serie_A
14020,Joseph Liteta,4,277,0,0,0,0,0,0,0,0,M,Cagliari,0,0,0.15396498143672943,0.15396498143672943,2025,Serie_A
14021,Benjamín Cremaschi,8,122,0,0.01805051788687706,0,0.012991123832762241,1,1,0,0,M S,Parma Calcio 1913,0,0.01805051788687706,0.04181977454572916,0.02882865071296692,2025,Serie_A
14039,Jan Ziólkowski,16,471,0,0,0,0.04126720130443573,0,1,2,0,D S,Roma,0,0,0.8011281378567219,0.8011281378567219,2025,Serie_A
14045,Tomás Esteves,1,11,0,0,0,0,0,0,0,0,S,Pisa,0,0,0,0,2025,Serie_A
14047,Isak Vural,13,644,0,0.6947958013042808,0,0.1692916788160801,5,3,4,0,M S,Pisa,0,0.6947958013042808,1.7596642281860113,1.113712964579463,2025,Serie_A
14065,Juan Rodríguez,15,1260,0,0.4777527842670679,0,0,2,0,3,0,D,Cagliari,0,0.4777527842670679,2.4835162796080112,2.455394271761179,2025,Serie_A
14085,Cas Odenthal,1,1,0,0,0,0,0,0,0,0,S,Sassuolo,0,0,0,0,2025,Serie_A
14104,Laurs Skjellerup,1,8,0,0.015537625178694725,0,0,1,0,0,0,S,Sassuolo,0,0.015537625178694725,0.015537625178694725,0,2025,Serie_A
14122,Pedro Felipe,1,1,0,0,0,0,0,0,0,0,S,Sassuolo,0,0,0,0,2025,Serie_A
14125,Francesco Coppola,7,454,0,0.09263791888952255,0,0,2,0,3,0,D S,Pisa,0,0.09263791888952255,0.18469596654176712,0.12535936757922173,2025,Serie_A
14140,Andréa Le Borgne,1,1,0,0,0,0,0,0,0,0,S,Como,0,0,0,0,2025,Serie_A
14156,Mattia Mosconi,1,10,0,0.09476051479578018,0,0,1,0,0,0,S,Inter,0,0.09476051479578018,0.18745996057987213,0.18745996057987213,2025,Serie_A
14157,Matteo Lavelli,1,6,0,0,0,0,0,0,0,0,S,Inter,0,0,0,0,2025,Serie_A
14342,Petar Ratkov,8,228,0,0.5318299345672131,0,0.018119147047400475,6,1,0,0,F S,Lazio,0,0.5318299345672131,0.43722137808799744,0.018939035013318062,2025,Serie_A
14347,Oumar Ngom,13,710,0,0.24077119678258896,0,0.1907979715615511,5,4,1,0,M S,Lecce,0,0.24077119678258896,0.8635345343500376,0.6190398037433624,2025,Serie_A
14348,Isaac,3,31,0,0,0,0,0,0,0,0,S,Verona,0,0,0.061270784586668015,0.061270784586668015,2025,Serie_A
14350,Rosen Bozhinov,8,529,0,0.05286925006657839,0,0.3310964051634073,2,4,1,1,D S,Pisa,0,0.05286925006657839,2.0046905875205994,1.6544118225574493,2025,Serie_A
14360,Luís Balbo,4,179,0,0,0,0.05555041879415512,0,1,0,0,D S,Fiorentina,0,0,0.2931538596749306,0.23760344088077545,2025,Serie_A
14380,Justin Bijlow,15,1309,0,0,0,0,0,0,0,0,GK,Genoa,0,0,1.8981813862919807,1.8981813862919807,2025,Serie_A
14381,Nils Zätterström,2,91,0,0,0,0,0,0,0,0,D S,Genoa,0,0,0,0,2025,Serie_A
14382,Eivind Helland,4,324,0,0,0,0.037956301122903824,0,2,2,0,D,Bologna,0,0,0.3384661599993706,0.30050986260175705,2025,Serie_A
14386,Juan Arizala,9,111,0,0.02714402973651886,0,0.13502967357635498,1,1,0,0,S,Udinese,0,0.02714402973651886,0.5363174248486757,0.3741437215358019,2025,Serie_A
14391,Edoardo Motta,9,810,0,0,0,0.046050235629081726,0,1,1,0,GK,Lazio,0,0,1.6419141478836536,1.6419141478836536,2025,Serie_A
14399,Agustín Albarracín,2,23,0,0,0,0,0,0,0,0,S,Cagliari,0,0,0.07803189009428024,0.07803189009428024,2025,Serie_A
14403,Sandro Kulenovic,12,283,0,0.8516389783471823,1,0.34132468327879906,5,5,2,0,F S,Torino,0,0.8516389783471823,1.305843759328127,0.21393070369958878,2025,Serie_A
14416,Andrias Edmundsson,13,1142,0,0.16177946515381336,0,0.02160303108394146,4,1,3,0,D,Verona,0,0.16177946515381336,1.021507441997528,0.8914124108850956,2025,Serie_A
14426,Alex Amorim,9,394,0,0.12713701650500298,0,0.28389644622802734,2,7,1,0,M S,Genoa,0,0.12713701650500298,0.43302488327026367,0.26945172250270844,2025,Serie_A
14433,Branimir Mlacic,6,151,0,0,0,0,0,0,2,0,D S,Udinese,0,0,0.04126841202378273,0.04126841202378273,2025,Serie_A
14444,Othniël Raterink,1,4,0,0,0,0,0,0,0,0,S,Cagliari,0,0,0.02366061322391033,0.02366061322391033,2025,Serie_A
14458,Mamedi Doucouré,1,7,0,0,0,0,0,0,0,0,S,Genoa,0,0,0,0,2025,Serie_A
14563,Wedtoin Ouedraogo,1,18,0,0,0,0,0,0,0,0,S,Genoa,0,0,0,0,2025,Serie_A
